unique_id,metric,SeasonalMBB,Jittering,Scaling,TimeWarping,MagnitudeWarping,TSMixup,DBA,original,qgts,qgtse,SeasonalNaive
ID0,mase,0.66067827,0.5594946,0.955364,0.65379936,0.5440844,0.528776,0.57943934,0.48192587,0.5306994,0.56348974,2.0234146
ID1,mase,1.2238697,0.98156816,1.2307153,1.2387547,0.77758926,1.0647095,0.2999681,0.9273983,0.9814093,0.9971359,1.7774295
ID10,mase,1.5568287,1.4975091,1.4139742,1.2895067,1.4338607,1.2618703,1.3358604,1.4586909,1.4118804,1.5189075,1.8304552
ID101,mase,1.5407919,1.5314025,1.6378344,1.0897909,0.8457755,1.4584104,1.4850368,1.2280293,1.2636093,1.3553011,7.6812987
ID102,mase,0.4436446,0.57383984,0.65390337,0.87661904,0.6405197,0.5328343,0.45863855,0.48997512,0.51087743,0.47075272,1.6502922
ID103,mase,0.29391304,0.60419524,0.32997718,0.82315004,0.30370858,0.36294144,0.6662187,0.48689973,0.5708031,0.57122624,2.0384614
ID104,mase,0.356678,0.51985836,0.7124396,0.4135072,0.34051752,0.5713529,0.35623705,0.42053437,0.3614988,0.3656454,3.302027
ID105,mase,0.27834964,0.2583695,0.14340417,0.25667644,0.22136168,0.17943843,0.27395734,0.19142617,0.21375705,0.34635177,1.8073021
ID107,mase,1.3198574,1.1873393,1.2095151,0.7660357,1.1015555,1.1157318,1.3432096,1.3383306,1.427613,1.3506578,2.9213116
ID108,mase,0.94288677,0.931575,0.7844344,1.1886914,0.8218244,0.751586,0.80371016,0.924385,0.888044,0.6347364,0.79044586
ID109,mase,4.6134167,4.535637,4.493512,4.612234,4.436069,4.515231,4.3005624,4.472593,4.4568944,4.4886637,4.5462613
ID110,mase,0.23029287,0.29750732,0.58625126,0.34830463,0.6439541,0.40416518,0.29127207,0.16520423,0.322937,0.31178284,0.49122807
ID111,mase,0.63695365,0.5468641,0.8037567,0.7246677,0.58905554,0.58760154,0.57723415,0.5175032,0.5471571,0.5157349,1.6375946
ID112,mase,0.4161128,0.47232234,0.60868734,0.896572,0.57527816,0.6507181,0.4171241,0.45964277,0.29317096,0.36957312,2.897561
ID113,mase,0.826599,0.820106,0.9579978,0.41489148,0.83115566,0.70181966,0.79481494,0.78736407,0.81076777,0.85165226,0.9585925
ID114,mase,1.3676302,1.6469467,1.4835292,0.59148425,1.1326432,1.3569378,1.0662752,1.4218739,1.3083924,1.3734643,2.2757685
ID115,mase,1.4905796,1.7019868,0.20816769,1.5145746,1.6711911,1.4611412,1.5531176,1.4929014,1.2309904,1.3858364,1.4956268
ID116,mase,0.102092616,0.06701712,0.06984258,0.04321396,0.030280612,0.08409455,0.1131155,0.14365008,0.13810916,0.12665883,1.3096288
ID117,mase,0.26581216,0.26357904,0.2727829,0.29409662,0.28555992,0.29773715,0.26693678,0.2563748,0.2832243,0.2811962,1.3030236
ID118,mase,0.16005598,0.12121866,0.15191448,0.07844485,0.16737327,0.12564467,0.1652893,0.1924809,0.21487714,0.19403583,1.0729381
ID119,mase,0.7442735,0.6140644,0.5957561,0.8458195,0.6681297,0.70302343,0.8047847,0.7444443,0.83075374,0.759903,1.7068273
ID12,mase,0.040814012,0.046212662,0.05948633,0.03719336,0.054526687,0.058251724,0.05061953,0.055468127,0.050630145,0.045833867,0.11320755
ID120,mase,0.24442123,0.1673106,0.039408997,0.2815128,0.10554112,0.14753419,0.24030289,0.17233357,0.35851312,0.29299805,2.8591032
ID121,mase,0.38758168,0.41086724,0.42469054,0.43808794,0.4713647,0.4120084,0.39697313,0.4116843,0.3942897,0.41359788,0.43619797
ID122,mase,0.39549568,0.41635993,0.44323668,0.3472078,0.42148006,0.39885896,0.35198247,0.4021872,0.34817737,0.3727655,1.1764195
ID123,mase,0.5946856,0.5038214,0.5160713,0.24207471,0.48868182,0.41508195,0.6092625,0.5818038,0.6749583,0.62375885,2.0938842
ID124,mase,0.33061317,0.34449348,0.26334134,0.31551382,0.3559263,0.29892272,0.2885141,0.29804116,0.2630278,0.3012228,0.602953
ID125,mase,0.8326713,0.6446213,0.540746,1.1907611,0.34477514,0.35434863,0.9529672,0.5993902,0.6668413,0.36917967,0.16764669
ID126,mase,1.4753686,1.5043546,1.7742071,1.5195489,1.4403217,1.3581113,1.4160806,1.466606,1.4160987,1.5106553,2.4829545
ID127,mase,0.4429255,0.49772823,0.45708263,0.38331944,0.37059483,0.41498747,0.4246154,0.38780823,0.36945352,0.4013107,2.4201362
ID128,mase,0.039880693,0.07784146,0.07009384,0.28922153,0.14607961,0.09399289,0.036910865,0.021925893,0.093427554,0.0668854,2.2648525
ID129,mase,0.3073055,0.17152956,0.25985783,0.15236193,0.1800972,0.2919383,0.33741987,0.3834274,0.418957,0.35246763,3.544681
ID13,mase,1.200957,1.2617986,1.0770521,1.244302,1.1251781,1.1057938,1.222433,1.3119686,1.183177,1.1657919,1.4522916
ID130,mase,0.16688845,0.2309232,0.19225305,0.222378,0.18232545,0.19482516,0.18458055,0.16128631,0.20240924,0.19931594,2.8455555
ID131,mase,0.03839958,0.08828472,0.059297603,0.045231353,0.061189417,0.025608784,0.029824905,0.013266016,0.021256702,0.017716508,1.3034129
ID132,mase,0.12717699,0.13825256,0.08489425,0.10810561,0.11558951,0.10146356,0.12674256,0.13877739,0.123988055,0.12557666,1.029176
ID133,mase,0.69276744,0.7158891,0.99178237,0.61077327,0.6881229,0.73090243,0.7074833,0.66198105,0.6773069,0.77918726,1.7207462
ID134,mase,1.5616845,1.4253039,1.3488182,1.2134358,1.3492422,1.1758006,1.5602775,1.4745136,1.7140603,1.6256526,3.1866133
ID135,mase,0.055932865,0.084274076,0.17334653,0.58874536,0.24166505,0.047731627,0.4096258,0.032015797,0.030778099,0.05076892,0.8353081
ID136,mase,0.53196704,0.63762903,0.4413829,0.57356983,0.4873534,0.51113987,0.36935696,0.5614018,0.49110505,0.56773144,0.35698783
ID137,mase,0.9716763,0.830735,0.6598209,0.4525439,0.658319,0.8295918,0.9408124,1.0056622,1.1180527,1.0514516,1.0893016
ID138,mase,0.3037401,0.36207727,0.31891736,0.35010442,0.3012258,0.32927623,0.3255478,0.29718128,0.3304363,0.33617023,2.3620977
ID139,mase,1.5083106,1.4975034,1.4861754,1.4461881,1.4387751,1.524732,1.678612,1.4734617,1.4953827,1.4874781,1.3930285
ID14,mase,0.7835771,0.8422912,0.75621134,0.8532833,0.7872259,0.81941247,0.73716956,0.8720056,0.8055745,0.77729475,0.4299994
ID140,mase,2.511455,2.4882495,2.8695903,3.3340352,1.7716402,2.4469402,3.3187447,2.584192,2.4183404,2.646509,0.5714286
ID141,mase,2.01009,2.460018,2.1372051,2.869549,1.8435411,1.867615,2.5828872,2.2347608,2.2978318,2.4070642,1.0826771
ID142,mase,0.22766995,0.2410149,0.37524423,0.13640657,0.18127467,0.22763492,0.13454722,0.30627477,0.20609355,0.22111231,0.8503401
ID143,mase,1.0618845,0.9154567,0.8669606,1.1759037,0.9780015,0.9918707,1.149566,1.0442932,1.1605291,1.0653834,1.574074
ID144,mase,1.57049,1.5625669,1.4853694,1.249733,1.377554,1.4632038,1.6056615,1.6980711,1.6567593,1.6679515,1.1627907
ID145,mase,0.41355288,0.3915563,0.28745654,0.360306,0.32959303,0.37590057,0.3815651,0.36924285,0.35179532,0.37006372,0.65575624
ID146,mase,0.5245685,0.6300479,0.4341409,0.5660994,0.48003194,0.5037773,0.36223936,0.5539524,0.4837771,0.5602711,0.3498916
ID147,mase,0.4442816,0.38750988,0.5125005,0.349222,0.39882818,0.41514903,0.3660913,0.4120817,0.4302143,0.41470954,0.6132707
ID148,mase,0.07310593,0.1022507,0.18138918,0.11587749,0.13707297,0.11012728,0.18558098,0.084483206,0.12860225,0.0680835,0.15455092
ID149,mase,0.10453181,0.12688465,0.13827412,0.13051362,0.059318997,0.13948955,0.18231612,0.14198594,0.12720513,0.122920655,0.13126473
ID15,mase,1.463167,1.3983539,1.4336575,1.2393582,1.4001648,1.4022001,1.418313,1.4718622,1.4599482,1.5225531,1.8256366
ID150,mase,0.13642922,0.060027145,0.21547578,0.18018764,0.21161197,0.13108672,0.32645136,0.12697755,0.187376,0.12027988,0.20503615
ID151,mase,0.19162434,0.16501348,0.23507121,0.21479267,0.20931764,0.19484833,0.22048682,0.19835596,0.22088553,0.19250254,0.14474365
ID152,mase,0.41792622,0.3964663,0.43568915,0.36351368,0.4463177,0.39602438,0.3902184,0.3858708,0.3862949,0.4032371,0.46729
ID153,mase,0.6569199,0.7292405,0.6542841,2.835533,1.7812563,1.6907007,1.0799602,1.152201,0.6912653,0.5061495,2.8177965
ID154,mase,0.6391461,0.51313114,0.60724455,1.5458435,0.11154581,0.31149307,1.1422752,0.6229447,0.59407187,0.67962426,1.3285024
ID155,mase,0.90384,0.2150327,0.9340149,1.207777,0.4646823,0.82429343,1.2230581,0.10791586,0.6776502,0.46809867,0.8336815
ID156,mase,1.4753686,1.5043546,1.7742071,1.5195489,1.4403217,1.3581113,1.4160806,1.466606,1.4160987,1.5106553,2.4829545
ID157,mase,1.0774753,1.0256777,0.94198364,0.5892297,0.87343615,0.8779722,1.07134,1.1244364,1.1784927,1.1447767,1.7381536
ID158,mase,1.043398,1.0177491,0.953413,0.7107412,0.89384013,0.9114729,1.0443842,1.1048509,1.1207488,1.1100701,0.95053196
ID159,mase,0.05533893,0.029221121,0.05020557,0.23394021,0.09622162,0.045553092,0.058738936,0.07839026,0.088998474,0.06549016,2.0414534
ID16,mase,1.8137418,1.5786619,1.8938731,1.5685084,1.6074947,1.5723257,1.5817579,1.6858903,1.701635,1.602691,2.4200675
ID160,mase,1.1269964,0.95491683,0.8317181,0.63163865,0.79428625,0.9939106,1.0890608,1.1450926,1.2251241,1.1964461,0.7446038
ID161,mase,0.7455147,0.7261193,0.6702471,0.45553175,0.5667753,0.6596535,0.77302915,0.8537949,0.81929386,0.82256854,1.7895588
ID162,mase,1.3377742,1.2729666,1.5164497,2.3672478,0.6437946,1.0115294,2.0520396,1.3645533,1.2865419,1.4439063,0.75376886
ID163,mase,1.5982555,1.4407045,1.7351922,2.498888,0.8075375,1.3992116,2.2779167,1.5718334,1.4265727,1.6116295,0.3829787
ID164,mase,2.904477,2.7026494,2.6915429,2.6881087,2.6072931,2.764196,2.4212236,2.6564827,2.726415,2.673443,3.0069637
ID165,mase,0.36607888,0.37067243,0.27416733,0.2226429,0.34457996,0.3659908,0.30631253,0.38500538,0.3403355,0.34963232,0.3997599
ID166,mase,2.0382464,2.0808575,1.9576856,2.0747676,1.9369037,2.00182,1.9550185,2.0042717,1.999508,1.9569103,1.9655173
ID167,mase,1.9063991,1.9709116,1.9355094,1.8841215,1.9172322,1.8897147,1.895163,1.8745106,1.8538213,1.8790679,3.536042
ID168,mase,0.15622717,0.1357037,0.14313708,0.25256315,0.26028597,0.17683661,0.17089334,0.20838408,0.2123071,0.19074628,1.2620192
ID17,mase,1.3649707,1.2941805,1.3543452,1.3708909,1.4153485,1.3933084,1.3879284,1.4243833,1.4495791,1.4098808,0.93955517
ID173,mase,0.3683232,0.37399662,0.3778258,0.422427,0.3764111,0.3513089,0.35675,0.37229952,0.36791894,0.3682037,0.38770822
ID174,mase,0.18637054,0.20028992,0.27905348,0.19357333,0.1681837,0.21302453,0.19135931,0.18901388,0.1827239,0.18778226,1.0432191
ID175,mase,0.2426337,0.25436175,0.25072137,0.20274018,0.22581796,0.2364697,0.2258247,0.24174526,0.23934935,0.24260911,0.27427596
ID176,mase,3.0441856,2.7436888,2.8643234,2.6752262,2.5844069,2.8374474,2.1027296,2.607269,2.716897,2.6933758,3.3308551
ID177,mase,0.32629332,0.36043182,0.3303635,0.39851862,0.3993103,0.37017298,0.32283017,0.34316364,0.4190616,0.3820752,0.9008314
ID178,mase,0.030565383,0.079413354,0.08741369,0.10388272,0.08608121,0.06559657,0.17754862,0.099533096,0.037875876,0.06755899,0.07614206
ID179,mase,0.03235309,0.11205048,0.08570939,0.15986642,0.057630662,0.27790132,0.244998,0.100799784,0.10330708,0.09841065,0.5786026
ID18,mase,1.3157406,1.2703913,1.3046142,1.34832,1.3084109,1.2680446,1.2928917,1.2768211,1.2694986,1.2687689,1.5177279
ID180,mase,0.07871175,0.047215946,0.24976544,0.13809054,0.5916007,0.08751199,0.06242869,0.068779774,0.12995386,0.16194874,1.535254
ID181,mase,1.601906,2.0503209,2.2305675,2.3953495,2.2491896,2.352453,1.9926045,2.1171236,1.9613721,1.8691473,5.72165
ID182,mase,0.038909826,0.061245598,0.49502367,0.052255724,0.62654877,0.10681393,0.12446633,0.2029517,0.14630832,0.27076915,2.7380283
ID183,mase,0.39235365,0.4313637,0.80555344,0.6116976,0.14555101,0.31039962,0.23196107,0.26513466,0.35999903,0.2964879,2.999998
ID184,mase,0.6739416,0.5715721,0.46245,0.73786795,0.30581564,0.4217366,0.42323524,0.5232643,0.44640645,0.5644947,2.8151262
ID185,mase,1.5411574,1.7009937,1.5412112,1.6374853,1.6300975,1.9561801,1.310773,1.5910963,1.4108927,1.2770582,2.4489794
ID186,mase,0.23495266,0.26576996,0.26478904,0.29791695,0.24159569,0.2782413,0.29366902,0.26817322,0.259958,0.2528872,0.35714287
ID187,mase,0.8715233,1.0749862,0.8629978,0.21313073,0.85477203,0.8773287,0.75932467,1.0209078,0.8787493,0.74433434,0.8241758
ID188,mase,3.6359763,3.7285502,3.1758485,5.2870607,4.8491716,4.6020446,4.188667,4.110903,3.841863,3.5976853,0.95864654
ID189,mase,0.1569255,0.0960972,0.20008917,0.08922568,0.12232463,0.11747609,0.11971423,0.10508938,0.1337337,0.116591066,0.37439597
ID19,mase,0.59573203,0.54560274,0.6808106,0.51478744,0.621549,0.5053409,0.49942347,0.5901375,0.54307604,0.54293,2.1662853
ID192,mase,2.7234752,2.725828,2.5723853,3.26656,2.1999905,2.5495088,2.97528,2.637912,2.591966,2.4753454,0.91463417
ID193,mase,2.7660637,2.9387078,2.648336,2.5937545,2.270376,2.8558862,1.7758423,2.8110836,2.641733,2.8599122,1.374868
ID194,mase,0.6440422,0.7502528,1.0234362,0.5927826,0.6787719,0.6093544,0.6986028,0.6864657,0.6921742,0.7722656,2.1226304
ID195,mase,2.492531,2.513499,2.3373053,2.1436882,2.4215605,2.5398653,2.5766196,2.527908,2.4315846,2.4423804,2.10476
ID196,mase,0.5065027,0.5449474,0.5775352,0.79261076,0.55616105,0.6174148,0.50222254,0.57011634,0.5987919,0.5874095,0.33703357
ID197,mase,0.11373157,0.14535178,0.12583466,0.1505148,0.11290378,0.13200836,0.12829666,0.10253372,0.13883229,0.14072418,1.925
ID198,mase,0.6119652,0.64778256,0.6650094,0.7275581,0.6969961,0.65111184,0.6192652,0.6131133,0.58784086,0.5829502,1.1333333
ID199,mase,2.793956,2.4634764,2.6129177,2.1188574,2.3304749,2.7534082,2.8646557,2.5058815,2.4906335,2.615891,2.4128654
ID2,mase,1.62546,1.5139844,1.5620114,2.0564334,1.1477637,1.5925531,1.8809725,1.6587698,1.5086181,1.3308707,1.233998
ID20,mase,2.139789,2.0591133,2.0880067,2.0422134,2.0325825,2.0737944,1.9047416,2.022222,2.0468893,2.0422623,2.1860843
ID200,mase,1.8983142,2.0282395,2.2231064,2.6160502,2.2439697,2.123925,1.9258155,1.8543265,1.6534561,1.7576759,5.0329757
ID201,mase,0.89727795,0.8508659,0.79268026,0.5212512,0.7457255,0.7386108,0.89268726,0.91514236,0.96910596,0.93680906,1.2861842
ID202,mase,0.32590538,0.23598866,0.3441903,0.110536635,0.22252807,0.21793433,0.21112019,0.27790645,0.26824042,0.26665175,0.69105685
ID21,mase,0.2879257,0.28461656,0.4347354,1.1065246,0.38624626,0.39292288,0.38540787,0.38246375,0.18614867,0.29322103,0.5606472
ID22,mase,3.1690845,3.014512,2.951195,2.2950034,2.6006966,2.977502,3.2346563,3.4511774,3.3852005,3.3444333,5.221981
ID23,mase,1.3245203,1.4147608,1.4353638,1.4665649,1.1761302,1.5890273,1.1326373,1.3392891,1.4671103,1.3035196,2.5647058
ID24,mase,1.4218448,1.2285867,1.7714112,1.3320266,1.2774255,1.2559919,1.2991045,1.2339393,1.1914518,1.3430746,3.026011
ID25,mase,1.2799108,1.1059445,1.5945818,1.1990585,1.1499081,1.130614,1.1694229,1.1107627,1.0725166,1.2090038,2.723943
ID26,mase,1.1645294,0.96420074,1.0288479,0.94719493,1.028844,0.98625004,0.9646489,0.81697553,1.0246948,1.2081523,2.1117053
ID28,mase,2.4561462,2.6963813,2.7359717,2.3179903,2.1210315,2.6869583,2.5315652,2.466436,2.7542524,2.4178028,3.0583684
ID29,mase,1.2580978,1.2888478,1.0716162,1.4140911,1.3397588,1.2751131,1.3649086,1.3276496,1.3240999,1.308686,0.52228415
ID3,mase,4.1631317,3.972049,3.5659559,2.9292932,3.9267306,4.3750625,4.813295,4.1357827,3.9368296,3.9686625,2.7211468
ID30,mase,2.132355,2.2257247,2.099054,2.163449,2.2430365,2.422392,2.283837,2.2282884,2.4102721,2.2467957,1.7541614
ID31,mase,0.7864827,0.73790276,0.83968985,0.71772844,0.84489137,0.846803,0.7290538,0.680955,0.7868702,0.7855065,1.3923999
ID32,mase,1.170042,1.1097356,1.1492963,1.2431134,1.3090048,1.0771838,1.0779129,1.1206653,1.1272463,1.1726071,0.9528595
ID33,mase,2.4297354,2.5217588,2.883713,1.9694481,2.226872,2.6093512,2.1416557,2.68875,2.421003,2.6538565,3.9078948
ID34,mase,0.45486942,0.35235873,0.6997121,0.32696283,0.1718311,0.59650904,0.2112747,0.30151215,0.24061933,0.32765964,1.2067039
ID35,mase,0.68811435,0.61346525,1.3543957,0.6333377,0.5644376,0.6396671,0.61856645,0.6665955,0.7539982,0.7220211,2.2772276
ID36,mase,0.8113606,1.2033547,0.6886551,1.3420568,1.2088225,1.2019866,1.1371292,1.0360161,0.996257,1.0320666,0.5676745
ID37,mase,1.8489465,1.4363948,1.6102456,1.2839267,1.6966565,1.8624943,2.0561411,1.5007621,1.724194,1.7944078,1.29101
ID38,mase,0.49160963,0.4300173,0.5140351,0.611693,0.5533348,0.46283886,0.67838526,0.4538586,0.5505611,0.48743653,0.8505703
ID39,mase,0.8990663,0.75719374,0.84262705,0.5751698,0.50527906,0.8077658,0.9217007,0.7251612,0.80366546,0.76856023,0.9867602
ID4,mase,1.03226,0.9490253,1.0033872,0.96144545,1.0211306,0.99625576,1.005927,1.04081,0.98803514,0.98790616,3.28451
ID40,mase,1.1663407,1.1838988,1.494786,1.2358518,1.195147,1.256782,1.2511109,1.2153593,1.1682435,1.1736579,1.9982201
ID41,mase,0.24838772,0.26548466,0.44024998,0.3609789,0.049681365,0.17854679,0.13231961,0.1795454,0.21941274,0.13607828,1.448036
ID42,mase,1.2958648,1.564674,1.58794,2.1195474,1.0155638,1.5312395,1.8973646,1.6404492,1.495415,1.516651,0.64435786
ID43,mase,0.032846432,0.22054121,0.2979362,0.9832977,0.28263792,0.056772813,0.661905,0.13865034,0.09192308,0.25309682,1.6763848
ID44,mase,0.8412475,0.81968176,0.68369097,0.7706479,0.8548691,0.838322,0.89531493,0.7881174,0.8596575,0.71638244,0.4166667
ID45,mase,0.11797948,0.10602514,0.08181366,0.060405582,0.10937965,0.06324216,0.09489258,0.12922205,0.14932954,0.14806737,0.5273433
ID46,mase,2.468451,2.110725,1.895047,2.783854,2.3062093,2.4424212,2.791915,1.9225608,2.407207,2.3167484,1.2773722
ID47,mase,0.8871422,0.9139051,1.1644155,1.6271353,0.4262386,0.8995263,1.4376544,0.96607435,0.8543942,1.0051086,0.41269842
ID48,mase,1.3565601,1.3046182,0.31217024,1.2864136,1.4403111,1.351623,1.4086038,1.3706267,1.0887545,1.080269,1.3541666
ID49,mase,0.988657,1.2271533,1.3959966,2.196349,1.0350109,1.0753791,1.8338836,1.1101557,1.0225362,1.0746726,1.2055137
ID5,mase,0.59568346,0.5455533,0.6808325,0.51474285,0.6214929,0.50529766,0.49940425,0.5900696,0.5430594,0.54290867,2.166205
ID50,mase,0.5309171,0.5397565,0.55958897,0.54116654,0.51825064,0.54963684,0.54184127,0.5020294,0.50502634,0.50707555,1.0
ID51,mase,1.4679942,1.5213264,1.3209163,1.6875658,1.5554559,1.5510858,1.6044072,1.5350502,1.5913296,1.5117891,0.95744675
ID52,mase,1.4689535,1.4250946,2.0550864,1.2284106,1.167894,1.4534032,1.3137883,1.4584124,1.6282547,1.4352083,3.28125
ID53,mase,0.32277364,0.18303159,0.77624124,0.37462324,0.1317318,0.07412199,0.20410447,0.13320982,0.2897529,0.109801516,1.7460316
ID54,mase,0.8435646,0.6081343,1.746792,0.2911371,1.0297164,0.917871,0.48348516,0.8926374,1.1096699,0.8922003,2.242268
ID55,mase,3.896785,4.033221,3.8920717,4.2931776,3.9007256,3.9053626,4.1039395,3.9939678,4.1217165,4.0328336,2.923946
ID56,mase,1.223675,0.9753105,0.6220775,1.7428583,1.5516881,0.86588335,1.5842804,1.1799101,1.0907973,1.031017,0.91397774
ID57,mase,1.8137181,1.5786505,1.893849,1.5684898,1.6074835,1.5723087,1.5817354,1.6858721,1.7016168,1.6026739,2.420024
ID58,mase,1.333737,1.0386119,1.1428037,1.108996,0.67184067,0.9172426,0.8786867,0.7544865,0.99487007,0.9461072,1.3606694
ID59,mase,0.2879257,0.28461656,0.4347354,1.1065246,0.38624626,0.39292288,0.38540787,0.38246375,0.18614867,0.29322103,0.5606472
ID60,mase,2.3149817,2.3552213,2.4536588,2.310701,2.3475575,2.3183024,2.3424995,2.3337028,2.3305347,2.3587756,2.8290734
ID61,mase,0.96469605,0.97936106,0.84265906,1.0275879,0.99226695,0.985829,1.0308152,0.9905977,1.0102625,1.0085801,0.6934673
ID62,mase,0.6214954,0.5478033,0.4073214,0.6401801,1.266921,0.65298533,0.60287815,0.6251092,0.71929586,0.7641957,1.5276753
ID63,mase,1.226272,1.487657,1.172596,1.2707618,1.2610517,1.5016869,1.4110464,1.4663398,1.2523293,1.3239844,0.21714157
ID64,mase,0.86431116,0.8556229,0.73442906,0.693717,0.8224811,0.80104923,0.8532105,0.85820043,0.9369191,0.89444536,0.73684216
ID7,mase,1.5566583,1.497325,1.4138187,1.2893484,1.4337146,1.2617155,1.3357291,1.4585142,1.4117327,1.5187597,1.8302919
ID71,mase,0.20211206,0.19692093,0.22746089,0.27027968,0.26286286,0.22045577,0.17716847,0.15299037,0.17127405,0.16451335,1.1241829
ID77,mase,0.05379814,0.033483364,0.031477664,0.07242679,0.04128635,0.030142885,0.070680626,0.10754243,0.091628365,0.08875312,1.3378868
ID78,mase,0.16434418,0.20066708,0.28451362,0.2603933,0.1635741,0.21586579,0.14031029,0.24442102,0.22622384,0.18888761,0.22193076
ID79,mase,0.16985343,0.20780054,0.21533386,0.36736646,0.28594628,0.2175777,0.16041835,0.12000744,0.14267011,0.13968274,1.9231812
ID8,mase,0.53046143,1.0283581,0.8853777,0.57776153,0.33554715,1.0419433,1.4440693,0.9887334,0.8652456,0.80528134,0.7216747
ID80,mase,0.07532427,0.11736685,0.085256115,0.07389633,0.030103615,0.056369033,0.05726964,0.029807342,0.062450897,0.066877715,1.8460575
ID81,mase,0.47595862,0.50921994,0.5949267,0.47090423,0.6481398,0.5981532,0.41608804,0.5697803,0.5295433,0.5705688,1.0375717
ID82,mase,0.5440938,0.66049796,0.7785041,0.4619967,0.59549534,0.62799466,0.43009746,0.5895379,0.4527268,0.5648104,2.6438124
ID83,mase,0.754373,0.82176936,1.1933354,0.70993286,0.78453183,0.79523087,0.60035276,0.82841724,0.6388203,0.74021167,3.0711172
ID84,mase,0.50000954,0.4623694,0.78292805,0.4120111,0.35109428,0.43531856,0.4713685,0.44822076,0.45969182,0.4551877,1.6303631
ID85,mase,3.797033,3.871021,3.5908291,4.2947254,3.8334758,3.846164,4.1108713,3.8014839,4.221982,4.0186076,1.0492228
ID86,mase,3.7758892,3.8442025,4.7443643,3.7274747,3.6212754,3.8068926,3.6767046,3.7984002,4.030656,3.9227755,6.216418
ID87,mase,0.5094166,0.43316162,0.37146366,0.6145721,0.5045678,0.45554754,0.57588345,0.5184078,0.56549656,0.5027929,1.1665987
ID88,mase,0.61065334,0.85635275,0.891049,1.793937,0.5412842,0.70287067,1.4892008,0.72202384,0.6749642,0.81581384,1.1045752
ID89,mase,1.0472193,1.1754656,1.0584221,0.9551269,1.4094142,1.2129351,1.7948735,1.2649345,1.2710874,1.3017222,0.688405
ID9,mase,1.7157408,1.6075705,0.9546773,1.0319117,1.3025924,1.434379,1.7022634,1.7309992,2.0927405,1.8305506,2.6258903
ID90,mase,0.6285656,0.61327493,0.60289276,0.6181535,0.6163341,0.6183471,0.6731227,0.61755943,0.6381076,0.62953454,2.0514135
ID99,mase,0.630306,0.59501475,0.54759645,0.44110984,0.56860214,0.6008848,0.6279344,0.61580634,0.6054023,0.6164079,0.44457856
ID0,smape,0.32330036,0.2916722,0.39839292,0.3183781,0.2834497,0.2798668,0.29648423,0.26494527,0.2798427,0.2924561,0.582232
ID1,smape,0.03522423,0.028449032,0.035391603,0.035641175,0.02266113,0.030779801,0.0088686105,0.026923232,0.028444264,0.028867647,0.05035425
ID10,smape,0.08119313,0.078339435,0.07398249,0.06751248,0.07482974,0.0661087,0.07010126,0.07623665,0.07382612,0.07934659,0.0952381
ID101,smape,0.01581524,0.01571692,0.016830474,0.011119771,0.008635867,0.014952362,0.015224934,0.0125804925,0.012920931,0.013869885,0.08416291
ID102,smape,0.009909468,0.012903415,0.014730887,0.019962,0.014427854,0.01194799,0.010238083,0.010953248,0.0114331385,0.010514462,0.038541503
ID103,smape,0.01020397,0.020540379,0.011481157,0.027794566,0.010545229,0.012656182,0.022602953,0.01667809,0.019455919,0.019476665,0.07479355
ID104,smape,0.009422831,0.013645211,0.018603427,0.010944466,0.008917036,0.015046513,0.009559175,0.010946076,0.009678696,0.009678489,0.09579012
ID105,smape,0.0067610038,0.0063208872,0.0034639116,0.0064575807,0.0055824677,0.004493391,0.0067851255,0.0045912815,0.0051484155,0.008418266,0.047724474
ID107,smape,0.026762303,0.024152907,0.024583206,0.015744865,0.022464123,0.02275018,0.027219739,0.027117362,0.028917454,0.02739064,0.06490578
ID108,smape,0.046949644,0.046538394,0.039633885,0.058510326,0.0410668,0.03804334,0.040361457,0.04626154,0.04449689,0.03223025,0.039282326
ID109,smape,0.31314915,0.3100251,0.3091793,0.31386796,0.30636063,0.30943558,0.30343655,0.30814064,0.30805346,0.3080125,0.308668
ID110,smape,0.014179379,0.018245148,0.036531746,0.019964572,0.039940998,0.025177807,0.01823876,0.010327719,0.020258065,0.0204542,0.025547445
ID111,smape,0.023451068,0.02000614,0.02985716,0.026720097,0.021584297,0.021574683,0.021217976,0.018820178,0.020116527,0.018745968,0.063951194
ID112,smape,0.008446289,0.009590334,0.012405284,0.018353367,0.011696674,0.013249442,0.008471984,0.0093356725,0.005930788,0.0074919285,0.0619185
ID113,smape,0.07706333,0.07649106,0.09008656,0.037039366,0.07747583,0.0646631,0.07384322,0.07316707,0.07560216,0.07949233,0.09106314
ID114,smape,0.05298827,0.064363465,0.057498224,0.021800632,0.043160625,0.052317917,0.040476836,0.0549851,0.0502705,0.053243294,0.092621416
ID115,smape,0.029210981,0.03323008,0.0041695195,0.029583815,0.032624885,0.028543165,0.0302856,0.029212996,0.024267372,0.02721468,0.031229775
ID116,smape,0.0020662588,0.0013602225,0.0014162399,0.0008740647,0.0006157588,0.001705199,0.002288532,0.0029031155,0.0027976162,0.0025639692,0.027297128
ID117,smape,0.0051064827,0.00505934,0.0052380427,0.005640805,0.0054841023,0.0057163574,0.0051286034,0.0049245185,0.005445512,0.005404629,0.025651325
ID118,smape,0.0038846005,0.002941847,0.0036895024,0.0019062295,0.0040634647,0.0030532654,0.004013492,0.00466641,0.0052131116,0.004709815,0.02690771
ID119,smape,0.01524215,0.012612203,0.012240625,0.017294466,0.013706148,0.0144128725,0.016455004,0.01524771,0.016984858,0.015559242,0.036951285
ID12,smape,0.0029218923,0.0033069705,0.0042566983,0.002651398,0.003901253,0.004168122,0.0036216117,0.0039692903,0.0036227086,0.0032802583,0.008152089
ID120,smape,0.0050675003,0.003479529,0.00082235155,0.005864979,0.0022132741,0.0030580736,0.0049757934,0.0035830417,0.0074196113,0.006070599,0.06325111
ID121,smape,0.008661862,0.00918637,0.009497177,0.009800888,0.010553897,0.009212253,0.008872925,0.009205271,0.008811954,0.009247746,0.009761629
ID122,smape,0.009452667,0.009956,0.010606292,0.0082854815,0.01008012,0.0095331585,0.008406044,0.009613215,0.008310459,0.008903362,0.028697021
ID123,smape,0.011196467,0.009499351,0.0097294245,0.004587236,0.009223993,0.007847692,0.011467235,0.010953258,0.0126993805,0.01174468,0.041628893
ID124,smape,0.014126604,0.014729654,0.011243712,0.013480016,0.015238272,0.012747419,0.012303838,0.012708275,0.0112062525,0.012845275,0.025256462
ID125,smape,0.026880313,0.021259356,0.017930381,0.038403563,0.011470288,0.011964737,0.030411694,0.019894902,0.021936683,0.012209313,0.0057345387
ID126,smape,0.028686805,0.029254545,0.03470022,0.029574377,0.027983248,0.026348852,0.02751018,0.028506244,0.027492762,0.029399462,0.04933955
ID127,smape,0.005915285,0.0066511575,0.0061051743,0.0051092524,0.004941792,0.005537213,0.005667027,0.0051738434,0.0049237683,0.0053522517,0.033285584
ID128,smape,0.00083367276,0.0016196703,0.0014607024,0.006082051,0.0030539092,0.0019564168,0.0007735884,0.00046546446,0.0019687228,0.0014056391,0.04991401
ID129,smape,0.007985657,0.004529027,0.0067917863,0.0040030065,0.004747984,0.0076262318,0.008764046,0.009921634,0.010888102,0.009174356,0.101796746
ID13,smape,0.036203805,0.037992146,0.032616325,0.037421532,0.03401617,0.033465084,0.036842875,0.03939355,0.035689846,0.03521951,0.04483328
ID130,smape,0.0036036847,0.0049813446,0.0041479883,0.004837226,0.003948733,0.0042264545,0.003998226,0.0035010541,0.004410948,0.0043301783,0.06615961
ID131,smape,0.0005668183,0.0013024054,0.0008745907,0.00066592457,0.00090254913,0.00037696585,0.00043983106,0.00019582991,0.00031374453,0.00026045926,0.01961017
ID132,smape,0.0030516116,0.0033167095,0.0020369058,0.0025961732,0.002773376,0.002435608,0.003042479,0.0033267578,0.002972693,0.0030101335,0.025321888
ID133,smape,0.008140555,0.0084148245,0.01169689,0.007169855,0.008085428,0.00859265,0.008315496,0.007776425,0.007957274,0.009165948,0.020475017
ID134,smape,0.14571618,0.1351653,0.1292294,0.121825136,0.1298717,0.11662901,0.14534993,0.1389594,0.15774369,0.15089174,0.49095732
ID135,smape,0.0022957167,0.003386783,0.0070253117,0.023329834,0.009711405,0.0018690645,0.01638249,0.0013037468,0.0012696909,0.0020182023,0.034888104
ID136,smape,0.015503628,0.018497456,0.012953865,0.016714083,0.0142564755,0.014927098,0.010897186,0.016339004,0.0143634835,0.016517296,0.010413412
ID137,smape,0.026381314,0.022664845,0.01806847,0.012472776,0.018056307,0.022638697,0.025566716,0.027286798,0.030265942,0.028496938,0.03155841
ID138,smape,0.011373563,0.0134631675,0.011897352,0.013166875,0.011347384,0.012329961,0.012190235,0.011186904,0.01242049,0.012599573,0.09552927
ID139,smape,0.060119294,0.059716813,0.05931863,0.057778247,0.057526596,0.060726125,0.0664393,0.05881828,0.059644744,0.059367415,0.055762593
ID14,smape,0.030903747,0.03329753,0.029805012,0.03380327,0.031036602,0.032359757,0.028985476,0.03451166,0.03180332,0.030645957,0.016997293
ID140,smape,0.08248678,0.082562074,0.09444008,0.108527765,0.059785888,0.08097315,0.10799196,0.08516522,0.07959782,0.0866495,0.017534524
ID141,smape,0.044064313,0.053600535,0.046910156,0.062136054,0.040620428,0.04135123,0.056279887,0.04888279,0.05017679,0.052460913,0.025816295
ID142,smape,0.0032058186,0.0033970387,0.0052719456,0.0019178377,0.0025510262,0.0031950022,0.0018909944,0.0043144943,0.0028967047,0.0031141518,0.012078978
ID143,smape,0.0233109,0.020165853,0.019120324,0.025754537,0.021510635,0.021812197,0.025173452,0.022935968,0.025417699,0.023386091,0.036823444
ID144,smape,0.054951653,0.05471014,0.052127577,0.044288814,0.048564903,0.05141364,0.056115933,0.05912698,0.05785089,0.05818827,0.0455164
ID145,smape,0.0054912544,0.005204872,0.0038258336,0.0048070485,0.0043848534,0.004995535,0.0050668987,0.0049050814,0.0046750675,0.004916058,0.008818438
ID146,smape,0.015307856,0.018301703,0.012758098,0.016518334,0.01406071,0.01473133,0.010701416,0.016143236,0.014167717,0.016321527,0.01021759
ID147,smape,0.008857122,0.0077098855,0.010232878,0.006938184,0.007939773,0.008269178,0.0072825123,0.008207096,0.008572356,0.008260265,0.0122858565
ID148,smape,0.0016858127,0.0023473846,0.004135885,0.0026643774,0.0031251532,0.002519548,0.004240975,0.0019395095,0.0029469002,0.0015726486,0.0035627964
ID149,smape,0.0030254866,0.0036737572,0.004023588,0.0038123913,0.0017143415,0.004042567,0.005300996,0.0041113375,0.003684003,0.003558645,0.003876799
ID15,smape,0.12379173,0.11886963,0.12228698,0.108822905,0.120469905,0.12052202,0.12023407,0.1235565,0.123347126,0.1275612,0.18607293
ID150,smape,0.0026241043,0.0011526467,0.0041259546,0.0034689496,0.004057865,0.0025044712,0.0062780655,0.0024271875,0.0035861302,0.002297464,0.0039716954
ID151,smape,0.004923989,0.0042449855,0.0060202694,0.005512449,0.005361665,0.0049966117,0.0056521245,0.0050870534,0.0056606885,0.0049337493,0.0037054815
ID152,smape,0.029909268,0.028319698,0.03124577,0.02578214,0.032027304,0.028268661,0.027864564,0.027519535,0.02757379,0.02881663,0.033468068
ID153,smape,0.016476383,0.018619321,0.01650893,0.06744751,0.04348399,0.041474912,0.027153224,0.02881434,0.017613467,0.012706241,0.07873299
ID154,smape,0.011700882,0.009650366,0.0114619145,0.028214833,0.002085961,0.005942573,0.021162761,0.011504232,0.010816621,0.0124509595,0.025241546
ID155,smape,0.017082741,0.004202243,0.018197611,0.0235629,0.0093550775,0.016259966,0.023615073,0.0020632707,0.013398709,0.009265717,0.017585896
ID156,smape,0.028686805,0.029254545,0.03470022,0.029574377,0.027983248,0.026348852,0.02751018,0.028506244,0.027492762,0.029399462,0.04933955
ID157,smape,0.041051935,0.039182745,0.036052916,0.022949189,0.033600725,0.033756837,0.040821053,0.04273478,0.044783715,0.043529153,0.07460907
ID158,smape,0.032603852,0.031837136,0.029867385,0.02246755,0.028081847,0.028612684,0.032632805,0.034444846,0.034958392,0.0346251,0.03185969
ID159,smape,0.0012805744,0.0006846243,0.0011770059,0.0054840096,0.002250623,0.0010670231,0.0013581574,0.0018062238,0.0020709224,0.0015178106,0.05004563
ID16,smape,0.09728214,0.083545834,0.10190007,0.08292985,0.085205376,0.08319732,0.08371326,0.08977103,0.09070047,0.08496194,0.13466498
ID160,smape,0.030339701,0.025856558,0.02259124,0.017268771,0.021619495,0.026882619,0.02935595,0.030822441,0.032920837,0.032157995,0.021232331
ID161,smape,0.019305225,0.018821925,0.017386712,0.011898344,0.014753204,0.01712681,0.02000486,0.02204106,0.021206688,0.021273717,0.049964532
ID162,smape,0.03736575,0.036311746,0.042783644,0.0645136,0.019160457,0.029322237,0.05679742,0.03837639,0.035902306,0.040209554,0.021234803
ID163,smape,0.05139471,0.04741557,0.056625076,0.07858493,0.027823862,0.04590662,0.07238102,0.05095977,0.04624559,0.051870905,0.012472858
ID164,smape,0.20827463,0.1974584,0.1968236,0.19677585,0.19201177,0.20075144,0.18124011,0.1949456,0.19845413,0.19526772,0.21347962
ID165,smape,0.022370026,0.02251517,0.016806575,0.013760585,0.021076536,0.02229767,0.01859936,0.023330733,0.020707771,0.021314895,0.025524862
ID166,smape,0.110969804,0.11305067,0.10715863,0.11282167,0.106080726,0.10923906,0.106973454,0.109389715,0.109120905,0.10703766,0.107464366
ID167,smape,0.066865146,0.06932199,0.06797151,0.06598415,0.06726999,0.06621109,0.06642725,0.065641984,0.064830996,0.065802015,0.13343571
ID168,smape,0.001095744,0.00095233996,0.0010040426,0.0017705918,0.0018238832,0.0012403075,0.0011987295,0.0014608131,0.0014887358,0.001337873,0.00893911
ID17,smape,0.06676678,0.0636027,0.06630868,0.067099035,0.069049954,0.068083376,0.067831226,0.06943415,0.07063225,0.06884467,0.050800253
ID173,smape,0.018108865,0.018392932,0.018587388,0.02087401,0.018512389,0.017239153,0.017511548,0.018303309,0.018084839,0.018098544,0.019087933
ID174,smape,0.010726857,0.011556298,0.016225994,0.011201201,0.009681471,0.0123058,0.01105795,0.010904796,0.01053457,0.010824176,0.06427311
ID175,smape,0.0771565,0.08129832,0.0800021,0.06322908,0.07122649,0.07496057,0.071226776,0.07682238,0.075974666,0.07714407,0.088513516
ID176,smape,0.19804199,0.18322827,0.18920079,0.17966768,0.1745978,0.18761772,0.14773887,0.17609353,0.1815147,0.17986439,0.21189457
ID177,smape,0.018538918,0.020337678,0.018644825,0.022284603,0.022401087,0.0208456,0.018341618,0.01944064,0.023532165,0.02154286,0.052464932
ID178,smape,0.00041205986,0.0010666468,0.0011741568,0.00139617,0.0011557369,0.00088112126,0.0023894738,0.0013373077,0.0005079056,0.0009081723,0.0010217265
ID179,smape,0.0025041862,0.00879634,0.0065978556,0.012460344,0.004565145,0.02135023,0.018894888,0.00788117,0.008023916,0.007596547,0.047322053
ID18,smape,0.15394466,0.14823197,0.15290745,0.155125,0.15291958,0.14868985,0.14971544,0.14944875,0.14761887,0.14795664,0.19647412
ID180,smape,0.0049066753,0.002935281,0.015260308,0.008669866,0.038197413,0.0054642432,0.0038900047,0.0042955237,0.008155577,0.010176357,0.086980164
ID181,smape,0.078858376,0.10366768,0.11372067,0.12632231,0.115193054,0.121686205,0.10080388,0.10793556,0.09886476,0.09383668,0.4149733
ID182,smape,0.00046530593,0.0007340388,0.0058835708,0.00062586745,0.0075576985,0.0012796051,0.001490912,0.00243602,0.0017525565,0.0032487968,0.031680264
ID183,smape,0.0030095659,0.0033073951,0.0061529656,0.004681444,0.0011164222,0.0023837036,0.001782855,0.0020374043,0.0027627656,0.0022772404,0.022522958
ID184,smape,0.05139479,0.04409665,0.038373645,0.06795515,0.026385799,0.035126165,0.034536865,0.042816266,0.036902722,0.044187758,0.31542766
ID185,smape,0.16057275,0.17467979,0.16109443,0.1686906,0.16858508,0.19538152,0.14084114,0.16540237,0.14897877,0.13691323,0.2246033
ID186,smape,0.001804854,0.0020416018,0.0020340006,0.0022881003,0.0018559932,0.0021372675,0.0022556318,0.0020600464,0.0019969593,0.0019427226,0.0027472684
ID187,smape,0.15900591,0.18110776,0.15433773,0.048073325,0.15929802,0.15788966,0.14823283,0.17582898,0.1640203,0.1474124,0.14163226
ID188,smape,0.21432605,0.21845852,0.19344409,0.2811631,0.264529,0.2549487,0.23768911,0.23483433,0.22342987,0.2126361,0.07137906
ID189,smape,0.0051537068,0.003146084,0.006581836,0.0029121514,0.004011618,0.0038483178,0.0039324095,0.0034438588,0.0043848692,0.0038184898,0.012443665
ID19,smape,0.048016462,0.043614432,0.05559381,0.04083335,0.049670562,0.04032758,0.039818652,0.047221847,0.04345305,0.043448757,0.2042248
ID192,smape,0.05043641,0.050572135,0.04811021,0.05989726,0.041366406,0.047643293,0.054884914,0.049126122,0.04824808,0.04609136,0.016666668
ID193,smape,0.120877974,0.12719409,0.11642107,0.1136681,0.101416975,0.12428279,0.081169374,0.12250425,0.11612874,0.12440035,0.06404255
ID194,smape,0.007947842,0.009270096,0.012688568,0.0073109586,0.008379592,0.007516385,0.008629054,0.008476357,0.008546336,0.009544962,0.026682183
ID195,smape,0.009675374,0.009755995,0.009078428,0.0083322525,0.00940243,0.009857168,0.009998431,0.009811316,0.00944101,0.009482447,0.008182459
ID196,smape,0.09267983,0.103011414,0.11236942,0.16946195,0.10389967,0.12519127,0.08660212,0.10842459,0.11725298,0.11975455,0.081487894
ID197,smape,0.002464489,0.0031457762,0.002727808,0.003271894,0.0024582457,0.0028694011,0.0027872976,0.0022312806,0.003027786,0.0030627167,0.043783337
ID198,smape,0.007965819,0.0084358435,0.008662423,0.009485079,0.009083148,0.00848013,0.008061319,0.00798069,0.0076482473,0.007584282,0.014865914
ID199,smape,0.18475646,0.1668587,0.17499444,0.14626756,0.15919942,0.18260661,0.18855053,0.1690761,0.1680015,0.1750702,0.16286668
ID2,smape,0.06815785,0.06376437,0.06568606,0.0846774,0.049129,0.066820115,0.07800037,0.06939357,0.0635342,0.056534577,0.05253283
ID20,smape,0.048859887,0.047106296,0.047735512,0.046737477,0.04652711,0.04742554,0.04372807,0.046301313,0.046839394,0.046737008,0.049862362
ID200,smape,0.11395298,0.12251374,0.136393,0.16414475,0.13724758,0.12901887,0.11586745,0.11105986,0.09735951,0.1044139,0.37989634
ID201,smape,0.009796454,0.009295611,0.008662889,0.005716415,0.008157784,0.008080265,0.009746358,0.009988437,0.010575447,0.01022508,0.014407545
ID202,smape,0.067579284,0.047891594,0.07117787,0.021801122,0.044997655,0.04421948,0.042612366,0.057017013,0.055027213,0.054443933,0.15511142
ID21,smape,0.008403193,0.008320505,0.012576156,0.031402044,0.011287909,0.011505626,0.011218144,0.011204094,0.005456382,0.008501883,0.016766468
ID22,smape,0.062290497,0.05949346,0.058267005,0.045981113,0.051759608,0.058806524,0.06349459,0.067424506,0.066429295,0.065587625,0.12519497
ID23,smape,0.10236001,0.10829175,0.10955375,0.111082755,0.09213559,0.119393714,0.089294836,0.10324645,0.11173991,0.10095592,0.17594722
ID24,smape,0.11622359,0.10223934,0.14035414,0.10969348,0.105737425,0.10424,0.1073903,0.102635525,0.09949193,0.11057442,0.21669248
ID25,smape,0.11622359,0.10223934,0.14035413,0.10969348,0.105737425,0.10424,0.1073903,0.102635525,0.09949193,0.11057442,0.21669248
ID26,smape,0.07385879,0.06148179,0.0653367,0.060428284,0.065523595,0.06279614,0.061520442,0.052442245,0.06526027,0.07692471,0.12899354
ID28,smape,0.25183782,0.2753731,0.2776855,0.24955007,0.23123014,0.27426848,0.26430073,0.2592784,0.27954102,0.25134763,0.3000666
ID29,smape,0.2138997,0.21814558,0.18917018,0.23405926,0.22417481,0.216534,0.22782077,0.22299722,0.22244969,0.22053143,0.11394082
ID3,smape,0.08480014,0.08137761,0.07379952,0.06147088,0.080431096,0.08857268,0.09652901,0.084313825,0.08060739,0.08117779,0.057489894
ID30,smape,0.12981974,0.1345514,0.1282284,0.13157517,0.13546522,0.14439216,0.13751048,0.13470472,0.14375333,0.1356963,0.110341765
ID31,smape,0.061447863,0.057893764,0.06563738,0.05652347,0.065725476,0.06596112,0.05725648,0.05381442,0.061477948,0.06139776,0.11733618
ID32,smape,0.1444323,0.13553865,0.14094774,0.15594319,0.16568185,0.13062476,0.13054223,0.13735276,0.13797155,0.1450325,0.11249712
ID33,smape,0.026523758,0.027499119,0.03131854,0.021609783,0.02436001,0.028422859,0.023456505,0.02925317,0.026429603,0.028897334,0.041828297
ID34,smape,0.18216899,0.14987217,0.249994,0.14823693,0.08088949,0.2231094,0.09851688,0.13298106,0.11178904,0.14117554,0.34837162
ID35,smape,0.013726471,0.012226319,0.027382767,0.01264807,0.011240812,0.012784276,0.012355173,0.0133073265,0.0150637645,0.0144202495,0.046915166
ID36,smape,0.06682908,0.09708065,0.05803074,0.10754238,0.097447746,0.09683618,0.09216089,0.084355175,0.08100487,0.084259845,0.057312768
ID37,smape,0.30632466,0.2578476,0.27924556,0.23306444,0.2888007,0.30588722,0.32958144,0.26402825,0.29051507,0.3006712,0.2307188
ID38,smape,0.06345464,0.05471861,0.06656764,0.0819146,0.07245185,0.059309736,0.09113322,0.05804277,0.07195893,0.063025065,0.118368536
ID39,smape,0.10560943,0.09038389,0.09973714,0.07010116,0.06235985,0.09591063,0.10795604,0.08684823,0.09539411,0.0916664,0.11455327
ID4,smape,0.037377242,0.034520783,0.036400124,0.034737483,0.03691049,0.036043365,0.036404956,0.03758258,0.035662375,0.03571923,0.13609739
ID40,smape,0.15957238,0.16265918,0.22262047,0.17188485,0.1646017,0.17561679,0.17449021,0.16825576,0.15986168,0.16085188,0.33433178
ID41,smape,0.11098422,0.11772521,0.17844878,0.15267299,0.02549725,0.08324608,0.0637637,0.08369434,0.099469185,0.06547007,0.41590333
ID42,smape,0.030682994,0.0366133,0.03770325,0.049147733,0.024657123,0.035897736,0.04448795,0.038158566,0.03508245,0.03552675,0.014119599
ID43,smape,0.0008344585,0.0062115593,0.0082856435,0.026413143,0.0075868126,0.0014375591,0.018030876,0.0038339728,0.0024950963,0.0068672234,0.04795458
ID44,smape,0.048420075,0.0473128,0.040016048,0.04467022,0.04914864,0.048262887,0.051310014,0.04561136,0.049385272,0.04169727,0.024827123
ID45,smape,0.0056061493,0.005039419,0.0038955305,0.0028817991,0.0052009895,0.0030145533,0.0045143873,0.006135936,0.007086556,0.0070269024,0.025862044
ID46,smape,0.06967056,0.060348317,0.055238117,0.07861167,0.065895796,0.0696123,0.07865593,0.055286277,0.06858271,0.06603345,0.036308713
ID47,smape,0.033090785,0.034476824,0.043405987,0.059246436,0.01698909,0.033765078,0.05298917,0.036120076,0.03193536,0.037222262,0.015396977
ID48,smape,0.03198655,0.03077289,0.0076358207,0.030367043,0.03388836,0.03178463,0.03311466,0.032231864,0.025858149,0.025679383,0.033888888
ID49,smape,0.044327177,0.05470324,0.061748575,0.0931097,0.044645466,0.047896285,0.0792349,0.049917202,0.04601433,0.048776165,0.049605906
ID5,smape,0.048012294,0.043610267,0.05559555,0.04082966,0.049666036,0.040323876,0.03981692,0.0472162,0.04345157,0.04344683,0.2042148
ID50,smape,0.018788747,0.019109748,0.01982637,0.019159779,0.018329289,0.019465629,0.019183539,0.017745405,0.017851759,0.01792561,0.036059935
ID51,smape,0.07802333,0.08066998,0.070998296,0.08900845,0.082336105,0.08243589,0.084748104,0.0812213,0.08397116,0.08007223,0.054232806
ID52,smape,0.05836463,0.056476824,0.083841674,0.048140783,0.045714084,0.057639815,0.051843278,0.058054112,0.06521434,0.056850657,0.14214048
ID53,smape,0.012461077,0.006616887,0.029628454,0.014808683,0.0050965673,0.002688288,0.0077293655,0.0050480803,0.01095347,0.004193457,0.073479325
ID54,smape,0.023412531,0.016947256,0.04842042,0.0074917586,0.028373908,0.025271036,0.0136128245,0.024773248,0.030561786,0.024452806,0.06481078
ID55,smape,0.17381081,0.17863137,0.17365186,0.18757647,0.17395046,0.17412674,0.18109378,0.17725189,0.18171725,0.17861599,0.13762201
ID56,smape,0.026966263,0.021283895,0.01341007,0.03881882,0.034402806,0.018833218,0.035144873,0.025897447,0.0238962,0.022576168,0.01992361
ID57,smape,0.09728214,0.08354636,0.101900116,0.08292997,0.08520594,0.08319752,0.08371317,0.08977125,0.09070069,0.084962174,0.13466424
ID58,smape,0.03323382,0.026119478,0.028655957,0.028601816,0.01712839,0.023145584,0.022241253,0.019166837,0.025040066,0.023851635,0.033905905
ID59,smape,0.008403193,0.008320505,0.012576156,0.031402044,0.011287909,0.011505626,0.011218144,0.011204094,0.005456382,0.008501883,0.016766468
ID60,smape,0.096334666,0.09820374,0.10282418,0.09611125,0.09784444,0.09648262,0.0976226,0.09720908,0.09705066,0.098373316,0.12077862
ID61,smape,0.018013017,0.018280491,0.015786333,0.019157695,0.01851388,0.018398706,0.019215675,0.01848483,0.018841684,0.01881129,0.013082275
ID62,smape,0.019616198,0.017211134,0.012723852,0.020234084,0.04108838,0.020634817,0.018996451,0.019731203,0.022812508,0.024291309,0.04589615
ID63,smape,0.015771678,0.019091576,0.015099302,0.016350057,0.016214339,0.019263918,0.018121889,0.01882337,0.016107852,0.017013198,0.0028410994
ID64,smape,0.01914415,0.018958459,0.016343996,0.015464124,0.018245658,0.017784266,0.018904652,0.019013686,0.020702476,0.019790968,0.016463414
ID7,smape,0.081188425,0.07833392,0.07397813,0.06750771,0.07482607,0.06610404,0.07009798,0.076231405,0.073822275,0.07934299,0.095234334
ID71,smape,0.004299006,0.0041867206,0.0048415493,0.0057577,0.0056004273,0.0046909233,0.0037647383,0.0032486476,0.0036360756,0.003492935,0.02446689
ID77,smape,0.0013128994,0.0008180911,0.00077035755,0.0017825945,0.0010179067,0.00073598477,0.0017259906,0.002625649,0.002246176,0.0021714808,0.03404173
ID78,smape,0.0029348347,0.0035760952,0.005062463,0.00465631,0.0028949499,0.0038352474,0.0024972125,0.0043557365,0.0040311306,0.0033478485,0.0039619
ID79,smape,0.003695234,0.0045254924,0.004694231,0.008045385,0.006246043,0.004740091,0.0034884019,0.0026046524,0.0030925141,0.003029046,0.04380211
ID8,smape,0.04863873,0.10031481,0.0933547,0.059710413,0.031025413,0.10227375,0.13935442,0.0970165,0.08153321,0.0775076,0.108997725
ID80,smape,0.0017563491,0.002738212,0.0019881863,0.0017286749,0.00070796674,0.0013091005,0.001328312,0.00069274334,0.0014612848,0.0015588015,0.045166597
ID81,smape,0.011660483,0.012474915,0.01458212,0.011522037,0.016024671,0.014744259,0.010110099,0.014012404,0.012996934,0.014037256,0.026190829
ID82,smape,0.015058403,0.018377226,0.02176419,0.012731542,0.016531892,0.01744249,0.01184855,0.016351342,0.01247466,0.015652943,0.078780964
ID83,smape,0.022600604,0.02463392,0.03615053,0.021248776,0.023550123,0.023807496,0.017938033,0.024859492,0.019092176,0.022178356,0.09907778
ID84,smape,0.015849749,0.014598347,0.025129333,0.013012638,0.011058846,0.0137442835,0.014888308,0.01414607,0.014530438,0.014407694,0.054248367
ID85,smape,0.09260754,0.09432237,0.08801676,0.1036539,0.09342451,0.09374747,0.099440634,0.092753984,0.10199487,0.09755027,0.027964238
ID86,smape,0.1557575,0.15921977,0.20502433,0.15332535,0.14823806,0.15738645,0.15093291,0.15715203,0.16837351,0.16284075,0.28992194
ID87,smape,0.00835216,0.0071126195,0.0061062938,0.010059614,0.008272712,0.007477941,0.009430524,0.008498497,0.009262089,0.008244906,0.019685667
ID88,smape,0.017588196,0.024320493,0.025368989,0.048590302,0.015071895,0.019736163,0.040902887,0.020736516,0.019301554,0.023130683,0.03068309
ID89,smape,0.031315356,0.035330087,0.03168932,0.02843963,0.042796057,0.036524065,0.055226177,0.03815687,0.03836065,0.039357398,0.020225631
ID9,smape,0.066085555,0.06241084,0.038879972,0.04163954,0.051618695,0.056315966,0.06560248,0.066683926,0.079053186,0.07006409,0.11483084
ID90,smape,0.016569061,0.016179463,0.015908139,0.016273243,0.016258182,0.016303414,0.017741809,0.016278723,0.016804585,0.01659074,0.05665454
ID99,smape,0.034010038,0.0321843,0.029750768,0.024106478,0.030834861,0.032503173,0.033904642,0.033282515,0.032746337,0.03330912,0.024575673
