unique_id,metric,SeasonalMBB,Jittering,Scaling,TimeWarping,MagnitudeWarping,TSMixup,DBA,original,qgts(25),qgtse(50),SeasonalNaive
ID0,mase,0.66268516,0.6369313,0.7676961,0.6203812,0.45604768,0.6587297,0.600095,0.7862554,0.7524543,0.80366063,2.0234146
ID1,mase,1.0568618,1.1385521,1.2355667,1.3695788,0.8837722,1.1223891,0.5376454,1.1462759,1.2414069,1.1121204,1.7774295
ID10,mase,1.4595621,1.3938509,1.2636178,1.2137618,1.3798445,1.2701298,1.2486043,1.3066877,1.4472979,1.4349537,1.8304552
ID101,mase,1.4386941,1.6694599,1.9692432,0.98562676,0.84975034,1.3763577,1.2393525,1.2155544,1.2744179,1.3132619,7.6812987
ID102,mase,0.65504044,0.5382823,0.8098777,0.79989296,0.72809035,0.5849413,0.528956,0.5989159,0.51351386,0.57037735,1.6502922
ID103,mase,0.6262236,0.44838187,0.35696998,0.7968286,0.31133682,0.5021274,0.6597501,0.5234058,0.74006474,0.7302234,2.0384614
ID104,mase,0.2893515,0.4086669,0.6381689,0.4936933,0.33682188,0.340959,0.34587392,0.35998058,0.32313946,0.36221033,3.302027
ID105,mase,0.26289636,0.23695202,0.13366105,0.3349348,0.09961067,0.2000779,0.3929473,0.26714826,0.5127997,0.41903034,1.8073021
ID107,mase,1.3139194,1.1253467,1.1174406,0.80886614,1.1303108,1.3418616,1.421567,1.3785163,1.4941537,1.5125918,2.9213116
ID108,mase,0.90387416,0.96387506,0.7222219,1.0368315,0.6982612,0.8382409,0.77761877,0.8757499,1.0441341,0.8997217,0.79044586
ID109,mase,4.602646,4.6071243,4.502661,4.6530566,4.4407578,4.479408,4.3172297,4.5739455,4.695795,4.570414,4.5462613
ID110,mase,0.21682525,0.11892914,0.7345263,0.5402369,0.4451393,0.39642844,0.33565614,0.6459832,0.55392134,0.5438669,0.49122807
ID111,mase,0.8389155,0.6429569,0.9374523,0.68177676,0.8135656,0.56035423,0.75729084,0.60519236,0.62073183,0.559663,1.6375946
ID112,mase,0.39588884,0.49485824,0.6109092,0.8887406,0.6382539,0.3345731,0.37899938,0.35579062,0.27461585,0.2546604,2.897561
ID113,mase,0.8015392,0.8000765,0.8794071,0.44588074,0.7318482,0.58645254,0.66522056,0.7101567,0.7992219,0.8269102,0.9585925
ID114,mase,1.424687,1.3266927,1.6712391,0.49964255,1.2019144,1.0410867,0.9940151,1.1946608,1.1720366,1.2016633,2.2757685
ID115,mase,1.2271444,1.3677245,0.53822,1.4251806,1.5861859,1.5145915,1.5804409,1.4650989,1.3424804,1.4550275,1.4956268
ID116,mase,0.10941475,0.038948573,0.063038595,0.056891087,0.044855714,0.07775316,0.10236473,0.11361664,0.15501651,0.16338627,1.3096288
ID117,mase,0.27184048,0.29776278,0.28060022,0.3107505,0.29591498,0.27820197,0.27523714,0.2610147,0.2642595,0.26430127,1.3030236
ID118,mase,0.1620456,0.11316666,0.07458096,0.09807401,0.16705148,0.17708099,0.2018128,0.19177927,0.22189198,0.21737161,1.0729381
ID119,mase,0.7078071,0.6138813,0.62180865,0.8695449,0.635514,0.6744783,0.78003514,0.7279484,0.82075894,0.79430884,1.7068273
ID12,mase,0.04483098,0.046992466,0.051264595,0.042656172,0.053043827,0.0468713,0.042581152,0.049348652,0.043766897,0.041661676,0.11320755
ID120,mase,0.25814018,0.13417403,0.02157171,0.27966583,0.16064447,0.31887516,0.34564018,0.3146689,0.42258888,0.4384647,2.8591032
ID121,mase,0.4454516,0.41919822,0.41955584,0.44332942,0.46191862,0.41155517,0.40258715,0.4154245,0.40668994,0.3994964,0.43619797
ID122,mase,0.3894967,0.43366906,0.44965196,0.35609162,0.45580855,0.4228238,0.36635977,0.4078144,0.3570819,0.36893895,1.1764195
ID123,mase,0.59354615,0.47770002,0.42785212,0.25266775,0.46830016,0.62006336,0.6752255,0.63833153,0.72508323,0.73100674,2.0938842
ID124,mase,0.3424741,0.32191417,0.34838107,0.23238784,0.33874515,0.32271966,0.38135445,0.3444808,0.3842685,0.36903444,0.602953
ID125,mase,0.49953124,0.6835127,0.44073555,0.8414824,0.49046853,0.6647705,0.66751873,0.6284296,0.87173015,0.5485658,0.16764669
ID126,mase,1.5670599,1.5249947,1.788189,1.5017256,1.5151935,1.4316291,1.4291886,1.4645511,1.5238878,1.4683365,2.4829545
ID127,mase,0.434305,0.5225781,0.49925426,0.3537874,0.35670552,0.4517862,0.39940214,0.40171453,0.37477544,0.37499437,2.4201362
ID128,mase,0.04707491,0.1176781,0.091394745,0.26787105,0.12023862,0.07880051,0.064478144,0.036544684,0.07800757,0.09168934,2.2648525
ID129,mase,0.3010637,0.17041275,0.20286398,0.1759215,0.24599831,0.26465946,0.352006,0.3386172,0.44877398,0.45616117,3.544681
ID13,mase,1.1260104,1.153093,1.0141528,1.1015409,1.1095673,1.109444,1.0506251,1.1670713,1.1252366,1.1711001,1.4522916
ID130,mase,0.19548939,0.24831624,0.20583753,0.21619141,0.19495744,0.20984666,0.20793088,0.16456579,0.2050863,0.17986909,2.8455555
ID131,mase,0.023710495,0.0923351,0.03941865,0.031336024,0.0337186,0.053038165,0.023451518,0.014641175,0.02027907,0.022365117,1.3034129
ID132,mase,0.14171271,0.13337405,0.11293832,0.102510884,0.10809152,0.1427295,0.140656,0.1554606,0.16565908,0.1639425,1.029176
ID133,mase,0.8344052,0.775338,1.0423164,0.60986567,0.62195605,0.7993522,0.7659348,0.7860362,0.791418,0.80930376,1.7207462
ID134,mase,1.5752115,1.3758982,1.3297421,1.1541741,1.2362291,1.6518351,1.7225145,1.6620923,1.8262079,1.8431762,3.1866133
ID135,mase,0.16997188,0.19561696,0.1894583,0.5460269,0.11531685,0.17536797,0.37618086,0.21037333,0.29352957,0.2527029,0.8353081
ID136,mase,0.5262217,0.5490901,0.42292184,0.4943308,0.46972823,0.4799581,0.38433877,0.52208084,0.5734104,0.5360168,0.35698783
ID137,mase,0.8621906,0.8793827,0.6188195,0.44383872,0.6705061,0.9410492,0.8231354,0.94472265,1.0036751,1.0271736,1.0893016
ID138,mase,0.32971495,0.37072617,0.3418577,0.33378538,0.31388113,0.33241513,0.3366059,0.29326853,0.33616412,0.3110652,2.3620977
ID139,mase,1.5209675,1.5211241,1.5204719,1.4367312,1.4593575,1.5872035,1.6949291,1.479776,1.5640873,1.5357468,1.3930285
ID14,mase,0.742006,0.7329489,0.79746854,0.82370263,0.75453943,0.7554499,0.71379536,0.80104834,0.7337918,0.78939813,0.4299994
ID140,mase,3.1004436,2.9761899,2.9558825,3.375248,2.606229,2.969858,3.605436,3.1320004,3.2587955,3.2974951,0.5714286
ID141,mase,2.5710077,2.3537621,2.2366276,2.94149,2.0273418,2.3973916,2.7089171,2.4795434,2.798576,2.7517207,1.0826771
ID142,mase,0.2485392,0.18990445,0.4656837,0.12133203,0.27268207,0.2606489,0.20452616,0.27297273,0.1952541,0.15778443,0.8503401
ID143,mase,1.0227853,0.9238914,0.89965534,1.2044849,0.9163369,0.9858767,1.1125225,1.0369936,1.1464245,1.1107184,1.574074
ID144,mase,1.6436971,1.447729,1.4604164,1.2527008,1.3260074,1.5579822,1.5542167,1.6247256,1.7062488,1.7583106,1.1627907
ID145,mase,0.37230027,0.33389193,0.3233819,0.32658753,0.31703362,0.34072754,0.31808612,0.32401562,0.36392856,0.36825892,0.65575624
ID146,mase,0.5188331,0.541662,0.4157117,0.48699728,0.4624372,0.4726494,0.3771953,0.5146994,0.56594026,0.52861124,0.3498916
ID147,mase,0.45493874,0.4334289,0.5166893,0.42241666,0.4389193,0.41896272,0.43279073,0.43206513,0.4097476,0.44104168,0.6132707
ID148,mase,0.05490675,0.06791908,0.19828412,0.14714535,0.09188944,0.06505839,0.16455647,0.063122,0.06747494,0.047623668,0.15455092
ID149,mase,0.15738493,0.1412667,0.12820934,0.14069222,0.07282885,0.13994385,0.21721104,0.15763439,0.18297619,0.17558624,0.13126473
ID15,mase,1.4926583,1.3650255,1.5100521,1.210517,1.3738843,1.4308697,1.364114,1.4572319,1.5969961,1.6163715,1.8256366
ID150,mase,0.16328661,0.12822899,0.3085887,0.20209937,0.18657658,0.17026174,0.28265262,0.12747978,0.08513416,0.12993161,0.20503615
ID151,mase,0.20334916,0.18493399,0.25783384,0.20800409,0.19491342,0.19254789,0.22656399,0.18596274,0.17074889,0.19209221,0.14474365
ID152,mase,0.417973,0.41869828,0.41063142,0.40359065,0.4686964,0.41096753,0.4053513,0.38589755,0.41483793,0.40798318,0.46729
ID153,mase,0.6450808,1.2464188,0.7709678,3.1894228,1.3698034,1.4469783,1.7571639,1.407021,1.3489802,1.0793025,2.8177965
ID154,mase,0.8763235,0.8814918,0.7200702,1.5125229,0.60472995,0.8009409,1.3101108,0.9187579,1.0518751,1.0546432,1.3285024
ID155,mase,0.94466394,1.236753,0.75516456,1.3571107,0.8365509,0.89642847,1.0196038,0.8811776,1.3269224,1.1216753,0.8336815
ID156,mase,1.5670599,1.5249947,1.788189,1.5017256,1.5151935,1.4316291,1.4291886,1.4645511,1.5238878,1.4683365,2.4829545
ID157,mase,1.1402986,0.97933424,0.9683498,0.6109492,0.8513537,1.1382811,1.0972421,1.1630061,1.2085502,1.2758343,1.7381536
ID158,mase,1.0993465,0.97305655,0.9637339,0.725921,0.86827195,1.0754573,1.0394561,1.1010646,1.1425931,1.190109,0.95053196
ID159,mase,0.05655457,0.053003233,0.062790066,0.21827133,0.08635016,0.045769136,0.06168096,0.08151946,0.12986125,0.14993273,2.0414534
ID16,mase,1.9046757,1.8365891,2.0077174,1.604121,1.7483882,1.6943228,1.7140496,1.8037444,1.7792709,1.7631339,2.4200675
ID160,mase,0.98430765,1.0231419,0.75630814,0.6197065,0.80141544,1.0358406,0.9572219,1.0467905,1.1181492,1.1194139,0.7446038
ID161,mase,0.7996841,0.6234589,0.64954865,0.45319727,0.51831686,0.72815245,0.73112714,0.78669375,0.8645583,0.90306467,1.7895588
ID162,mase,1.8055476,1.7385042,1.6638496,2.40721,1.438064,1.7063423,2.3001947,1.8640672,1.9895462,1.9845942,0.75376886
ID163,mase,1.9984286,1.9171531,1.8095992,2.394666,1.572685,1.8626413,2.4587898,2.0128958,2.152361,2.2110403,0.3829787
ID164,mase,2.800408,2.7628715,2.7404764,2.6820042,2.5981345,2.6839848,2.286678,2.6675837,2.7816803,2.7309299,3.0069637
ID165,mase,0.30004427,0.26565364,0.25190932,0.20058483,0.27409786,0.27247328,0.30029708,0.2565896,0.2927746,0.28894016,0.3997599
ID166,mase,1.9991915,2.0332994,1.9224218,2.052205,1.9005053,2.0477092,2.0652747,1.9836626,2.0089,2.006214,1.9655173
ID167,mase,1.8905537,1.9737557,1.9118544,1.8569613,1.8834627,1.9232562,1.8814207,1.8746397,1.8379757,1.8344549,3.536042
ID168,mase,0.17407131,0.116770625,0.10834288,0.28180954,0.27289462,0.16796184,0.20623201,0.20763043,0.21010345,0.2083583,1.2620192
ID17,mase,1.3644263,1.2633805,1.2901666,1.3988216,1.4258597,1.3497967,1.4074094,1.3991547,1.442225,1.4416375,0.93955517
ID173,mase,0.37089702,0.37582344,0.3725823,0.49611932,0.37346062,0.3581864,0.36168748,0.3572012,0.36939397,0.3623966,0.38770822
ID174,mase,0.16369566,0.17881164,0.22671331,0.17363593,0.17279772,0.15879692,0.15741067,0.15633641,0.16533934,0.15382907,1.0432191
ID175,mase,0.24456783,0.2409814,0.25338662,0.203253,0.23414217,0.2278,0.22568628,0.2329314,0.23420765,0.2356246,0.27427596
ID176,mase,2.8355732,2.9122972,2.8699956,2.9200156,2.6397166,2.8301592,2.159347,2.7900875,2.9623022,2.867937,3.3308551
ID177,mase,0.339303,0.36600584,0.3143978,0.38579503,0.4067121,0.3532425,0.3579331,0.3515741,0.38266885,0.39647463,0.9008314
ID178,mase,0.056018684,0.04105096,0.106219105,0.075312436,0.09786659,0.06572002,0.23112382,0.06934168,0.03614583,0.041949566,0.07614206
ID179,mase,0.05725794,0.031171408,0.075926945,0.08370627,0.05038987,0.15693279,0.19440874,0.09074377,0.11165355,0.05925092,0.5786026
ID18,mase,1.2855116,1.2277396,1.2437375,1.311351,1.2552439,1.2644305,1.2314925,1.2383617,1.2719116,1.2713426,1.5177279
ID180,mase,0.055339776,0.13607068,0.08236553,0.1421809,0.6495594,0.06598564,0.08635248,0.1299327,0.0070611523,0.040861048,1.535254
ID181,mase,1.9746269,1.864629,2.5812438,2.3256633,2.2877722,1.9172939,1.6944771,2.009535,1.7733384,1.7384026,5.72165
ID182,mase,0.16703208,0.059088908,0.17341687,0.11737869,0.67260814,0.04248597,0.048118398,0.3230854,0.1578909,0.14444184,2.7380283
ID183,mase,0.5560114,0.37346733,0.7182171,0.876843,0.25399452,0.5392887,0.3425754,0.75209165,0.57749766,0.6115617,2.999998
ID184,mase,0.12531185,0.5144799,0.37116125,0.3486962,0.20522879,0.40889004,0.6544315,0.23888405,0.47234544,0.33359337,2.8151262
ID185,mase,1.4652563,1.4047017,1.6407748,1.309818,1.503752,1.8347424,1.4447857,1.7065184,1.3568892,1.3380257,2.4489794
ID186,mase,0.24429867,0.24571556,0.27131763,0.25157657,0.24397442,0.23905618,0.2617618,0.23581369,0.24138042,0.21857671,0.35714287
ID187,mase,0.824841,0.71043956,1.0517143,0.53534305,0.6712615,1.0310581,1.6110826,0.6912399,0.96243376,0.8278619,0.8241758
ID188,mase,3.9729457,4.3354287,2.9166193,5.5037675,4.400618,4.187061,4.640188,4.37917,4.301353,4.174969,0.95864654
ID189,mase,0.17491032,0.15507667,0.2533148,0.15758847,0.17073351,0.14976834,0.16139118,0.16053426,0.14922976,0.14717452,0.37439597
ID19,mase,0.5745087,0.5632052,0.6376599,0.5568106,0.57555443,0.5934474,0.5506357,0.5981189,0.5701706,0.58797485,2.1662853
ID192,mase,2.9328487,2.7140257,2.4897099,2.3686664,2.00609,2.6840537,3.2029305,2.69901,2.8748548,3.0158904,0.91463417
ID193,mase,2.838314,2.8429422,2.5732427,2.7249336,2.600641,3.1201239,3.31857,3.0667248,2.9098458,3.1834157,1.374868
ID194,mase,0.57213765,0.63629776,1.0843068,0.37087175,0.5826481,0.7560466,0.56281286,0.61418664,0.62820494,0.66313565,2.1226304
ID195,mase,2.4702535,2.4146123,2.2325943,2.0256493,2.3913715,2.4077938,2.4745336,2.5440218,2.4343452,2.5014493,2.10476
ID196,mase,0.53434426,0.5468982,0.7153529,0.89790386,0.6347047,0.8008745,0.7775469,0.7078776,0.54408425,0.49256626,0.33703357
ID197,mase,0.14150524,0.16910934,0.15299548,0.15604095,0.13319263,0.14513016,0.15139465,0.11865024,0.14343585,0.13207111,1.925
ID198,mase,0.6409389,0.62990713,0.69108856,0.72078806,0.70064163,0.64085984,0.64097124,0.62617177,0.5870036,0.6016557,1.1333333
ID199,mase,2.607753,2.5400658,2.5232098,2.0839913,2.4442108,2.8683383,3.2088673,2.7675037,2.7493382,2.7671995,2.4128654
ID2,mase,1.6179936,1.6511284,1.3833406,2.0156941,1.1215143,2.2398794,2.008933,1.7241539,1.5144343,1.5362569,1.233998
ID20,mase,2.1065361,2.1120613,2.089325,2.101373,2.0360007,2.0805094,1.927601,2.0692558,2.1121216,2.091321,2.1860843
ID200,mase,1.9272686,1.9801241,2.2169356,2.5885594,2.2504337,1.8169726,2.0034602,1.820652,1.7402856,1.7032617,5.0329757
ID201,mase,0.9319829,0.81778055,0.80635846,0.5406925,0.7387678,0.9467191,0.9267914,0.96411765,1.0024337,1.0426389,1.2861842
ID202,mase,0.32332265,0.24256732,0.40947354,0.13003378,0.21545961,0.27565464,0.20824221,0.26918608,0.26114222,0.25762022,0.69105685
ID21,mase,0.27213228,0.32290685,0.44702604,0.84257805,0.28511313,0.5616357,0.39956152,0.38713932,0.27535805,0.24130885,0.5606472
ID22,mase,3.2543035,2.726727,2.9051342,2.2901258,2.5098286,3.0681934,3.1525078,3.262268,3.5134244,3.58573,5.221981
ID23,mase,1.3566568,1.269878,1.4936168,1.2610036,1.1011126,1.5094346,1.4021664,1.5647863,1.3173689,1.2181975,2.5647058
ID24,mase,1.3718562,1.3354398,1.5522182,1.1785328,1.1280606,1.3511934,1.304102,1.5413367,1.4987917,1.5753481,3.026011
ID25,mase,1.2349123,1.2021314,1.3972702,1.0608872,1.0154533,1.2163122,1.1739216,1.3874745,1.3491765,1.4180909,2.723943
ID26,mase,1.2759316,1.0888348,1.1068176,0.97523254,1.0581241,0.94980204,1.0164227,0.95473355,1.2406218,1.3380835,2.1117053
ID28,mase,2.3124518,2.4288278,2.3936276,2.206668,2.5652592,2.8258207,2.541881,2.458707,2.685579,2.5372028,3.0583684
ID29,mase,1.2994182,1.2642664,1.1575688,1.4437388,1.3485941,1.3474541,1.3589222,1.3521392,1.3772882,1.32803,0.52228415
ID3,mase,4.000239,3.7924397,3.195329,3.087802,3.772213,3.9120083,4.3988533,4.304705,3.9503057,4.1882997,2.7211468
ID30,mase,2.1442897,2.2564893,2.1163797,2.2361732,2.1630552,2.3078609,2.3121157,2.263323,2.2516694,2.2899315,1.7541614
ID31,mase,0.8481957,0.7998916,0.91207224,0.8338801,0.85808545,0.86395836,0.89079344,0.8118466,0.84432685,0.8011767,1.3923999
ID32,mase,1.1694578,1.2033192,1.1302272,1.3100079,1.2660896,1.2242287,1.257121,1.1923288,1.189625,1.1493179,0.9528595
ID33,mase,2.4319596,2.3372536,2.7004886,1.8630624,2.1744118,2.8499517,2.2297342,2.6890473,2.4729059,2.5629544,3.9078948
ID34,mase,0.3486654,0.4105582,0.7405961,0.33825886,0.15816104,0.45283696,0.485549,0.537873,0.46011487,0.5595202,1.2067039
ID35,mase,0.87104857,0.7841634,1.277457,0.7530351,0.66801107,0.73952293,0.7314901,0.74864686,0.8196114,0.78617305,2.2772276
ID36,mase,0.6511842,0.88757616,0.44257718,1.170269,0.9542331,0.91952777,1.006578,0.8299334,0.88248754,0.9089827,0.5676745
ID37,mase,1.7689074,1.6972557,1.5346001,1.2044195,1.6691153,1.9288203,2.2503407,1.9300424,1.8934972,1.9715337,1.29101
ID38,mase,0.48826775,0.48808357,0.5707768,0.5695581,0.52781373,0.44844562,0.3956687,0.5114573,0.49266803,0.48998746,0.8505703
ID39,mase,0.8811442,0.8462699,0.90269965,0.6809316,0.6083349,0.80597377,0.9204647,0.80856556,0.8433735,0.8372662,0.9867602
ID4,mase,0.99259675,0.9274807,0.97806334,0.9725942,1.0028167,0.97950137,0.9780677,1.0371052,0.98179877,1.014772,3.28451
ID40,mase,1.2104936,1.1608115,1.4341973,1.1450148,1.124478,1.1641523,1.1478353,1.1618491,1.1774089,1.1562396,1.9982201
ID41,mase,0.32612264,0.2520823,0.41795185,0.50801855,0.099619985,0.32322493,0.21453147,0.41653726,0.33900878,0.357297,1.448036
ID42,mase,1.7521598,1.6958177,1.5517538,2.0284493,1.2136167,1.6486301,2.2374113,1.8041277,2.023751,1.9211546,0.64435786
ID43,mase,0.34072307,0.4021664,0.3430931,0.9724286,0.26310122,0.35177848,0.7082792,0.43305767,0.64605737,0.5172807,1.6763848
ID44,mase,0.70691794,0.72378755,0.6148693,0.76761115,0.7509677,0.8244238,0.81235164,0.7672242,0.7821828,0.7514277,0.4166667
ID45,mase,0.13089809,0.11025905,0.066244274,0.04989747,0.0961544,0.14512497,0.15142712,0.14822488,0.17863792,0.17318478,0.5273433
ID46,mase,2.559061,2.7677,1.9541267,2.8666964,2.4869208,2.5157602,2.6372123,2.5018637,2.795942,2.7132514,1.2773722
ID47,mase,1.3046306,1.2328632,1.2111906,1.5149026,0.9509745,1.2181287,1.6566422,1.3297054,1.4337983,1.4384059,0.41269842
ID48,mase,0.92384845,1.0610269,0.2801723,1.1444343,1.2030096,1.1005986,1.1174278,1.0934988,1.0422829,0.9990099,1.3541666
ID49,mase,1.2833291,1.4599851,1.4390401,2.1259625,1.304168,1.4145801,1.7430488,1.4879339,1.2952012,1.3312292,1.2055137
ID5,mase,0.5744924,0.5631858,0.63760245,0.55679035,0.57552296,0.5934353,0.5506432,0.5980965,0.57016706,0.5879644,2.166205
ID50,mase,0.5238998,0.5402295,0.59027153,0.5373835,0.50714165,0.5118939,0.5075808,0.5020961,0.4963362,0.50601363,1.0
ID51,mase,1.6816435,1.7028345,1.2728636,1.8422982,1.7790111,1.7125897,1.8307896,1.6779524,1.7287816,1.7793608,0.95744675
ID52,mase,1.4827484,1.4010215,1.995371,1.2656897,1.2813091,1.391201,1.2480748,1.403153,1.3752306,1.404193,3.28125
ID53,mase,0.37812003,0.2193039,0.9749918,0.31083727,0.34459248,0.2050884,0.30988055,0.28967902,0.1197058,0.21476321,1.7460316
ID54,mase,1.131633,0.93153137,1.6888082,0.7847815,1.087286,0.9389016,0.9835725,0.9961846,0.7146617,1.038142,2.242268
ID55,mase,4.0904655,3.9933178,3.9270635,4.299619,3.9214492,4.0267715,4.1438336,4.0109124,4.150153,4.1091003,2.923946
ID56,mase,1.0972204,1.302845,0.8577213,1.8111598,1.1328957,0.83537775,1.4842895,1.0418566,1.0476129,1.0342882,0.91397774
ID57,mase,1.9046508,1.8365684,2.0076897,1.6040993,1.7483637,1.6943007,1.7140278,1.8037211,1.7792482,1.7631141,2.420024
ID58,mase,1.3879731,1.0516245,1.0383205,1.0288365,0.7124567,0.85954905,0.8307344,1.3460985,1.2336292,1.5077124,1.3606694
ID59,mase,0.27213228,0.32290685,0.44702604,0.84257805,0.28511313,0.5616357,0.39956152,0.38713932,0.27535805,0.24130885,0.5606472
ID60,mase,2.3000686,2.3220406,2.4670718,2.234181,2.3006938,2.355425,2.3028376,2.3105636,2.3178163,2.330925,2.8290734
ID61,mase,0.98289615,0.9725607,0.8891787,1.057261,0.9875176,1.0047927,1.0163416,1.0023476,1.0299387,0.9904698,0.6934673
ID62,mase,0.52724534,0.754698,0.5675285,0.6434591,1.3304104,0.5761242,0.5506834,0.39205822,0.5331779,0.5235992,1.5276753
ID63,mase,1.2186347,1.295413,1.1721528,1.2777572,1.2192684,1.4146621,1.4085987,1.36034,1.3791555,1.4319929,0.21714157
ID64,mase,0.8727577,0.862021,0.7523966,0.7024088,0.79352814,0.9040338,0.87224966,0.887809,0.9414389,0.9370526,0.73684216
ID7,mase,1.4593991,1.393688,1.2634816,1.2136111,1.3796855,1.2699684,1.2484556,1.306526,1.4471431,1.4348055,1.8302919
ID71,mase,0.18073536,0.2467963,0.24511631,0.27823576,0.28642127,0.21780552,0.20880735,0.19134277,0.15606304,0.14243765,1.1241829
ID77,mase,0.06666658,0.024553938,0.05587711,0.07839975,0.06621812,0.030411253,0.04431079,0.063697755,0.11059777,0.12221353,1.3378868
ID78,mase,0.17968814,0.13717233,0.283317,0.16948459,0.14472096,0.1592107,0.1963521,0.14864284,0.11488264,0.17447512,0.22193076
ID79,mase,0.15231197,0.25664452,0.21802646,0.36245313,0.29384476,0.18245517,0.16430655,0.14425838,0.10727151,0.09730737,1.9231812
ID8,mase,0.577931,0.60166293,0.48819324,0.4502279,0.4426208,0.95145386,0.9665951,0.8026736,0.8331019,0.9363911,0.7216747
ID80,mase,0.06755828,0.14236072,0.13535467,0.07456983,0.04987537,0.07744926,0.0760119,0.041141976,0.0685249,0.055839352,1.8460575
ID81,mase,0.51284844,0.49571407,0.58819485,0.552351,0.6278652,0.54407495,0.44310516,0.520801,0.47708663,0.4403675,1.0375717
ID82,mase,0.56335396,0.643055,0.73235196,0.4041343,0.68632793,0.6000912,0.46651617,0.5729913,0.46375436,0.50618607,2.6438124
ID83,mase,0.76290387,0.8177517,1.1012685,0.53846747,0.8366797,0.7834827,0.6290148,0.8126799,0.6106276,0.7401056,3.0711172
ID84,mase,0.48271388,0.3587061,0.90870345,0.39951348,0.36164424,0.3630773,0.45035562,0.34184512,0.364877,0.4232249,1.6303631
ID85,mase,4.0665603,3.7398264,3.5473206,4.310132,3.6598017,3.8689654,4.1956296,3.8048673,4.2361283,4.119873,1.0492228
ID86,mase,4.02361,3.9368155,4.7117424,3.81394,3.8104942,3.883245,3.8529186,3.923738,3.9076421,3.9873416,6.216418
ID87,mase,0.49680185,0.45267332,0.4122174,0.64732957,0.49026877,0.5043114,0.5678641,0.53230304,0.58006275,0.554299,1.1665987
ID88,mase,1.0641562,1.049472,1.0161754,1.6819266,0.79597807,1.0094252,1.4729174,1.1274881,1.2497616,1.1921932,1.1045752
ID89,mase,1.2023476,1.1387804,1.1058837,0.9769529,1.4022888,1.0879967,1.554603,1.1903789,1.0773971,1.1554261,0.688405
ID9,mase,1.6559181,1.6472006,0.95755094,1.0271825,1.261582,1.8547304,1.5743994,1.7323993,1.9740125,1.965303,2.6258903
ID90,mase,0.65229857,0.6022883,0.63675666,0.6091707,0.6013884,0.6366351,0.65105265,0.6411008,0.63741255,0.64692366,2.0514135
ID99,mase,0.5503375,0.5976885,0.48072472,0.48499265,0.5196162,0.57530266,0.6061093,0.5715631,0.6041717,0.5788488,0.44457856
ID0,smape,0.32430232,0.31454352,0.35175118,0.30742767,0.25253457,0.32204342,0.30483952,0.35638607,0.35088402,0.3622615,0.582232
ID1,smape,0.030566849,0.032849286,0.03555298,0.039237514,0.02568553,0.0323992,0.015787523,0.033065908,0.035709538,0.032113787,0.05035425
ID10,smape,0.076200224,0.07283139,0.06642588,0.063745655,0.07204704,0.066577666,0.065505,0.0684141,0.075421765,0.07487106,0.0952381
ID101,smape,0.014737824,0.017142266,0.020280138,0.010037659,0.008657167,0.01409672,0.012659946,0.012440019,0.013033884,0.013439156,0.08416291
ID102,smape,0.0147858765,0.012063497,0.018386202,0.018153613,0.016467724,0.013146626,0.011844636,0.013465666,0.01150314,0.012821245,0.038541503
ID103,smape,0.021184117,0.015523451,0.012445335,0.02700927,0.010913689,0.017211676,0.022462483,0.017957468,0.024894316,0.024582379,0.07479355
ID104,smape,0.00768498,0.0107662715,0.016613929,0.013310377,0.008871093,0.009006425,0.00934242,0.009442881,0.00879172,0.009609543,0.09579012
ID105,smape,0.0063869776,0.0058390964,0.0032349506,0.008384729,0.0024817334,0.004914319,0.009741814,0.0065875966,0.012479715,0.010219045,0.047724474
ID107,smape,0.026654564,0.022947667,0.022758491,0.01662104,0.023050642,0.027221583,0.028782155,0.027917845,0.030202493,0.030557275,0.06490578
ID108,smape,0.045110427,0.04780655,0.036705185,0.051309705,0.0352089,0.042056493,0.03920953,0.043722406,0.051484898,0.044888128,0.039282326
ID109,smape,0.31279188,0.31247544,0.31067178,0.31495306,0.30659252,0.30842146,0.3029223,0.31137672,0.31523165,0.3112237,0.308668
ID110,smape,0.012649555,0.007439549,0.045220155,0.03347204,0.026236713,0.023161648,0.021575306,0.03916709,0.033714212,0.033891216,0.025547445
ID111,smape,0.031337913,0.023650568,0.035121977,0.025074847,0.030311814,0.020417029,0.028002925,0.022117047,0.022738917,0.020422503,0.063951194
ID112,smape,0.008032597,0.010046288,0.012450938,0.018188497,0.012988774,0.00677298,0.00768495,0.007214793,0.0055629723,0.0051580006,0.0619185
ID113,smape,0.074370675,0.074267134,0.08199814,0.03990238,0.06743285,0.053192817,0.060801312,0.06524679,0.0741181,0.0770099,0.09106314
ID114,smape,0.055289194,0.051325776,0.06517341,0.018293237,0.046124034,0.039535254,0.037595175,0.045832947,0.044937506,0.04621881,0.092621416
ID115,smape,0.024195446,0.026896233,0.010762457,0.028014995,0.03108662,0.029690195,0.030957777,0.028740205,0.026399419,0.028589943,0.031229775
ID116,smape,0.0022137873,0.0007927147,0.001276352,0.0011514894,0.00091032323,0.0015775046,0.0020740135,0.002298603,0.0031354777,0.003302902,0.027297128
ID117,smape,0.005222806,0.0057188137,0.0053849453,0.005964157,0.0056833774,0.0053464994,0.005291545,0.0050162105,0.0050825896,0.005083531,0.025651325
ID118,smape,0.0039349617,0.0027515932,0.0018135476,0.00238541,0.0040570367,0.004298902,0.00489816,0.0046521183,0.0053813914,0.005272287,0.02690771
ID119,smape,0.014499712,0.012610389,0.012760158,0.017770004,0.013044994,0.013828795,0.015957752,0.014906068,0.01678457,0.016245171,0.036951285
ID12,smape,0.0032053445,0.0033635518,0.0036647974,0.0030472171,0.003793559,0.0033546304,0.003049121,0.0035300571,0.003132234,0.0029808476,0.008152089
ID120,smape,0.005348685,0.0028075895,0.00044825563,0.0058208955,0.0033415826,0.0066051516,0.007146772,0.0065072505,0.008716609,0.009040153,0.06325111
ID121,smape,0.009967795,0.00937464,0.009381038,0.009919172,0.010340276,0.009202886,0.008998739,0.009289573,0.009091787,0.008929268,0.009761629
ID122,smape,0.00930894,0.01037343,0.010762622,0.008498215,0.010910101,0.010113304,0.008749265,0.009750178,0.008525315,0.008811964,0.028697021
ID123,smape,0.011177728,0.00902205,0.008079426,0.004792544,0.008846557,0.01167568,0.012700163,0.012008327,0.013622927,0.013732364,0.041628893
ID124,smape,0.014639763,0.013749776,0.014887396,0.009978715,0.014481501,0.013788485,0.016335592,0.014725627,0.016442895,0.015778676,0.025256462
ID125,smape,0.016505381,0.022190737,0.014663127,0.027299201,0.016008157,0.021615952,0.021860724,0.020455316,0.028005686,0.01808928,0.0057345387
ID126,smape,0.030525522,0.029676804,0.03499064,0.029208235,0.029482272,0.027808836,0.027757114,0.028471768,0.029659595,0.028538011,0.04933955
ID127,smape,0.0057966523,0.006985291,0.0066718142,0.00471202,0.004753279,0.006032086,0.0053258026,0.0053600175,0.0049948688,0.0049990807,0.033285584
ID128,smape,0.0009862032,0.0024521388,0.001910689,0.00562502,0.0025044647,0.0016516403,0.0013581228,0.00077193935,0.0016487776,0.0019317714,0.04991401
ID129,smape,0.007848289,0.004502341,0.0053287055,0.0046241004,0.0064623505,0.0069360402,0.00916913,0.008796875,0.011634471,0.01180841,0.101796746
ID13,smape,0.03405688,0.03484725,0.030725412,0.033327322,0.033555336,0.033569578,0.03185293,0.03524544,0.034026887,0.035366863,0.04483328
ID130,smape,0.0042382814,0.0053609274,0.0044497065,0.0047162203,0.0042406768,0.0045389365,0.0045182817,0.0035708211,0.004474212,0.0039241794,0.06615961
ID131,smape,0.00034918464,0.0013617921,0.0005809055,0.0004606314,0.00049630564,0.00078163954,0.00034482699,0.0002160017,0.00030039268,0.0003303675,0.01961017
ID132,smape,0.0033973488,0.0031986174,0.0027124458,0.0024608602,0.0025939797,0.0034203643,0.0033706988,0.0037236386,0.003962386,0.0039223903,0.025321888
ID133,smape,0.0098219775,0.009120104,0.012300679,0.00715891,0.0073019117,0.009405326,0.009008542,0.009247122,0.009311078,0.009523549,0.020475017
ID134,smape,0.14674021,0.1321208,0.12856196,0.11663635,0.12123128,0.15294327,0.15791328,0.15311034,0.16527794,0.16649279,0.49095732
ID135,smape,0.0068916176,0.00799109,0.0076986984,0.021687504,0.004568261,0.007154619,0.015189921,0.008623726,0.01170796,0.010154229,0.034888104
ID136,smape,0.015341526,0.01599679,0.012435975,0.0144656645,0.013741752,0.014017846,0.011316783,0.015221471,0.01666999,0.015614154,0.010413412
ID137,smape,0.023493119,0.023959294,0.0169504,0.012228876,0.018385395,0.025597025,0.022453759,0.025693363,0.027239036,0.027861312,0.03155841
ID138,smape,0.012349646,0.013776026,0.012745796,0.012622347,0.011844116,0.01242248,0.012629464,0.011048361,0.012634272,0.011721698,0.09552927
ID139,smape,0.060586356,0.060589157,0.060597785,0.057432286,0.05828575,0.06306939,0.06702563,0.059058618,0.062198356,0.06114559,0.055762593
ID14,smape,0.029186344,0.028820857,0.031472687,0.032555558,0.029671771,0.029757645,0.028035179,0.03161791,0.028861254,0.03114416,0.016997293
ID140,smape,0.10038306,0.09739633,0.09689442,0.109675616,0.086116746,0.09711383,0.11561335,0.1019101,0.1049539,0.10609233,0.017534524
ID141,smape,0.055728342,0.05150128,0.049029686,0.06358931,0.044640936,0.05232341,0.058816954,0.054053064,0.060351238,0.05942262,0.025816295
ID142,smape,0.0035021843,0.0026709335,0.006551155,0.0016960134,0.0038438716,0.0036721653,0.0028692083,0.0038435569,0.0027534505,0.0022210393,0.012078978
ID143,smape,0.022459432,0.020349715,0.01981131,0.026363354,0.020182552,0.021670317,0.024382334,0.022765975,0.025116917,0.024344593,0.036823444
ID144,smape,0.05734014,0.05091031,0.05124494,0.044403005,0.046852045,0.054552928,0.054435413,0.056729496,0.059423946,0.06112162,0.0455164
ID145,smape,0.004954152,0.0044385777,0.004310008,0.0043522627,0.004221751,0.0045318026,0.0042281263,0.0043095914,0.004836049,0.0048967367,0.008818438
ID146,smape,0.015145753,0.015801022,0.012240214,0.014269906,0.013545975,0.013822064,0.011121005,0.015025696,0.016474219,0.0154183805,0.01021759
ID147,smape,0.009070268,0.008636514,0.010318104,0.008412969,0.008747603,0.0083453,0.008622421,0.008608954,0.00815866,0.008789334,0.0122858565
ID148,smape,0.0012626239,0.0015671578,0.0045219827,0.0033636014,0.0020950222,0.0014836731,0.0037496616,0.0014476479,0.0015508782,0.0011008756,0.0035627964
ID149,smape,0.0045643486,0.0041061337,0.0037319395,0.0041063433,0.0021209123,0.004068002,0.0063049505,0.004580601,0.005304073,0.005091441,0.003876799
ID15,smape,0.12520461,0.1168693,0.12801535,0.1066462,0.11881191,0.12128376,0.11668887,0.122789495,0.13222621,0.13359156,0.18607293
ID150,smape,0.0031316227,0.00245613,0.0059403013,0.003889982,0.0035733252,0.0032574236,0.0054307454,0.0024376712,0.0016383524,0.0024835202,0.0039716954
ID151,smape,0.0052146604,0.004747334,0.006603496,0.005337958,0.0049960576,0.004937981,0.005803697,0.0047721746,0.0043905233,0.0049269823,0.0037054815
ID152,smape,0.029943367,0.029985461,0.02941588,0.028798362,0.033725847,0.029408777,0.029009888,0.02759014,0.029705614,0.029198151,0.033468068
ID153,smape,0.016388785,0.030887444,0.019367158,0.0751702,0.03386687,0.035724927,0.04309964,0.034710087,0.033347283,0.026677366,0.07873299
ID154,smape,0.016093362,0.016334375,0.013548899,0.027609564,0.011273209,0.014857168,0.023985252,0.016995866,0.019183498,0.019275468,0.025241546
ID155,smape,0.018103916,0.023621704,0.014810201,0.026221167,0.016054038,0.017094575,0.019943539,0.016877225,0.025078492,0.021466091,0.017585896
ID156,smape,0.030525522,0.029676804,0.03499064,0.029208235,0.029482272,0.027808836,0.027757114,0.028471768,0.029659595,0.028538011,0.04933955
ID157,smape,0.043329388,0.03750644,0.03700403,0.023778861,0.032804005,0.043296702,0.04179617,0.04415384,0.04582123,0.048237488,0.07460907
ID158,smape,0.03428424,0.030489078,0.030167798,0.022937538,0.027308095,0.03358023,0.032494463,0.034339663,0.03559379,0.037017666,0.03185969
ID159,smape,0.0013038624,0.0012378914,0.0014712367,0.0051102974,0.002014633,0.0010610864,0.0014288572,0.0018825491,0.0030097049,0.0034714816,0.05004563
ID16,smape,0.10274277,0.098727986,0.10872994,0.085007586,0.093501836,0.09035885,0.09140752,0.096775696,0.09536343,0.0943535,0.13466498
ID160,smape,0.026620327,0.02764913,0.020572463,0.016939553,0.021808248,0.027983263,0.025912728,0.02827109,0.03012125,0.03015349,0.021232331
ID161,smape,0.020670693,0.016207509,0.016834887,0.011846186,0.013517134,0.018872473,0.018949183,0.02034691,0.022329241,0.023298303,0.049964532
ID162,smape,0.04966826,0.048410017,0.04661658,0.065418355,0.04044268,0.047474086,0.06255091,0.051531065,0.05425307,0.0542299,0.021234803
ID163,smape,0.06332858,0.06156,0.058731712,0.07574443,0.051260423,0.059936754,0.07705452,0.06429824,0.06767619,0.069343075,0.012472858
ID164,smape,0.20274213,0.20050004,0.19968146,0.19615385,0.19111378,0.19619328,0.17301778,0.19518073,0.20152462,0.19869979,0.21347962
ID165,smape,0.018309632,0.016214486,0.015474101,0.012326637,0.016853008,0.01665528,0.018316157,0.015647888,0.017767517,0.01759622,0.025524862
ID166,smape,0.10913367,0.11076674,0.10543902,0.111702725,0.10431485,0.11144234,0.112316236,0.108382374,0.109595,0.10947481,0.107464366
ID167,smape,0.06624538,0.06942531,0.06705989,0.06494491,0.06596801,0.067494005,0.065889075,0.065647215,0.06422457,0.06410204,0.13343571
ID168,smape,0.0012210698,0.0008198059,0.00076063664,0.0019750865,0.0019123591,0.0011781969,0.001446357,0.0014556296,0.0014733645,0.0014609781,0.00893911
ID17,smape,0.06678882,0.06222959,0.06342673,0.06837088,0.069556385,0.06613342,0.06874964,0.06832401,0.07030752,0.07026183,0.050800253
ID173,smape,0.018239817,0.018485576,0.018320883,0.024666345,0.01836134,0.017587338,0.017761597,0.017548436,0.018162014,0.017812312,0.019087933
ID174,smape,0.009400223,0.010280064,0.013117474,0.010045928,0.00995514,0.0091311475,0.009059099,0.008990622,0.009532106,0.008834424,0.06427311
ID175,smape,0.07782482,0.07656451,0.08094922,0.063399754,0.074147075,0.07191771,0.07117929,0.0737202,0.07417004,0.0746743,0.088513516
ID176,smape,0.18766385,0.19138478,0.18962571,0.19181992,0.17718503,0.18737191,0.15128192,0.18516171,0.19385725,0.18920663,0.21189457
ID177,smape,0.01922542,0.020654935,0.017772269,0.021584082,0.022804592,0.02000987,0.02020893,0.019916337,0.021568267,0.022311304,0.052464932
ID178,smape,0.00075292663,0.0005507392,0.0014277465,0.0010109061,0.0013159472,0.0008820278,0.0031147895,0.00093111885,0.00048506586,0.00056263566,0.0010217265
ID179,smape,0.004461862,0.0024706614,0.0058094505,0.006605381,0.0039828317,0.0122140385,0.015086597,0.0071004666,0.008713883,0.004646288,0.047322053
ID18,smape,0.14928727,0.1450038,0.14712931,0.15225713,0.14823745,0.1480831,0.14423436,0.14567953,0.1475323,0.14764911,0.19647412
ID180,smape,0.0034286333,0.0085293455,0.0051293345,0.008925904,0.042090997,0.0041098706,0.005349446,0.007982293,0.00043899592,0.0025386177,0.086980164
ID181,smape,0.098135434,0.09327072,0.13795474,0.12167203,0.11721371,0.09630915,0.08399927,0.1007576,0.0879944,0.085342854,0.4149733
ID182,smape,0.001993126,0.00070685893,0.0020695163,0.0014014172,0.008111155,0.000508006,0.00057504827,0.003848637,0.0018815076,0.0017244667,0.031680264
ID183,smape,0.004257544,0.0028654032,0.005491143,0.006692643,0.0019500162,0.0041302005,0.002629448,0.0057483115,0.0044201845,0.0046804105,0.022522958
ID184,smape,0.009634493,0.041335624,0.02873426,0.028892048,0.015789792,0.033235777,0.05148069,0.02059324,0.037124187,0.026076315,0.31542766
ID185,smape,0.1543327,0.14903176,0.16956808,0.14031206,0.15780078,0.18542856,0.15276673,0.17502673,0.14465953,0.14266294,0.2246033
ID186,smape,0.0018765468,0.0018875995,0.0020842496,0.0019327148,0.0018742677,0.0018365963,0.0020108195,0.0018115777,0.0018541762,0.0016789198,0.0027472684
ID187,smape,0.15284587,0.1400332,0.1810601,0.10426245,0.13529404,0.18179058,0.23790203,0.13706373,0.17212425,0.15624811,0.14163226
ID188,smape,0.22902578,0.24414751,0.18103816,0.28901425,0.24679658,0.23804608,0.25607175,0.24594405,0.24279818,0.23758553,0.07137906
ID189,smape,0.005751714,0.005092858,0.008359579,0.005172217,0.005613949,0.004918293,0.005299411,0.005275102,0.004900025,0.0048288656,0.012443665
ID19,smape,0.046078034,0.045304716,0.051802468,0.04424426,0.04590086,0.047625292,0.04410958,0.047971487,0.045660466,0.047259256,0.2042248
ID192,smape,0.053624667,0.05015573,0.04657777,0.04466755,0.037822735,0.049725518,0.05872295,0.04991988,0.052791707,0.055092774,0.016666668
ID193,smape,0.12366115,0.12380937,0.11358968,0.119196534,0.114565946,0.1342952,0.14142513,0.13213569,0.1264202,0.13663644,0.06404255
ID194,smape,0.0070539517,0.007851163,0.01345306,0.004561122,0.0071842205,0.009342236,0.006938073,0.007576463,0.007750286,0.008184765,0.026682183
ID195,smape,0.009589586,0.009375787,0.008675354,0.007876476,0.009286353,0.009349436,0.009606163,0.009873092,0.009451616,0.009709553,0.008182459
ID196,smape,0.10428809,0.10799763,0.14694043,0.18886942,0.13391227,0.17016633,0.16571143,0.15017498,0.11008547,0.09480685,0.081487894
ID197,smape,0.0030722092,0.0036623466,0.0033113468,0.0033968014,0.002902087,0.0031496144,0.0032956148,0.0025787458,0.003126616,0.00287841,0.043783337
ID198,smape,0.008346144,0.008200507,0.009006052,0.009395992,0.009131088,0.0083446875,0.008345616,0.008151417,0.00763758,0.007829886,0.014865914
ID199,smape,0.17446819,0.1706878,0.1700636,0.14346275,0.16517232,0.18871069,0.20640066,0.18310986,0.18215033,0.1832213,0.16286668
ID2,smape,0.06788215,0.06917198,0.05860956,0.08315137,0.0480671,0.09137371,0.08289881,0.07199499,0.06382093,0.06467828,0.05253283
ID20,smape,0.04813831,0.048257515,0.047764324,0.04802581,0.0466005,0.047571912,0.044230692,0.04732628,0.048258863,0.047806725,0.049862362
ID200,smape,0.11580392,0.119166374,0.13611682,0.1622028,0.13763705,0.10822573,0.12085816,0.10855088,0.103326246,0.10082356,0.37989634
ID201,smape,0.010171316,0.008938845,0.008810546,0.0059288386,0.008083537,0.010332506,0.010116564,0.010518201,0.010932713,0.011365713,0.014407545
ID202,smape,0.06681085,0.049226604,0.08585952,0.025841514,0.043537363,0.056460477,0.041943304,0.055000834,0.053412043,0.052500404,0.15511142
ID21,smape,0.007856503,0.009354852,0.012946309,0.02414509,0.008233568,0.016314274,0.011660267,0.0112787,0.0079288585,0.0069264616,0.016766468
ID22,smape,0.063830905,0.05416225,0.057311818,0.045938388,0.050094012,0.060498033,0.062047556,0.06399196,0.06866309,0.069950946,0.12519497
ID23,smape,0.1044927,0.09870123,0.113477856,0.09765351,0.08709092,0.11430198,0.107485354,0.11794512,0.10187727,0.09517595,0.17594722
ID24,smape,0.11264925,0.110010296,0.1253316,0.09851495,0.09474226,0.11115678,0.10775893,0.124554425,0.12166643,0.12698346,0.21669248
ID25,smape,0.11264925,0.110010326,0.12533161,0.09851495,0.09474226,0.11115678,0.10775893,0.124554425,0.12166643,0.12698346,0.21669248
ID26,smape,0.080770895,0.069071025,0.070206515,0.062189374,0.06719148,0.060594615,0.0647455,0.06089849,0.07853714,0.08458288,0.12899354
ID28,smape,0.23849773,0.25167447,0.25464523,0.23762128,0.26062697,0.2776752,0.26338738,0.2546489,0.26837808,0.25928962,0.3000666
ID29,smape,0.21892442,0.21459293,0.20045264,0.23740363,0.22541878,0.22500369,0.22647311,0.22556797,0.2289215,0.22244047,0.11394082
ID3,smape,0.0817284,0.07796621,0.066819064,0.06487985,0.0775569,0.08014461,0.089083776,0.08729243,0.08086521,0.085221805,0.057489894
ID30,smape,0.1304884,0.13612574,0.1291203,0.13514611,0.13140278,0.13869849,0.13900611,0.13652809,0.13588274,0.1377717,0.110341765
ID31,smape,0.06613284,0.06246505,0.07141496,0.06480399,0.066565156,0.06723779,0.069191135,0.06335206,0.06576298,0.06256358,0.11733618
ID32,smape,0.14430763,0.14952111,0.13811037,0.16627127,0.15917653,0.15272212,0.15785113,0.14794631,0.14746751,0.14135344,0.11249712
ID33,smape,0.026547356,0.025541553,0.02938972,0.02047078,0.023805927,0.030964604,0.0243965,0.029267468,0.026980918,0.027936418,0.041828297
ID34,smape,0.14809126,0.16661875,0.25987783,0.14541586,0.077221796,0.18157327,0.19029461,0.20664972,0.1832265,0.21283087,0.34837162
ID35,smape,0.017442374,0.015675524,0.02578919,0.015039436,0.013316848,0.014771585,0.01460561,0.014955789,0.016398802,0.015710823,0.046915166
ID36,smape,0.05418913,0.07307746,0.037801474,0.09469938,0.07793484,0.07517105,0.08238439,0.068412304,0.07231198,0.07483304,0.057312768
ID37,smape,0.29577628,0.28768104,0.26953432,0.21620911,0.28318918,0.31539497,0.34953088,0.31394786,0.31100503,0.31987494,0.2307188
ID38,smape,0.06317142,0.06304681,0.07479687,0.07508673,0.068756476,0.057269465,0.04996297,0.066438824,0.06363645,0.06331905,0.118368536
ID39,smape,0.10369693,0.100006916,0.10606784,0.08161572,0.07402864,0.09564705,0.10776646,0.09591298,0.099603295,0.09900111,0.11455327
ID4,smape,0.03592621,0.033763006,0.035490178,0.035058606,0.036193125,0.03551786,0.035365257,0.03745879,0.03542709,0.036592573,0.13609739
ID40,smape,0.16761334,0.1585226,0.21048191,0.15572079,0.15211554,0.15914543,0.1562347,0.15872557,0.16152088,0.1577703,0.33433178
ID41,smape,0.14024594,0.11241621,0.17199907,0.19953927,0.048971843,0.13915285,0.0978162,0.17151472,0.14456792,0.15136194,0.41590333
ID42,smape,0.04093779,0.039975382,0.036974926,0.047306485,0.0294683,0.038949158,0.05158398,0.04231322,0.046684857,0.044561047,0.014119599
ID43,smape,0.00942772,0.011212895,0.009528159,0.026165795,0.007170202,0.009804897,0.019417489,0.012068752,0.01739008,0.01409494,0.04795458
ID44,smape,0.04122501,0.04215292,0.036254756,0.044493154,0.043596912,0.04752378,0.046884518,0.04445354,0.04526971,0.043632034,0.024827123
ID45,smape,0.0062154997,0.0052425265,0.0031559784,0.0023807592,0.004575385,0.0068869013,0.0071841916,0.007031431,0.00846247,0.008206294,0.025862044
ID46,smape,0.07229154,0.077826455,0.056766838,0.08073759,0.070370965,0.071077235,0.07474984,0.070782766,0.07835809,0.076385826,0.036308713
ID47,smape,0.047655802,0.045617014,0.044941828,0.05559092,0.035823267,0.045079745,0.059881758,0.0488896,0.051961508,0.052151322,0.015396977
ID48,smape,0.022066023,0.025244992,0.0068613035,0.027185144,0.028528191,0.026139747,0.026546296,0.02598042,0.024790607,0.023826405,0.033888888
ID49,smape,0.05771502,0.06463627,0.06357143,0.09046267,0.057460014,0.06268045,0.07628681,0.06590267,0.059054915,0.060120363,0.049605906
ID5,smape,0.046076547,0.04530293,0.051797386,0.0442425,0.045898248,0.047624074,0.044110026,0.047969453,0.045659952,0.047258206,0.2042148
ID50,smape,0.018534312,0.0191252,0.020940794,0.019021574,0.0179277,0.018100131,0.017943528,0.017746942,0.017538318,0.017887909,0.036059935
ID51,smape,0.08840684,0.08952027,0.06865064,0.0964258,0.09314262,0.089969,0.09570034,0.08824185,0.09061208,0.09322581,0.054232806
ID52,smape,0.058930278,0.055345275,0.08119936,0.04955227,0.0502896,0.054990694,0.048928525,0.05555299,0.05438917,0.055458374,0.14214048
ID53,smape,0.014375351,0.008117888,0.037959196,0.011646711,0.013178449,0.0078076087,0.0113862185,0.011008777,0.004348937,0.007817859,0.073479325
ID54,smape,0.031183343,0.025596568,0.04681435,0.02118537,0.030045774,0.025995702,0.026761178,0.027511176,0.019591503,0.028493136,0.06481078
ID55,smape,0.18063149,0.17722878,0.17489244,0.18777975,0.17469713,0.1784054,0.18246795,0.17784604,0.1827061,0.18127964,0.13762201
ID56,smape,0.024089154,0.028693248,0.018645834,0.04041992,0.024841337,0.018147597,0.03284916,0.022773687,0.022955295,0.022649217,0.01992361
ID57,smape,0.102742776,0.09872817,0.108729884,0.08500755,0.093501754,0.09035885,0.09140757,0.09677572,0.09536347,0.094353706,0.13466424
ID58,smape,0.03453801,0.026440078,0.02611463,0.02690949,0.018146804,0.021730518,0.021079581,0.03349453,0.030829566,0.037367463,0.033905905
ID59,smape,0.007856503,0.009354852,0.012946309,0.02414509,0.008233568,0.016314274,0.011660267,0.0112787,0.0079288585,0.0069264616,0.016766468
ID60,smape,0.09563172,0.09665443,0.10344501,0.09256689,0.09565595,0.09820692,0.095757306,0.096122816,0.09645296,0.09706316,0.12077862
ID61,smape,0.01834288,0.018155774,0.016635196,0.019696023,0.018428076,0.018741243,0.018951118,0.01869704,0.019198703,0.01848054,0.013082275
ID62,smape,0.016545422,0.023973098,0.017856468,0.020342717,0.04324432,0.018132657,0.017311007,0.012207746,0.01673292,0.016424766,0.04589615
ID63,smape,0.015673842,0.016653255,0.015097777,0.016435709,0.015669992,0.018160323,0.018082924,0.01747363,0.017709805,0.0183823,0.0028410994
ID64,smape,0.019325681,0.019095497,0.016732043,0.015652422,0.017622173,0.019997671,0.019314023,0.019648869,0.020798052,0.020704005,0.016463414
ID7,smape,0.07619565,0.07282665,0.06642211,0.06374105,0.07204244,0.066572696,0.06550057,0.068409175,0.07541757,0.074867174,0.095234334
ID71,smape,0.0038424404,0.005255037,0.0052233217,0.0059279012,0.0061055403,0.0046346434,0.0044411724,0.0040687574,0.0033133018,0.0030224377,0.02446689
ID77,smape,0.0016261555,0.0006050473,0.0013732519,0.0019278268,0.0016293547,0.0007426467,0.0010831202,0.0015544593,0.002704594,0.0029869508,0.03404173
ID78,smape,0.003193616,0.002442553,0.00503975,0.0030261194,0.0025602714,0.0028297596,0.003490571,0.0026415791,0.0020539365,0.0031014057,0.0039619
ID79,smape,0.0033109132,0.0055981623,0.0047576055,0.007933665,0.006417349,0.0039672535,0.0035695387,0.0031341698,0.0023216472,0.0021063709,0.04380211
ID8,smape,0.050717212,0.050658423,0.054335326,0.04266487,0.04616788,0.088538036,0.09637261,0.07405825,0.08041642,0.08719784,0.108997725
ID80,smape,0.0015678529,0.003323386,0.0031608688,0.0017496292,0.001172406,0.0018002434,0.0017740311,0.00095549366,0.0016019174,0.0013043886,0.045166597
ID81,smape,0.012582141,0.012124402,0.014420563,0.013496696,0.015489683,0.0133419465,0.010755967,0.012752416,0.011678852,0.0107594915,0.026190829
ID82,smape,0.015633466,0.017881474,0.020459943,0.011086584,0.019127036,0.016674541,0.012882458,0.015898684,0.01279052,0.014002391,0.078780964
ID83,smape,0.022914637,0.024537046,0.03331157,0.016017646,0.0251473,0.023527432,0.018821822,0.024410442,0.01825272,0.02219396,0.09907778
ID84,smape,0.015267929,0.011251548,0.029319435,0.012635367,0.011349153,0.011403881,0.014214055,0.010721746,0.0114496555,0.013366231,0.054248367
ID85,smape,0.09857521,0.09145617,0.08714777,0.10407762,0.08962471,0.094255984,0.10147055,0.09287506,0.10231215,0.099775545,0.027964238
ID86,smape,0.16791001,0.16346483,0.20338373,0.15725347,0.15716003,0.16095644,0.1593449,0.16296697,0.16223958,0.16593245,0.28992194
ID87,smape,0.008144289,0.0074295066,0.0067677507,0.01058856,0.008039877,0.008266428,0.009297693,0.008720292,0.009497896,0.009077271,0.019685667
ID88,smape,0.029701997,0.029574292,0.028679753,0.045827404,0.022772338,0.02846451,0.04050899,0.03157164,0.034448776,0.033058215,0.03068309
ID89,smape,0.036180023,0.034187593,0.033144932,0.029139174,0.04254002,0.032596864,0.047408614,0.035807304,0.03226403,0.03470461,0.020225631
ID9,smape,0.06405351,0.06376943,0.038961772,0.041450985,0.050145667,0.07096783,0.061152264,0.066724695,0.0749788,0.074674904,0.11483084
ID90,smape,0.017211331,0.015886636,0.016820185,0.01603314,0.015871225,0.01680338,0.017161015,0.01691386,0.016791536,0.017051857,0.05665454
ID99,smape,0.02985935,0.032348342,0.026222864,0.02644323,0.028271416,0.031178245,0.03279071,0.030989313,0.03267335,0.0313511,0.024575673
