unique_id,metric,SeasonalMBB,Jittering,Scaling,TimeWarping,MagnitudeWarping,TSMixup,DBA,original,qgts(10),qgtse(10),qgts(5),qgtse(5),qgts(25),qgtse(25),qgts(50),qgtse(50),qgts(100),qgtse(100),qgts(200),qgtse(200),SeasonalNaive
ID0,mase,0.7895213,0.56536514,1.000857,0.77362007,0.4464169,0.44025674,0.7406697,0.5830542,0.734044,0.6482158,0.708965,0.6818163,0.55737424,0.8397324,0.8624957,0.7282617,0.56825906,0.63629425,0.56729454,0.5882421,2.0234146
ID1,mase,1.0357077,0.9949429,0.93024796,1.177372,0.8338352,1.1576495,0.565069,1.0599078,1.064592,1.1015004,0.8156639,1.0203627,0.962518,1.0384412,1.0663265,1.1335566,0.9877951,1.125818,1.0803089,1.2368046,1.7774295
ID10,mase,1.4394926,1.3894032,1.2013875,1.2176425,1.3896782,1.4747852,1.3300877,1.4423468,1.4527544,1.4831253,1.5087329,1.5316523,1.4534795,1.4279943,1.3771048,1.4071817,1.4691633,1.5113869,1.3691994,1.4917649,1.8304552
ID101,mase,1.5594431,1.7664949,1.6909217,0.94506025,0.66958493,1.8898709,1.1096116,1.3934954,1.4391935,1.6377681,1.5469962,1.5625261,1.4537934,1.2295479,1.4416752,1.3246769,1.4645765,1.6084969,1.4090534,1.5298202,7.6812987
ID102,mase,0.6405346,0.5639444,0.7154712,0.7821693,0.46062332,0.5627654,0.5039713,0.6695091,0.59468067,0.56541675,0.43904436,0.5269794,0.585017,0.50506103,0.6172723,0.7356049,0.4631219,0.72837967,0.5604007,0.5925147,1.6502922
ID103,mase,0.5518065,0.58756024,0.36925742,0.89302295,0.4090095,0.3995954,0.6601744,0.5857515,0.8494304,0.5707063,0.38796762,0.43911332,0.5508012,0.47485352,0.5461232,0.66859317,0.43862036,0.63311297,0.42168134,0.67196244,2.0384614
ID104,mase,0.24517086,0.35474223,0.7456029,0.49385196,0.29378814,0.2671732,0.37981611,0.39646763,0.2861452,0.37571126,0.2576179,0.37869707,0.30331618,0.24993767,0.24915321,0.19982831,0.29538876,0.35460973,0.31072417,0.34723905,3.302027
ID105,mase,0.29136527,0.37538475,0.036111146,0.2449068,0.113462806,0.17369652,0.5801274,0.18756536,0.29906934,0.34090987,0.35169592,0.29845846,0.17060117,0.3743034,0.2122495,0.44449332,0.28591415,0.26762542,0.21434955,0.12582076,1.8073021
ID107,mase,1.4166204,1.3131441,1.1063683,0.80947536,1.2842144,1.3555801,1.4981209,1.4166338,1.4841404,1.6308525,1.4570397,1.4718254,1.35754,1.3125335,1.4802879,1.4812835,1.4133232,1.3353089,1.4822115,1.387653,2.9213116
ID108,mase,1.0014644,0.9963819,0.8334746,1.2426201,0.7815931,0.89573836,0.72545654,0.99772114,0.925461,0.9512722,0.9682586,0.8601259,0.9411542,0.89129454,1.0051718,0.8212539,0.92510724,0.94641596,0.94754213,0.8384994,0.79044586
ID109,mase,4.6413407,4.673762,4.435239,4.765879,4.508071,4.561634,4.390692,4.595319,4.6420965,4.6009955,4.6045375,4.5499287,4.6011057,4.5880895,4.593541,4.473401,4.558064,4.5360255,4.5524035,4.5178366,4.5462613
ID110,mase,0.04978354,0.39966035,0.57647467,0.6565354,0.30302697,0.1623147,0.39682248,0.32783616,0.3908571,0.4707473,0.36811695,0.27134758,0.18705268,0.6055806,0.24283828,0.37231794,0.34721133,0.4738475,0.27467963,0.35166556,0.49122807
ID111,mase,0.6508892,0.6475435,0.69863385,0.6364185,0.5566072,0.7230965,0.6722976,0.652099,0.73598975,0.52227646,0.566708,0.6054247,0.49231818,0.5498997,0.641086,0.64623415,0.44018143,0.65519994,0.53520757,0.52027124,1.6375946
ID112,mase,0.3182841,0.3677523,0.9541538,0.8526296,0.5006261,0.5558919,0.37018085,0.3805428,0.28173018,0.20169933,0.34907743,0.23790197,0.3212287,0.46480045,0.29443386,0.31302676,0.33711013,0.41489172,0.24282813,0.33274907,2.897561
ID113,mase,0.79865944,0.71842563,0.81134474,0.3905629,0.7859388,0.8110872,0.73375946,0.77892125,0.7611883,0.8341877,0.8017652,0.85806733,0.80053914,0.8090108,0.65771484,0.82138884,0.7575102,0.84311974,0.73204637,0.76995337,0.9585925
ID114,mase,1.1893741,1.0298967,1.5093504,0.5428945,1.1425538,0.998002,0.9216358,1.0379342,1.1654736,1.2139214,1.2509856,1.5792893,1.3678919,1.155207,1.2688441,1.1726105,1.0536492,1.1821045,1.0959044,1.3013542,2.2757685
ID115,mase,1.1819327,1.3576471,0.22885114,1.6750635,1.6282002,1.670522,1.3122672,1.3265847,1.2585503,1.5837344,1.2947464,1.4271865,1.3650004,1.4674507,1.2800373,1.1695707,1.8160568,1.1634545,1.6483312,1.2473546,1.4956268
ID116,mase,0.08951075,0.065766536,0.033920135,0.04595551,0.05351801,0.12281976,0.1101177,0.12232088,0.12943326,0.13607737,0.103989474,0.13004552,0.110096164,0.088528864,0.12765658,0.12842984,0.092337325,0.12398985,0.1342939,0.116592884,1.3096288
ID117,mase,0.26066262,0.25340238,0.30122396,0.3204194,0.3095082,0.3286002,0.2832395,0.28075302,0.263524,0.25740263,0.25203386,0.28571558,0.2728968,0.28633624,0.27664742,0.24825571,0.27479392,0.2770147,0.28330025,0.25622296,1.3030236
ID118,mase,0.19343661,0.1740639,0.07679477,0.07679639,0.14367296,0.04616913,0.24019931,0.14634243,0.19970626,0.21098018,0.1950649,0.17068633,0.1740502,0.13846464,0.16918062,0.17679952,0.14778121,0.15710746,0.16995162,0.18951546,1.0729381
ID119,mase,0.71479845,0.6453579,0.70777416,0.7448541,0.6112493,0.6099203,0.7616357,0.7019533,0.7424167,0.6705602,0.7012677,0.70287025,0.6877294,0.5980388,0.7086972,0.69627875,0.6793524,0.7275616,0.71477926,0.7479963,1.7068273
ID12,mase,0.046627734,0.04506764,0.051911388,0.037565,0.049084358,0.04286716,0.04072542,0.055065148,0.049220577,0.042831626,0.04144427,0.051585894,0.043636106,0.050258256,0.044726104,0.045291953,0.04883018,0.039624073,0.053288136,0.05290465,0.11320755
ID120,mase,0.32315266,0.29530433,0.4795015,0.24709745,0.15575133,0.16496244,0.37484407,0.0975669,0.38572627,0.38117096,0.39699656,0.38559923,0.34796458,0.17019203,0.39456463,0.29151547,0.16835065,0.1955568,0.34212214,0.21874374,2.8591032
ID121,mase,0.4412271,0.43284646,0.40204576,0.4451362,0.46655288,0.43460107,0.4099769,0.46488768,0.46238676,0.40671355,0.45598546,0.43779364,0.40322044,0.42552626,0.43145692,0.43736523,0.42499104,0.41235486,0.43634573,0.42576095,0.43619797
ID122,mase,0.3881705,0.39160782,0.40716803,0.39032698,0.46590713,0.4452228,0.3964788,0.4042585,0.400342,0.4294365,0.41953295,0.41864535,0.3989529,0.42929003,0.414974,0.41368046,0.4273294,0.38100612,0.41794962,0.3870704,1.1764195
ID123,mase,0.6461805,0.60523486,0.24035138,0.24277875,0.46433043,0.3694201,0.733502,0.5434579,0.7575226,0.78401715,0.7345255,0.655128,0.62533516,0.56145746,0.70482177,0.63686126,0.5507584,0.558466,0.63095474,0.6567665,2.0938842
ID124,mase,0.3149341,0.3122782,0.340826,0.24584943,0.3620497,0.36485016,0.31731117,0.32207188,0.3108517,0.3310056,0.3191597,0.34329134,0.30514842,0.33648026,0.30488697,0.33121353,0.31647563,0.29578894,0.33063617,0.4028898,0.602953
ID125,mase,0.69138724,0.7222156,0.52289826,1.2118949,0.4339103,0.47681388,0.42930406,0.6111027,0.5716652,0.65142125,0.52673703,0.48604488,0.5867672,0.5939383,0.66369504,0.3831583,0.6269545,0.48233566,0.5558606,0.5108575,0.16764669
ID126,mase,1.5603992,1.5319165,1.7724257,1.516135,1.3973316,1.4357324,1.5572339,1.5016514,1.5707744,1.5779836,1.5770216,1.574717,1.5111,1.5940831,1.5067414,1.6024964,1.4504267,1.5525813,1.5360997,1.545783,2.4829545
ID127,mase,0.45176917,0.48666567,0.46134186,0.33413407,0.38481146,0.47204313,0.38043955,0.41247955,0.41378453,0.43057072,0.42165902,0.41393968,0.3929091,0.37036103,0.41301516,0.37909418,0.42592677,0.42609468,0.41115758,0.43115306,2.4201362
ID128,mase,0.036083058,0.04733555,0.09659654,0.25173524,0.11818653,0.026075026,0.0773266,0.08507239,0.12614432,0.14157072,0.027605828,0.09565952,0.046665598,0.0425752,0.049973156,0.10821613,0.03074911,0.037851553,0.116934724,0.03451004,2.2648525
ID129,mase,0.3519482,0.3037116,0.20370679,0.20243868,0.26171485,0.33911002,0.395987,0.41161978,0.5222071,0.41096595,0.42410278,0.4410342,0.34662905,0.3415417,0.4071941,0.476145,0.37758815,0.354885,0.42948428,0.42245808,3.544681
ID13,mase,1.139345,1.165729,0.9582494,1.1738681,0.9630844,1.0569662,1.171384,1.2799962,1.1786509,1.1647198,1.2173041,1.1840854,1.1350647,1.0047567,1.2388307,1.2068298,1.2385468,1.1612414,1.1901824,1.1557478,1.4522916
ID130,mase,0.18001142,0.21992809,0.24224468,0.2226943,0.18446265,0.17445672,0.2138371,0.16228193,0.19922033,0.18782553,0.17192845,0.21289827,0.17592824,0.1802889,0.18215437,0.11650073,0.19737068,0.17561984,0.1857861,0.1785787,2.8455555
ID131,mase,0.020939458,0.02408601,0.054221682,0.030143443,0.050821338,0.04715036,0.02817782,0.011627996,0.011627996,0.016375016,0.010261901,0.01898031,0.004256261,0.031683054,0.0068563744,0.023367353,0.017400559,0.0009323115,0.008863434,0.0025004076,1.3034129
ID132,mase,0.15032613,0.18343893,0.11984925,0.15302193,0.089704655,0.21656229,0.14930111,0.16528335,0.18320057,0.13036828,0.13799424,0.14623311,0.18389213,0.15181962,0.15850863,0.16974622,0.20651878,0.17260757,0.14863655,0.16084515,1.029176
ID133,mase,0.8604966,0.76116675,1.0451552,0.55332476,0.70031434,0.8510728,0.7411384,0.7250547,0.7516681,0.7543141,0.75052476,0.76237,0.8587825,0.85830903,0.7839422,0.7714682,0.7166713,0.8119984,0.73844,0.82948744,1.7207462
ID134,mase,1.6716676,1.6214514,1.231804,1.1533654,1.2463843,1.1560587,1.8020672,1.3663509,1.7628691,1.8584762,1.8280569,1.7335081,1.6871641,1.4659746,1.7907429,1.630793,1.4382006,1.474952,1.6730169,1.5928167,3.1866133
ID135,mase,0.056333676,0.14642905,0.20727529,0.5354186,0.17943034,0.13952355,0.41142,0.11105216,0.021421062,0.07961671,0.08554594,0.12404853,0.07865508,0.054354556,0.021312587,0.07853738,0.115707904,0.047671966,0.14947882,0.12567891,0.8353081
ID136,mase,0.5425426,0.5558149,0.42142534,0.6000819,0.48705727,0.5405083,0.39914328,0.52966833,0.5456128,0.51913047,0.54297537,0.49035233,0.5484513,0.55608726,0.508241,0.53955746,0.50518656,0.46878338,0.5061839,0.50143296,0.35698783
ID137,mase,0.8763265,0.99267524,0.58658767,0.4911032,0.7231681,0.9198722,1.1207802,1.0314215,1.250329,1.0675055,1.0561653,1.0683302,1.0443498,0.95571935,0.9753153,0.9524857,0.9007282,0.96241707,0.9995012,1.1010834,1.0893016
ID138,mase,0.31122288,0.35827193,0.3684731,0.3607824,0.29383522,0.31269825,0.3362502,0.30614626,0.33686715,0.32903403,0.30992118,0.35030398,0.31214756,0.3270925,0.3115443,0.26435664,0.328283,0.3212108,0.31709087,0.31899354,2.3620977
ID139,mase,1.5675143,1.5526859,1.5202287,1.5041016,1.4889048,1.5782844,1.5313345,1.4922925,1.4874314,1.4662677,1.5216788,1.5185009,1.5262074,1.5026548,1.5023903,1.5162405,1.5177493,1.4986005,1.4846497,1.5147989,1.3930285
ID14,mase,0.73737,0.74435914,0.78112453,0.8368933,0.82369304,0.72532016,0.7521001,0.793176,0.6762992,0.7652161,0.7132575,0.7185595,0.74482113,0.750088,0.78743,0.7488597,0.75932115,0.7908708,0.7611915,0.7754931,0.4299994
ID140,mase,2.9757717,3.110703,3.1064632,3.6374648,2.317749,2.2621362,3.5265682,2.5096538,2.737467,3.1732707,2.8654366,3.0528526,2.5740445,2.3868103,2.7655618,2.6948667,2.5152164,2.8390427,2.9250662,3.1459796,0.5714286
ID141,mase,2.4955382,2.5723293,1.9958564,3.0379424,2.0557742,2.086994,2.9443629,2.3184536,3.1440406,2.4782662,2.369527,2.425206,2.2295997,2.1506226,2.3314378,2.6856663,2.1281168,2.3060672,2.2226942,2.5448372,1.0826771
ID142,mase,0.18761823,0.12276837,0.37158784,0.14001237,0.23163256,0.14286949,0.17678656,0.17249957,0.29175168,0.14754055,0.26321152,0.20679033,0.20755327,0.21881829,0.21548368,0.13719156,0.23627897,0.19767398,0.22323634,0.20925172,0.8503401
ID143,mase,1.0348716,0.9460795,1.0205247,1.0302501,0.88013047,0.9056246,1.0834687,1.0028139,1.0718925,0.97128546,1.0139176,1.0074877,0.98922235,0.90396386,1.0159613,0.98528117,0.97543854,1.0329401,1.0132952,1.0602301,1.574074
ID144,mase,1.5546305,1.551573,1.3336935,1.3036638,1.2152618,1.4804627,1.615852,1.6384834,1.56898,1.648265,1.5711819,1.6640853,1.6005906,1.5682198,1.6559991,1.6205325,1.5765549,1.6144472,1.6217364,1.5585127,1.1627907
ID145,mase,0.35109487,0.34381828,0.28859797,0.31868646,0.3697413,0.3665023,0.3255091,0.3323373,0.3431864,0.35695583,0.38506907,0.31965742,0.3589774,0.38082576,0.34887874,0.35839373,0.3990034,0.3865644,0.36330408,0.32708597,0.65575624
ID146,mase,0.53512573,0.5483752,0.4142178,0.59256566,0.47973633,0.53309494,0.39197424,0.5222737,0.53819066,0.5117541,0.5355578,0.4830257,0.54102427,0.54864705,0.5008834,0.5321458,0.4978343,0.461494,0.4988299,0.49408716,0.3498916
ID147,mase,0.4450195,0.41465968,0.5053518,0.36684838,0.4559305,0.41864288,0.43633595,0.42944878,0.4680657,0.4425972,0.47409764,0.45466185,0.44203576,0.4522986,0.44399092,0.44319168,0.43382624,0.47673315,0.45320755,0.45091107,0.6132707
ID148,mase,0.059101168,0.071679845,0.19754979,0.23534214,0.08894949,0.08722075,0.110544555,0.071686395,0.06441707,0.08419236,0.056154005,0.058040608,0.05999665,0.07986103,0.063496694,0.06844838,0.06560799,0.0965018,0.02823815,0.060149938,0.15455092
ID149,mase,0.16237955,0.14312033,0.13702501,0.1599214,0.030447474,0.07640866,0.15379238,0.15604569,0.12874557,0.1419905,0.16622247,0.1301176,0.12951034,0.09965646,0.10917317,0.07474349,0.12001001,0.14039087,0.13681379,0.18838869,0.13126473
ID15,mase,1.4590793,1.4813188,1.4230227,1.2342186,1.4192092,1.4814489,1.4654995,1.4863418,1.6358815,1.4294531,1.4099685,1.5446085,1.5163335,1.4639621,1.5314645,1.4827353,1.4316546,1.4875354,1.4712195,1.3772811,1.8256366
ID150,mase,0.13399138,0.18221794,0.29373774,0.3047784,0.14988056,0.17532678,0.24071701,0.15907288,0.16263372,0.15115587,0.08847106,0.16577879,0.10474967,0.11054663,0.09555652,0.17054331,0.14444667,0.18493818,0.11891317,0.14129913,0.20503615
ID151,mase,0.19165921,0.21073696,0.26121593,0.25691438,0.20073718,0.20749669,0.22045484,0.20680389,0.21402314,0.19566086,0.17884868,0.20805001,0.17233503,0.18088874,0.17775774,0.19109136,0.19443741,0.19743647,0.17619428,0.19090538,0.14474365
ID152,mase,0.41868642,0.43082792,0.42048904,0.4359257,0.4762025,0.4067989,0.4097847,0.3932937,0.48400605,0.4249395,0.41740778,0.40555778,0.3923003,0.4054642,0.40768203,0.4185609,0.4034239,0.42603245,0.39577705,0.38221282,0.46729
ID153,mase,1.0568963,1.4538015,0.69104606,3.1318257,1.7799683,1.9215908,1.7747725,1.1777694,0.8942241,1.1639038,0.7387904,0.4521123,0.90812916,0.721701,1.2890079,0.8474163,1.3179191,1.0401595,1.5308734,1.2464299,2.8177965
ID154,mase,0.88011426,1.0763971,0.91030383,1.7169861,0.49835888,0.3848145,1.2781706,0.73695993,0.75846964,1.1859987,0.8417268,1.04049,0.7399748,0.4284762,0.8984552,0.8794057,0.66412777,0.8884568,0.95372504,0.9920802,1.3285024
ID155,mase,1.3202192,1.634481,0.80435175,2.36099,0.90567976,1.2211118,1.2136414,1.1418769,0.5769551,1.2938614,0.9200552,1.063345,1.0893314,1.4945146,1.2118192,1.1790015,1.0138198,0.9200958,1.1163324,1.1430337,0.8336815
ID156,mase,1.5603992,1.5319165,1.7724257,1.516135,1.3973316,1.4357324,1.5572339,1.5016514,1.5707744,1.5779836,1.5770216,1.574717,1.5111,1.5940831,1.5067414,1.6024964,1.4504267,1.5525813,1.5360997,1.545783,2.4829545
ID157,mase,1.1169866,1.1158007,0.8192324,0.66253287,0.79799,0.9788984,1.1184494,1.2529002,1.1312661,1.290307,1.0464573,1.2411193,1.1523181,1.0909938,1.1832776,1.1937855,1.131441,1.2041874,1.2363104,1.1021601,1.7381536
ID158,mase,1.0560209,1.0641712,0.8414715,0.7584928,0.8058955,0.98379165,1.0653561,1.1376728,1.0696266,1.1518075,1.0047983,1.1633618,1.0814375,1.0462098,1.124116,1.1014584,1.0712364,1.1140429,1.1282238,1.0434102,0.95053196
ID159,mase,0.06408536,0.05225553,0.05984406,0.19039428,0.10680892,0.064815134,0.084995136,0.13416825,0.06853672,0.18103157,0.07923952,0.12995982,0.085932,0.054384142,0.097199306,0.12648016,0.08323789,0.11670229,0.14499551,0.078474894,2.0414534
ID16,mase,1.8600106,1.7561451,1.9334711,1.6358571,1.7570795,1.6977857,1.7387165,1.7397506,1.8435591,1.8099371,1.8467228,1.8306495,1.899236,1.8445164,1.8209802,1.8317635,1.6943773,1.893616,1.7796665,1.8369719,2.4200675
ID160,mase,0.9687558,1.0830092,0.7427102,0.6349938,0.912666,1.0852776,1.2652334,1.0778872,1.1782202,1.1118543,1.1319658,1.173435,1.153669,1.0877714,1.0946383,1.0470291,1.0008677,1.0233737,1.0859971,1.2253554,0.7446038
ID161,mase,0.7239935,0.70729125,0.54634,0.50084853,0.41389924,0.6641534,0.77965915,0.7984518,0.73988575,0.81936747,0.7430847,0.81937593,0.7652355,0.7348277,0.8132348,0.78743726,0.74160904,0.7781502,0.79075295,0.74356294,1.7895588
ID162,mase,1.6851248,1.9334954,1.8400714,2.5823507,1.240328,1.0900192,2.3267715,1.2828758,1.5170478,1.9893914,1.6856682,1.9245162,1.5160673,1.2167054,1.6730285,1.627852,1.3892696,1.6730152,1.7987554,1.6131225,0.75376886
ID163,mase,2.0519304,2.098187,2.0299003,2.8084316,1.3479961,1.3491265,2.3270912,1.4437315,1.8822093,2.1886597,1.8664637,2.061634,1.6597916,1.2825807,1.8224541,1.8450155,1.581348,1.9431999,1.9369646,2.0152874,0.3829787
ID164,mase,2.674635,2.690029,2.597638,2.69736,2.4434865,2.7607555,2.5248363,2.6330364,2.7096624,2.7322772,2.5842,2.7990298,2.7103882,2.701921,2.6207573,2.7600272,2.6151268,2.7266376,2.6781664,2.6606317,3.0069637
ID165,mase,0.29736236,0.2815234,0.20952924,0.18576388,0.28959963,0.30853662,0.26130715,0.3049333,0.29690894,0.28065148,0.33591613,0.29829428,0.2883942,0.31519663,0.3217167,0.3205879,0.29352453,0.32277638,0.30075455,0.3255569,0.3997599
ID166,mase,2.023469,1.9818087,1.9897059,2.184584,1.9474196,1.9849067,1.9332854,2.0130002,1.9697222,2.0056245,1.9680449,1.9770145,1.9739648,1.9819847,2.0265841,1.9279169,2.012666,1.9872438,2.0440097,1.9569092,1.9655173
ID167,mase,1.8971765,1.8992261,1.9139059,1.8348296,1.8973992,1.9257324,1.8673604,1.8476413,1.8545455,1.8733684,1.8730189,1.8580738,1.8775982,1.8981409,1.8670517,1.843401,1.8784509,1.854604,1.863281,1.8689965,3.536042
ID168,mase,0.1426528,0.10513913,0.15499496,0.31233686,0.25577262,0.12885202,0.21855986,0.17444097,0.18012346,0.14872788,0.16711934,0.16811945,0.1933683,0.22305027,0.18512969,0.19837165,0.16750333,0.15519269,0.18608393,0.16079494,1.2620192
ID17,mase,1.373068,1.3427343,1.3247625,1.3906844,1.398807,1.3419634,1.433665,1.4139938,1.3989083,1.3932921,1.3859681,1.4077994,1.399796,1.4203192,1.3957895,1.4444723,1.3985515,1.4032145,1.3957453,1.3829771,0.93955517
ID173,mase,0.38267493,0.38754335,0.37516087,0.62328637,0.3803117,0.3844146,0.45988527,0.38439843,0.3701323,0.37084615,0.38405293,0.36244825,0.3780656,0.37620485,0.3833647,0.37140936,0.37077397,0.37949017,0.3686967,0.35709983,0.38770822
ID174,mase,0.14475338,0.17591497,0.19316173,0.17376873,0.14967303,0.16286063,0.15556507,0.1690783,0.1659233,0.167275,0.15723374,0.18575154,0.16966636,0.18833576,0.15396506,0.15646331,0.18642694,0.1630603,0.15228136,0.16332908,1.0432191
ID175,mase,0.23493652,0.22645232,0.24320938,0.20089723,0.23287782,0.23034313,0.22215854,0.22769037,0.23172982,0.23787634,0.23761964,0.25343004,0.24136598,0.23239608,0.23509975,0.23290099,0.23005839,0.23187152,0.22981036,0.239763,0.27427596
ID176,mase,2.7664733,2.7279577,2.6123579,2.8792627,2.3998227,2.958549,2.6213908,2.7236526,2.7752542,2.9046724,2.603011,2.8945487,2.7032633,2.8511622,2.7423308,2.9328222,2.6464891,2.8765202,2.7993143,2.836163,3.3308551
ID177,mase,0.33474872,0.3641621,0.34215537,0.38331452,0.3474348,0.33749598,0.36453247,0.39417168,0.45475075,0.39106518,0.35173532,0.40062544,0.3726353,0.33830625,0.3510291,0.3449591,0.32593223,0.35919806,0.3771316,0.36556634,0.9008314
ID178,mase,0.0625994,0.06170442,0.09827686,0.07814623,0.15968901,0.032406166,0.13923886,0.08345437,0.044407576,0.04601418,0.09953673,0.056530617,0.04981738,0.05526349,0.09182322,0.039204728,0.1064079,0.054221466,0.064222336,0.08031559,0.07614206
ID179,mase,0.028476965,0.12597507,0.11547398,0.12528662,0.20335022,0.063714765,0.13584836,0.12007108,0.057883397,0.057402916,0.10079093,0.09057407,0.08511335,0.18319865,0.12897898,0.17024882,0.2803956,0.15392652,0.14360815,0.17414498,0.5786026
ID18,mase,1.2967806,1.25948,1.2271138,1.2496463,1.2441895,1.3086241,1.2017572,1.262002,1.2871312,1.2605777,1.3469985,1.2731706,1.2922544,1.3120925,1.3135293,1.262815,1.2959478,1.2254083,1.2736197,1.2903662,1.5177279
ID180,mase,0.07711114,0.05427918,0.57031244,0.113568075,0.7132413,0.15346847,0.06593706,0.10304055,0.17517981,0.08932673,0.076070674,0.10523879,0.048392802,0.0330218,0.13683593,0.06967552,0.15981574,0.14730099,0.22218752,0.14357746,1.535254
ID181,mase,1.9526154,1.9645166,2.728252,1.8065716,2.8454194,1.9820106,1.6549886,2.0215015,1.9619178,1.6899108,1.6720449,2.0245616,1.7004985,2.1309946,1.793286,1.8558291,2.160909,1.7605479,2.0907226,1.91418,5.72165
ID182,mase,0.18426496,0.10970098,1.045395,0.4235723,0.7506409,0.08513287,0.2390061,0.06532378,0.26745433,0.227744,0.2816131,0.09731101,0.10213881,0.5236397,0.37311703,0.3749216,0.056643374,0.018085662,0.10946441,0.04615152,2.7380283
ID183,mase,0.47437564,0.3684355,1.1952642,0.8121767,0.26574263,0.28847703,0.34709582,0.34544,0.715213,0.49821153,0.54372686,0.44641626,0.38507235,0.7830157,0.7913878,0.5904545,0.24864085,0.45985234,0.31861076,0.25173074,2.999998
ID184,mase,0.24381623,0.55756193,0.33846366,0.2943334,0.87708193,0.47809666,1.0976635,0.11553565,0.23082991,0.58778393,0.98690355,0.6975818,0.27234823,0.66702867,0.3755438,0.1636223,0.7420497,0.17546758,0.4841973,0.28647,2.8151262
ID185,mase,1.4048597,1.3389717,1.2692207,1.318226,1.2924933,0.92985225,1.4602652,1.4782833,1.5200443,1.3906997,1.1530071,1.3469915,1.0720767,1.3010421,1.4217081,1.0917128,1.5578889,1.2226454,1.4539142,1.3328992,2.4489794
ID186,mase,0.24483272,0.26654926,0.25531223,0.28253284,0.29085705,0.27972084,0.2758326,0.24587904,0.23860115,0.26492256,0.2505684,0.22615433,0.22538322,0.27145115,0.26822498,0.2674021,0.25227684,0.231781,0.2702604,0.26769367,0.35714287
ID187,mase,0.8049868,0.833489,1.1162741,0.6838374,1.247506,0.777678,0.63153017,1.1769415,0.6322195,0.7689118,0.93611014,0.89080125,0.72657794,0.7054672,0.4572854,0.47671944,1.0007625,0.5100409,0.8280971,0.57444507,0.8241758
ID188,mase,4.143633,4.3316684,3.197346,5.6012683,4.4442415,4.578089,4.451662,3.9947114,3.989442,4.069014,3.8146536,3.9516418,4.052802,4.0473957,4.3446937,3.9732237,4.233046,4.1368313,4.460531,4.248553,0.95864654
ID189,mase,0.17322227,0.15369314,0.23697425,0.1593272,0.17671125,0.1372213,0.17181802,0.15881673,0.20564167,0.16606787,0.19720511,0.17676792,0.17813163,0.18520355,0.1766744,0.15813763,0.17707798,0.1747311,0.18195692,0.17912999,0.37439597
ID19,mase,0.6169959,0.55610526,0.68079937,0.55388165,0.5347484,0.59159607,0.5743326,0.5957518,0.58211845,0.54591507,0.5953673,0.54365975,0.5690629,0.5095349,0.63297486,0.57435703,0.590116,0.5483128,0.61478513,0.56836975,2.1662853
ID192,mase,2.8286505,2.687061,2.449731,2.6568727,1.9912627,2.8335328,2.9711375,2.9940186,2.6143482,2.7803457,2.6690168,2.6863425,2.8102539,2.7792222,2.4716341,2.9416678,2.7536824,3.0499551,2.6824777,2.9127076,0.91463417
ID193,mase,3.049022,3.253022,2.4403167,2.5710669,3.2367105,2.7433314,2.6622355,2.5447264,2.7604108,2.7711973,2.8671775,2.9791753,2.4819543,3.362591,3.1171618,2.4639666,3.2148886,2.7735667,2.9339051,2.8386185,1.374868
ID194,mase,0.6388947,0.5492038,1.0612212,0.20568465,0.41881293,0.582625,0.5784535,0.62050825,0.62524945,0.61029714,0.6962402,0.6224198,0.6435014,0.8071529,0.78467745,0.62331045,0.705883,0.6531038,0.5593036,0.65194994,2.1226304
ID195,mase,2.501752,2.4797153,2.3906426,2.2439215,2.4855456,2.6138124,2.3815513,2.5326762,2.426971,2.4555418,2.3992276,2.4318871,2.3746216,2.3551543,2.456845,2.504766,2.6187165,2.4350555,2.4702165,2.4232898,2.10476
ID196,mase,0.62493753,0.7002245,0.8623716,0.92448163,0.7203741,0.5641998,0.6650212,0.76496553,0.6074623,0.5135317,0.51972634,0.4229685,0.5659212,0.73028815,0.7770079,0.6273886,0.5090308,0.38488907,0.7811529,0.46590832,0.33703357
ID197,mase,0.12982674,0.15316105,0.17173691,0.17612286,0.12349948,0.1270897,0.15049076,0.11927776,0.15194473,0.14164543,0.13265857,0.15223046,0.1443344,0.1247118,0.13717003,0.109626,0.11996135,0.13189754,0.13635425,0.13752651,1.925
ID198,mase,0.641857,0.6219495,0.7095156,0.72490436,0.6490223,0.63059705,0.5721592,0.63840914,0.58853436,0.6373149,0.6193443,0.5987738,0.60868084,0.61690253,0.58585906,0.6233617,0.64157313,0.6488983,0.62805474,0.59246916,1.1333333
ID199,mase,2.9271636,2.852777,2.4328327,1.9966395,2.4708445,2.5341494,2.8063526,2.866165,2.7088723,2.7454345,2.627901,3.0428402,2.2242882,2.482489,2.5872886,2.2493014,2.9469106,2.354659,2.7744071,2.5476446,2.4128654
ID2,mase,1.4859812,1.2671591,1.1575657,2.2030902,1.0613312,1.4466178,1.7580124,1.6819682,1.6508561,1.4238465,1.3052938,1.3620151,1.4570594,1.8128629,1.2056094,2.28278,1.9040828,1.4413276,1.8005276,1.4659226,1.233998
ID20,mase,2.0773294,2.077647,2.0486088,2.0995772,1.9903208,2.0994442,2.035239,2.0659258,2.0800526,2.0916045,2.0451467,2.094071,2.0531473,2.0997517,2.070398,2.09537,2.0496209,2.075074,2.0823753,2.064343,2.1860843
ID200,mase,1.9305367,1.8010155,2.4101431,2.5036376,2.2558503,1.9659798,1.805036,1.6850228,1.5842997,1.6894445,1.8063965,1.6984468,1.7658056,1.9134003,1.8276795,1.830432,1.8879908,1.7781979,1.7408539,1.7870394,5.0329757
ID201,mase,0.94446987,0.93968636,0.6931596,0.57906824,0.73018545,0.81349707,0.9410669,1.0592216,0.9490622,1.0976845,0.8919142,1.0282217,0.9741387,0.9077819,0.9787225,1.0146646,0.9520453,0.9822005,1.0400636,0.9178166,1.2861842
ID202,mase,0.28491223,0.24322519,0.33531445,0.13373525,0.25718078,0.25226477,0.24223317,0.28670284,0.28515446,0.2590436,0.29217848,0.28989255,0.3061494,0.29270804,0.28490248,0.32042375,0.24819693,0.29726672,0.26046965,0.28411347,0.69105685
ID21,mase,0.29453003,0.34824964,0.37695163,0.7907141,0.4321785,0.33000034,0.39563262,0.47306457,0.32793632,0.2635871,0.26372886,0.2465662,0.24648654,0.49365214,0.41028285,0.19926105,0.280973,0.28279802,0.45805493,0.32384068,0.5606472
ID22,mase,3.093538,2.9747202,2.6746724,2.4162657,2.2328222,3.0334754,3.238178,3.3058376,3.1956725,3.464797,3.1651993,3.3616111,3.2127094,3.098854,3.3485284,3.3148625,3.1187818,3.2980976,3.3489983,3.2069638,5.221981
ID23,mase,1.1263435,1.0006646,0.961908,1.4553567,0.99919903,0.88941437,1.5302856,1.1128781,1.3392107,1.2214668,0.7662217,1.0518663,0.8132407,1.0138898,1.0432115,0.84368217,1.4565448,1.1121007,1.1304123,1.1172769,2.5647058
ID24,mase,1.5577122,1.242248,1.869803,1.4083683,1.1238087,1.26326,1.529555,1.293301,1.4761935,1.35851,1.4551389,1.4018106,1.320945,1.605317,1.6216389,1.4807128,1.2949517,1.3021667,1.284761,1.3188396,3.026011
ID25,mase,1.4022155,1.1182418,1.6831522,1.2677796,1.0116259,1.1371566,1.376869,1.1641988,1.3288343,1.2228984,1.3098814,1.2618766,1.1890832,1.4450681,1.4597607,1.3329023,1.1656847,1.1721795,1.1565112,1.1871879,2.723943
ID26,mase,1.2774473,1.1984148,0.9435934,0.8410125,1.1346034,1.0265431,1.102397,1.012628,1.2517697,1.314054,1.2250688,1.2724867,1.1488365,1.1559829,1.0485168,1.1000314,1.0288839,1.076166,1.0849105,1.363005,2.1117053
ID28,mase,2.388236,2.190437,2.2338276,2.391475,2.0872955,2.5133305,2.2919788,2.2694535,2.1482427,2.3080842,2.375351,2.6782885,2.7883444,2.5181398,2.3496728,2.590443,2.3249278,2.3822255,2.391073,2.341692,3.0583684
ID29,mase,1.3219101,1.309699,1.2125962,1.4196317,1.4508032,1.327326,1.39071,1.3800977,1.4031823,1.3207704,1.3639195,1.330897,1.3158814,1.3040962,1.4001333,1.3736346,1.3642292,1.363671,1.4408088,1.3498987,0.52228415
ID3,mase,4.2197227,4.0694456,3.6170492,2.977749,4.021494,4.6199965,3.8446474,4.0481477,3.837688,4.0833483,3.705118,4.128507,3.3922427,3.5249104,3.7261877,3.565095,4.332739,3.769285,3.9845364,3.7447915,2.7211468
ID30,mase,2.1754377,2.2481182,2.0814402,2.2502816,2.092172,2.2427552,2.2341442,2.2400074,2.1980922,2.1684244,2.19461,2.1815205,2.2486317,2.2328963,2.3547306,2.2073767,2.3455255,2.2335937,2.2219458,2.3172643,1.7541614
ID31,mase,0.8644726,0.7609398,0.9278773,0.73536855,0.8911073,0.87650615,0.77586913,0.6679926,0.781485,0.77734864,0.7435047,0.80559206,0.85691494,0.8836369,0.6956744,0.761783,0.6618678,0.79505193,0.77865964,0.8285949,1.3923999
ID32,mase,1.188963,1.2626941,1.2321404,1.3471855,1.3601749,1.1674037,1.2228186,1.2388084,1.2487701,1.2158172,1.2060714,1.2042539,1.2091638,1.2682874,1.2579781,1.1423455,1.1842343,1.2916696,1.1800479,1.155267,0.9528595
ID33,mase,2.5142765,2.6157818,2.7395144,1.8788605,2.4155157,2.573279,2.3481805,2.5210884,2.5749114,2.4666176,2.335567,2.3664567,2.3722973,2.5742502,2.5983732,2.399755,2.5506647,2.2195895,2.4094133,2.2341406,3.9078948
ID34,mase,0.2988986,0.3970397,0.7433641,0.38529822,0.13431272,0.17859001,0.57484114,0.27804804,0.3475955,0.2289403,0.23577191,0.21245982,0.3415983,0.20610315,0.25563335,0.27484372,0.24772431,0.44610065,0.22762518,0.5854515,1.2067039
ID35,mase,0.84533226,0.7831717,1.3201348,0.51133126,0.7429687,0.6369525,0.8231463,0.811887,0.8822644,0.79318446,0.88960254,0.7733543,0.79504216,0.5885738,0.75090665,0.86920345,0.52008617,0.92500603,0.7607275,0.81134206,2.2772276
ID36,mase,0.7153422,0.8850274,0.6580071,1.1568266,0.8361015,0.8076794,0.9292034,0.62983054,0.7700382,0.8458171,0.76453936,0.76196265,0.73607934,0.7893343,0.8133465,0.61306584,0.9435682,0.65860367,0.82633847,0.77315825,0.5676745
ID37,mase,1.8435041,1.889958,1.4763361,1.2285482,1.3628432,1.488374,1.7996491,1.519784,1.6932566,1.8167981,1.571884,1.9056212,1.3456517,1.4844543,1.5687912,1.2777225,1.6146411,1.403862,1.7401918,1.471712,1.29101
ID38,mase,0.44098768,0.4088669,0.49297166,0.6173343,0.36634457,0.44550133,0.45561263,0.4908086,0.5005062,0.44200477,0.4117152,0.4026965,0.52269083,0.40654334,0.36656895,0.5725236,0.39607194,0.49707696,0.4404857,0.561112,0.8505703
ID39,mase,0.76756835,0.64238036,0.83443904,0.4525498,0.23400027,0.76859456,0.77360564,0.6080143,0.6654251,0.68064106,0.79071736,0.8119456,0.7062616,0.8269557,0.6942399,0.8174583,0.5998688,0.75908166,0.62489223,0.79667336,0.9867602
ID4,mase,1.0152462,0.95762295,0.9329435,0.9616233,1.021185,1.019727,0.975325,1.0326357,0.98327756,0.9998033,1.023217,0.9687128,1.0285194,1.0173056,1.0117531,1.0910562,0.99541587,1.0136584,1.0071126,1.0115032,3.28451
ID40,mase,1.217015,1.1666547,1.4761444,1.1141199,1.1697253,1.1521524,1.1842207,1.1547406,1.2026447,1.148372,1.2050887,1.1494037,1.152863,1.1658756,1.2051717,1.177934,1.190157,1.2171197,1.1776506,1.1985147,1.9982201
ID41,mase,0.2969016,0.31020442,0.60252684,0.44776303,0.11368036,0.18455355,0.23179275,0.22209856,0.44185877,0.2152443,0.30980524,0.23689882,0.24148479,0.42889833,0.44444713,0.34543842,0.18758243,0.31015077,0.22285676,0.14761594,1.448036
ID42,mase,1.6705106,1.6310215,1.6017743,2.0154545,0.8322931,1.0519358,1.9211335,1.6724876,1.5488415,1.362833,1.9256189,1.584682,1.6485025,1.4299763,1.3928475,1.0816205,1.235564,1.5739872,1.6458223,2.1401806,0.64435786
ID43,mase,0.20697902,0.30335853,0.4163931,0.9639595,0.2875431,0.16712044,0.7136965,0.21729149,0.15464427,0.315476,0.28537104,0.3429624,0.18832704,0.07715197,0.13318409,0.05921678,0.2779702,0.1406511,0.2584919,0.23651233,1.6763848
ID44,mase,0.75246227,0.79200566,0.63338965,0.8169524,0.78526634,0.81234574,0.75884503,0.8354115,0.72260994,0.7872582,0.7488097,0.70334166,0.77187544,0.6901028,0.76280504,0.7390091,0.82029665,0.77609247,0.75495994,0.71959907,0.4166667
ID45,mase,0.14662708,0.14977239,0.06221747,0.065864295,0.083081074,0.090715595,0.16888836,0.14468457,0.19415492,0.11135288,0.17606956,0.14679506,0.16515632,0.113367684,0.14760812,0.13759592,0.16651419,0.13499719,0.15012828,0.16198762,0.5273433
ID46,mase,2.8204257,3.073089,2.1791005,3.5798957,2.5521007,2.8212304,2.8187857,2.735782,2.3394723,2.8219836,2.5163615,2.6751761,2.6873114,2.939378,2.7286062,2.8146424,2.6120498,2.6200914,2.6934206,2.7237732,1.2773722
ID47,mase,1.1833047,1.2847055,1.3058324,1.5575042,0.7385689,0.73059237,1.6002785,1.0518715,1.042293,1.3084117,1.1254443,1.2258701,0.906585,0.82675177,1.0403082,0.95476234,0.8800388,1.0757283,1.1490501,1.4117637,0.41269842
ID48,mase,0.9984141,1.1020746,0.41946256,1.3155518,1.603974,1.3463464,1.1526154,1.4502665,1.0361054,1.1254209,1.0717036,1.0885073,1.0643,1.4482394,1.4369485,1.1820898,1.5860847,1.0573559,1.366034,1.0162766,1.3541666
ID49,mase,1.1849866,1.3556414,1.48785,2.1048043,0.8810083,1.1635332,1.8680369,1.2896491,1.0826077,1.2334236,1.0603912,1.3115861,1.2408673,0.9798219,1.1098698,1.0713342,0.90738666,1.148608,1.3501142,0.7900125,1.2055137
ID5,mase,0.6169824,0.556096,0.68071723,0.55388165,0.53479517,0.5915932,0.5743278,0.59571534,0.58208907,0.54590726,0.59534466,0.54363745,0.5690695,0.50955796,0.6329483,0.5743459,0.59006476,0.54831773,0.6147635,0.5683655,2.166205
ID50,mase,0.4930657,0.5132175,0.53000784,0.5148101,0.45983943,0.5347618,0.47223917,0.48821625,0.50249285,0.53404915,0.5067681,0.51606184,0.49819663,0.494491,0.4987906,0.50164455,0.46643123,0.50406,0.5022617,0.50941974,1.0
ID51,mase,1.6669692,1.696425,1.2986801,1.8272427,1.8381256,1.7373047,1.6485223,1.631102,1.7101079,1.6737672,1.5681632,1.6660703,1.669009,1.7025838,1.6869156,1.563174,1.7223802,1.641244,1.7017306,1.7293909,0.95744675
ID52,mase,1.3467872,1.3958937,2.0447605,1.2190068,1.1883694,1.3244623,1.3796902,1.5480477,1.2748969,1.2587422,1.2807894,1.3378477,1.4685041,1.4013386,1.376214,1.5554857,1.2819487,1.5788287,1.2235218,1.3192552,3.28125
ID53,mase,0.33498552,0.36046162,0.8597867,0.6563483,0.39953503,0.35649738,0.3115657,0.26116687,0.66551936,0.30979398,0.6084236,0.38620177,0.37859356,0.34142992,0.38185483,0.24104829,0.36244953,0.5991818,0.41224644,0.3778609,1.7460316
ID54,mase,0.9401864,0.71491593,1.6450912,0.745956,1.1294162,0.9058854,1.0176069,0.9749045,1.2903662,0.97072446,1.2403891,1.0836458,1.0257257,0.9291641,0.97431755,1.0806278,0.9808766,1.3822976,1.0641589,1.0383071,2.242268
ID55,mase,3.9537725,4.0124354,3.7904484,4.142644,3.8741152,3.852913,4.1175666,3.9801447,4.0044966,3.929957,3.8879273,4.001688,4.061163,3.9503632,3.911439,4.197822,3.7528884,4.045552,3.925197,3.9995637,2.923946
ID56,mase,1.1001291,0.9210354,0.9182392,0.9247651,1.0641915,0.76762795,1.4225079,1.1077454,1.0784776,1.1024737,1.0820879,0.98286587,0.9115493,0.8231949,0.88556844,0.9964521,1.2234632,1.1498533,1.1122301,1.153109,0.91397774
ID57,mase,1.8599828,1.7561218,1.933449,1.6358343,1.7570567,1.6977588,1.7386916,1.73973,1.843533,1.8099132,1.8466979,1.8306264,1.8992095,1.8444884,1.8209574,1.8317378,1.6943566,1.8935876,1.7796435,1.836949,2.420024
ID58,mase,1.3482407,1.4530038,0.87805814,2.0675476,0.9098837,1.2989321,0.83439845,0.76566476,1.3801647,1.0708759,1.1232761,1.1588984,1.0243044,1.5133183,0.9432543,0.96225727,1.0693684,0.69217604,0.9417017,1.1044769,1.3606694
ID59,mase,0.29453003,0.34824964,0.37695163,0.7907141,0.4321785,0.33000034,0.39563262,0.47306457,0.32793632,0.2635871,0.26372886,0.2465662,0.24648654,0.49365214,0.41028285,0.19926105,0.280973,0.28279802,0.45805493,0.32384068,0.5606472
ID60,mase,2.3237736,2.2966695,2.4772344,2.1963677,2.2338765,2.306468,2.3058834,2.2993186,2.3127887,2.3138347,2.3225687,2.2969491,2.3279407,2.3737578,2.3340666,2.3179116,2.3374887,2.3312507,2.2905262,2.324402,2.8290734
ID61,mase,1.0213299,1.0002772,0.92005897,1.0292077,1.0569153,1.0161731,1.0445323,1.0217451,1.0612432,1.0186677,1.0419813,1.02617,0.9806344,1.0344923,1.0615615,1.0024807,1.0148664,1.0074655,1.0591859,1.038605,0.6934673
ID62,mase,0.6196837,0.5738113,0.43078145,0.54071885,1.4352518,0.80864036,0.7198896,0.73266053,0.7565039,0.6627822,0.4788988,0.7039608,0.6274066,0.54921937,0.36105463,0.5031786,0.79086614,0.8038617,0.8818456,0.7336661,1.5276753
ID63,mase,1.199084,1.4325334,1.3055912,1.4159709,1.2598382,1.1715875,1.7130259,1.2830957,1.3857098,1.3722969,1.4832792,1.495638,1.2463715,1.4019161,1.5476346,1.4347265,1.3094368,1.2476907,1.4025415,1.3653721,0.21714157
ID64,mase,0.8707269,0.87928444,0.7831253,0.7845145,0.7698757,0.82457376,0.88970983,0.84335643,0.96610045,0.8145707,0.9293594,0.92014897,0.9275682,0.8285019,0.89826035,0.8868547,0.86919284,0.88739717,0.9004247,0.90717703,0.73684216
ID7,mase,1.439319,1.3892363,1.201226,1.2174973,1.3895067,1.4746104,1.3299264,1.4421827,1.452592,1.4829692,1.5085721,1.5314957,1.4533271,1.4278076,1.3769276,1.4070082,1.4690315,1.5112156,1.3690245,1.4916073,1.8302919
ID71,mase,0.20933375,0.21163878,0.2779838,0.25940746,0.31863695,0.2363776,0.1830897,0.1870833,0.19750522,0.1878831,0.1975985,0.18278845,0.18879116,0.19629696,0.1866148,0.19369711,0.20276283,0.18867752,0.1963302,0.19072631,1.1241829
ID77,mase,0.049969476,0.031278152,0.038220417,0.05834363,0.114921674,0.041170705,0.06063712,0.06702588,0.0580629,0.08728769,0.049641963,0.073438466,0.055806488,0.04164653,0.07385073,0.06700116,0.04405213,0.06525146,0.068792336,0.058545787,1.3378868
ID78,mase,0.15269268,0.19588405,0.3042014,0.28004187,0.16834098,0.17846155,0.21634421,0.2043042,0.22418797,0.14853908,0.1572094,0.20459934,0.13453238,0.13888079,0.09996752,0.1384116,0.19572957,0.1399506,0.15991737,0.1550133,0.22193076
ID79,mase,0.17370205,0.19988114,0.2605063,0.33642143,0.3338564,0.18931645,0.14741625,0.12776844,0.15542254,0.09024591,0.1649962,0.113854505,0.15118676,0.1779862,0.12648815,0.12511654,0.17073007,0.12864068,0.11328475,0.15556112,1.9231812
ID8,mase,0.6298482,0.9634244,0.9084541,0.7146868,0.31637713,0.65894717,1.3813534,0.45831642,0.6068424,0.3749961,1.197415,0.49472886,1.364505,0.69611204,0.8384939,0.82837677,1.6290143,1.3132526,0.8456876,1.1547083,0.7216747
ID80,mase,0.085054934,0.124672316,0.09587796,0.0867367,0.04131015,0.104248285,0.07080079,0.05136617,0.07595375,0.07279219,0.06502934,0.078804895,0.0663779,0.044934593,0.060309395,0.032053363,0.06053494,0.06660108,0.05968384,0.06952767,1.8460575
ID81,mase,0.43479517,0.47678038,0.56128716,0.5923359,0.6301872,0.6178819,0.487479,0.54862505,0.45741618,0.47155356,0.49754554,0.49590912,0.51312846,0.5141483,0.55017704,0.45498177,0.51656604,0.45827723,0.5080111,0.48768416,1.0375717
ID82,mase,0.5581371,0.6225256,0.6281986,0.5856821,0.69213474,0.67586684,0.54037845,0.6115666,0.52191234,0.6479864,0.5642856,0.6119324,0.64463574,0.62555426,0.5587755,0.6123229,0.65031946,0.58067095,0.5712949,0.5303983,2.6438124
ID83,mase,0.7487258,0.79212123,1.0811781,0.68926483,0.75676054,0.8530544,0.76347816,0.77284616,0.6739873,0.8470567,0.665039,0.8272726,0.9604971,0.8023308,0.6181405,0.8394578,0.8893895,0.8713757,0.6990525,0.6730151,3.0711172
ID84,mase,0.4908442,0.4081014,0.84947824,0.4787551,0.46867844,0.49075058,0.47941762,0.4973411,0.5332706,0.48387918,0.585551,0.49794078,0.41783306,0.5579018,0.46468303,0.52861196,0.31671178,0.45104957,0.41251585,0.37942567,1.6303631
ID85,mase,3.7679272,3.994806,3.354833,3.941885,3.6248586,3.547689,3.816104,3.8018637,3.7413998,3.685456,3.6433735,3.5935817,3.7631743,3.57545,3.7303808,4.0218587,3.4601543,3.9668539,3.6701803,3.823159,1.0492228
ID86,mase,3.8876002,3.7734532,4.653273,3.7098684,3.447085,3.684435,3.7807004,3.622111,3.8734543,3.7513134,3.7997634,3.8156826,3.9482906,3.6167548,3.4958305,3.8413231,3.5088573,3.9249978,3.519642,3.8614774,6.216418
ID87,mase,0.5242192,0.45091683,0.5023415,0.53485024,0.5069937,0.44873196,0.5767448,0.5059558,0.5721156,0.4957501,0.5420389,0.5141364,0.48713964,0.43993574,0.5412789,0.5128712,0.49665138,0.5178228,0.54734063,0.55827105,1.1665987
ID88,mase,0.814962,1.0947477,1.0417384,1.5807874,0.5211982,0.6561183,1.5968076,0.70083064,0.8193896,0.9635427,0.9450903,1.115349,0.8187284,0.65290624,0.8328233,0.7129036,0.5448839,0.81909466,0.9693854,0.2407066,1.1045752
ID89,mase,1.20297,1.282031,1.2913955,1.0407767,1.3898623,1.2242587,1.4065641,1.2378852,1.2692623,1.1316882,1.4230076,1.1988769,1.1744931,1.2225394,1.2200919,1.2615399,1.2947228,1.3380765,1.1256763,1.1249192,0.688405
ID9,mase,1.6074916,1.7578822,1.0772293,1.1832256,1.2733538,1.4482394,2.1091733,1.3109392,2.4553006,1.6409038,1.9285456,1.908178,1.9085642,1.6796901,1.954323,1.7177542,1.5762253,1.5799879,1.7960551,2.0593834,2.6258903
ID90,mase,0.6608974,0.63000196,0.5958312,0.60229963,0.62146395,0.62145466,0.6443701,0.6212364,0.6308216,0.62553626,0.6389488,0.6089997,0.6271282,0.60752314,0.61246765,0.66369087,0.588364,0.6373827,0.6133079,0.6233318,2.0514135
ID99,mase,0.5652235,0.59607893,0.5500672,0.49354014,0.62924236,0.5822555,0.6592821,0.55880445,0.56519383,0.59466916,0.6522106,0.6196397,0.5875722,0.61241287,0.54840994,0.51754606,0.6402887,0.50841933,0.60355055,0.5473707,0.44457856
ID0,smape,0.35824734,0.29104668,0.4087575,0.34980693,0.25063366,0.24909002,0.34531438,0.29738763,0.346355,0.31944847,0.3370902,0.3295868,0.28965533,0.3738275,0.37692887,0.3400878,0.29356793,0.31492317,0.29275525,0.30005643,0.582232
ID1,smape,0.029967984,0.028822806,0.027004745,0.033922784,0.024270155,0.033378936,0.016578421,0.030646592,0.030778158,0.031814948,0.023746118,0.029540954,0.027909037,0.030041335,0.030824086,0.03270209,0.028626725,0.032481626,0.031217402,0.03558213,0.05035425
ID10,smape,0.07507915,0.07254332,0.063303396,0.06385154,0.07264167,0.07695963,0.06960188,0.07521846,0.075786516,0.07743494,0.07857243,0.08006198,0.075833976,0.07451693,0.0719149,0.0734779,0.07663673,0.07902387,0.07151663,0.07787407,0.0952381
ID101,smape,0.016005006,0.018158497,0.017352792,0.009611318,0.006833274,0.019456342,0.011324278,0.014283488,0.014741376,0.016805531,0.015865784,0.016019301,0.014885711,0.012572483,0.014773955,0.013555473,0.015027875,0.016502732,0.014432185,0.015682124,0.08416291
ID102,smape,0.0144393705,0.012658636,0.016170956,0.017737843,0.010288527,0.0126430895,0.011302912,0.015102944,0.013369426,0.012700319,0.009799684,0.011802966,0.013155269,0.011301963,0.013895284,0.01665669,0.0103592975,0.016498474,0.012582411,0.013319929,0.038541503
ID103,smape,0.018764306,0.020042414,0.012854348,0.030050784,0.014164578,0.013736999,0.022462996,0.01993291,0.028456163,0.019428732,0.013228375,0.015124261,0.018682454,0.016238961,0.018499987,0.022431552,0.015080067,0.021448512,0.014545158,0.022680162,0.07479355
ID104,smape,0.0063809594,0.009308826,0.019548815,0.013175337,0.007781308,0.006862427,0.010027471,0.010363499,0.007639166,0.009906419,0.0068314737,0.009850464,0.00779072,0.0063771466,0.006588056,0.0050786575,0.0076113213,0.009102006,0.0082397945,0.009163422,0.09579012
ID105,smape,0.007108474,0.009240385,0.00090082514,0.0061362386,0.0027790077,0.00421259,0.014271412,0.0045386218,0.007248898,0.008277053,0.008678387,0.007298965,0.0040984573,0.009101621,0.0051230285,0.010807906,0.0070077064,0.0064812917,0.0051891003,0.003096575,0.047724474
ID107,smape,0.02866735,0.026630726,0.022557262,0.016634632,0.026077509,0.027465379,0.030290853,0.028649293,0.030047497,0.03284716,0.029448299,0.02976649,0.027519202,0.026627783,0.029916152,0.029908333,0.028579444,0.027070686,0.029959824,0.028087106,0.06490578
ID108,smape,0.04955679,0.04946972,0.04201319,0.060913514,0.039282817,0.04469566,0.03671263,0.0495962,0.046231363,0.047201857,0.048026487,0.04312426,0.04678484,0.044458583,0.049628597,0.041009292,0.046260327,0.04700271,0.047182783,0.041958857,0.039282326
ID109,smape,0.31365523,0.315511,0.30796137,0.31988087,0.30882627,0.31122208,0.30535388,0.31239846,0.31426662,0.31230143,0.31173766,0.31105086,0.31204695,0.3116478,0.31130958,0.30758333,0.31143838,0.3103858,0.31016678,0.3094442,0.308668
ID110,smape,0.00325676,0.025592692,0.036568377,0.03957557,0.017512528,0.009367552,0.024926882,0.019360064,0.023757964,0.029435962,0.022293624,0.01605293,0.012252755,0.036757298,0.014694419,0.022355516,0.021244165,0.02980296,0.01705006,0.022610454,0.025547445
ID111,smape,0.023990067,0.023791555,0.02570033,0.023301948,0.020363387,0.026656946,0.024694739,0.023973607,0.027241994,0.018981796,0.020718107,0.022202965,0.017903147,0.020092309,0.023591112,0.023693793,0.01595463,0.024122635,0.019450996,0.018909996,0.063951194
ID112,smape,0.006455333,0.007462713,0.019563597,0.01744067,0.0101658,0.011300031,0.0075025894,0.0077190455,0.0056793643,0.004092482,0.007083363,0.004814162,0.006512139,0.009438425,0.0059707686,0.006354738,0.006837162,0.008419795,0.004915689,0.0067477394,0.0619185
ID113,smape,0.074011445,0.066083886,0.07515825,0.034772296,0.07267247,0.07538607,0.06754169,0.07201742,0.070298806,0.07767007,0.074452095,0.08020534,0.07434718,0.0749489,0.060100574,0.076399185,0.07028551,0.07877092,0.06733148,0.07127325,0.09106314
ID114,smape,0.04564311,0.039136067,0.058439963,0.019934611,0.04364255,0.037932664,0.03479217,0.039443467,0.044592775,0.0464393,0.048085205,0.061727166,0.052874804,0.04425132,0.04875083,0.044925764,0.0399924,0.04534952,0.041768078,0.05020733,0.092621416
ID115,smape,0.023311092,0.026695963,0.0046282336,0.032786243,0.031861767,0.0326533,0.025815338,0.026107442,0.02483536,0.031018617,0.025501074,0.028046867,0.026863798,0.02881097,0.025159977,0.023038885,0.03532941,0.0229934,0.032207645,0.024597827,0.031229775
ID116,smape,0.0018116977,0.001333512,0.0006910599,0.0009315564,0.0010828363,0.0024831155,0.0022323509,0.0024730663,0.002618135,0.0027512158,0.002103506,0.0026309355,0.002228937,0.0017927513,0.0025810308,0.0025948202,0.0018689253,0.002507682,0.002716505,0.0023573348,0.027297128
ID117,smape,0.0050095245,0.004868197,0.0057772407,0.0061511253,0.0059439293,0.0063113524,0.0054480173,0.0053913426,0.0050706333,0.0049523963,0.004848134,0.005492011,0.0052446076,0.0055002216,0.0053185,0.0047695707,0.00527668,0.005320951,0.005444322,0.0049259253,0.025651325
ID118,smape,0.004692895,0.004223545,0.0018682872,0.0018701663,0.0034913267,0.0011248562,0.0058251563,0.0035544555,0.004847261,0.00511819,0.0047326237,0.0041462034,0.0042262464,0.0033652312,0.0041087754,0.004288842,0.003588118,0.003815203,0.004127148,0.0045982716,0.02690771
ID119,smape,0.014636412,0.013240978,0.014512321,0.015261909,0.01255516,0.0125195915,0.015587721,0.014386636,0.01520376,0.013749341,0.014367964,0.014409789,0.014094909,0.012286266,0.014524416,0.014253447,0.013937375,0.014898921,0.014647691,0.0153152,0.036951285
ID12,smape,0.0033341455,0.0032254898,0.003710553,0.002685289,0.0035123157,0.0030681486,0.0029222544,0.003938715,0.003521299,0.003066011,0.0029716506,0.0036924332,0.0031188447,0.0035985578,0.0032035639,0.0032369962,0.003492289,0.0028313221,0.003812506,0.0037849064,0.008152089
ID120,smape,0.00667645,0.006101462,0.010054448,0.00513732,0.0032437125,0.0034326336,0.0077509903,0.0020469246,0.007999525,0.00786746,0.008181232,0.007969912,0.007188636,0.0035444251,0.008149851,0.006023107,0.003507655,0.004065132,0.0070802476,0.0045334147,0.06325111
ID121,smape,0.009873012,0.009681921,0.008985797,0.0099600945,0.010444995,0.009722827,0.00916582,0.010407281,0.010350607,0.009091916,0.010205244,0.009794228,0.00901393,0.009516133,0.009650824,0.009784299,0.009504982,0.0092198625,0.009761354,0.009522585,0.009761629
ID122,smape,0.009277282,0.009358147,0.009732034,0.009324818,0.0111545995,0.010654891,0.009475697,0.0096632885,0.0095693525,0.010272454,0.010033872,0.010010228,0.0095343245,0.010268353,0.009921764,0.009892485,0.010219272,0.0091014085,0.009994023,0.009247872,0.028697021
ID123,smape,0.012153488,0.011388751,0.0045553017,0.004607478,0.008771813,0.0069967294,0.013785799,0.010242662,0.014226861,0.0147098545,0.013791713,0.012329534,0.0117709525,0.010582425,0.013248552,0.011973828,0.010376633,0.010524256,0.011878033,0.012349391,0.041628893
ID124,smape,0.013444411,0.013343142,0.014568599,0.010499338,0.0155093325,0.015631344,0.01355255,0.013752416,0.013283899,0.014142231,0.013627566,0.014677499,0.013017606,0.014380971,0.01302203,0.014153407,0.013512263,0.012630362,0.014126524,0.017292809,0.025256462
ID125,smape,0.022543427,0.023686748,0.017445527,0.039117865,0.014382543,0.015791293,0.014424989,0.020188283,0.018899692,0.021247566,0.01739998,0.01617014,0.019118823,0.01931414,0.021281946,0.012669138,0.020548463,0.015822407,0.018327482,0.01679623,0.0057345387
ID126,smape,0.030396856,0.029823309,0.03467016,0.029485766,0.027119134,0.027891148,0.030325903,0.029201986,0.030598726,0.030754987,0.030728213,0.03068267,0.029401045,0.031063586,0.029338656,0.031250548,0.02817486,0.030228268,0.029900957,0.030104246,0.04933955
ID127,smape,0.006033249,0.006501388,0.006158691,0.004446735,0.005132259,0.0063067856,0.005070823,0.0055044275,0.005519485,0.005746332,0.0056273425,0.005521385,0.0052396115,0.004938157,0.0055105174,0.005057154,0.0056852484,0.0056865965,0.00548557,0.0057545467,0.033285584
ID128,smape,0.0007645252,0.0009918426,0.0020123916,0.0052839885,0.0024644914,0.000549755,0.0016319477,0.001783236,0.0026549737,0.002966408,0.00058395416,0.0020150098,0.0009890175,0.000892373,0.001055754,0.0022635963,0.00064846326,0.0008021973,0.0024554026,0.00072770956,0.04991401
ID129,smape,0.009142235,0.007926655,0.005375073,0.005314761,0.0068514245,0.0087927515,0.010307214,0.010642275,0.013479226,0.010661882,0.01096754,0.01143178,0.009019218,0.008873914,0.010552794,0.012262512,0.009785206,0.009216898,0.011122292,0.010924462,0.101796746
ID13,smape,0.03444395,0.035204846,0.029028058,0.03538979,0.029281547,0.032026492,0.035364766,0.03849387,0.035571937,0.035174135,0.03668228,0.035726044,0.034315467,0.030500188,0.037346333,0.036382623,0.03731195,0.03508088,0.03589697,0.034917988,0.04483328
ID130,smape,0.003891977,0.0047635334,0.0052536093,0.0048689134,0.004008759,0.0037575618,0.0046547414,0.0035289577,0.004337022,0.00407822,0.003731806,0.0046326723,0.0038208808,0.0039142193,0.0039581694,0.002536329,0.004283337,0.0038152111,0.0040375586,0.0038756547,0.06615961
ID131,smape,0.00030860744,0.00035426335,0.0007984777,0.00044409273,0.000748823,0.00069608155,0.00041477772,0.00017109964,0.00017161854,0.00024108465,0.00015135409,0.0002806243,6.261155e-05,0.0004670681,0.000100807665,0.00034380722,0.00025600905,1.3748498e-05,0.00013078691,3.6831356e-05,0.01961017
ID132,smape,0.0036009112,0.004390438,0.0028794743,0.0036682193,0.0021532201,0.005185481,0.0035747066,0.0039548646,0.0043795398,0.0031269174,0.0033073216,0.0035034162,0.0043962505,0.0036354577,0.0037926368,0.0040664915,0.0049335845,0.004131663,0.003558654,0.0038503082,0.025321888
ID133,smape,0.010132341,0.008951893,0.012334699,0.0064906804,0.008229983,0.010020198,0.008714115,0.008524108,0.008839073,0.00887047,0.008825587,0.0089660715,0.010112024,0.010106545,0.009222627,0.0090742,0.008424584,0.009555627,0.008682082,0.00976352,0.020475017
ID134,smape,0.15366338,0.14966163,0.12523143,0.1163984,0.1221069,0.114966236,0.16410556,0.1310509,0.16243574,0.16728052,0.16481407,0.15900981,0.15507098,0.13875268,0.16297698,0.1503061,0.13653435,0.13932526,0.15449736,0.14777337,0.49095732
ID135,smape,0.0022960636,0.00603363,0.008433349,0.021262687,0.007343773,0.00547174,0.016563956,0.0045648096,0.0008335449,0.003219585,0.003399513,0.005104774,0.0030550258,0.0022586985,0.0008828931,0.003123039,0.0047623226,0.0019439782,0.0059816083,0.005012125,0.034888104
ID136,smape,0.015808035,0.016195865,0.0123914415,0.017504511,0.014232926,0.015764827,0.011725428,0.015445765,0.015889056,0.015151531,0.015806006,0.014315351,0.015961953,0.016175568,0.014819979,0.015719365,0.014736267,0.013719626,0.014749687,0.014634537,0.010413412
ID137,smape,0.023869043,0.026969647,0.016088258,0.013531344,0.019791327,0.025026042,0.03033404,0.027961534,0.0336929,0.028911918,0.028559612,0.028953116,0.028314415,0.02597388,0.026476964,0.025885727,0.024529122,0.026144985,0.027142692,0.029801507,0.03155841
ID138,smape,0.01163264,0.013336837,0.013754908,0.013616266,0.011117888,0.011663879,0.012626421,0.011501605,0.012635713,0.012313683,0.011633853,0.013106657,0.011732458,0.012260475,0.011709459,0.009997945,0.012286657,0.012035732,0.011908963,0.01195872,0.09552927
ID139,smape,0.062305164,0.06176489,0.06058973,0.05996708,0.059395477,0.06270364,0.060967863,0.059515953,0.05932916,0.058554344,0.06062399,0.06047119,0.060775753,0.059900843,0.05989632,0.060400534,0.06045004,0.05973777,0.059219435,0.06032244,0.055762593
ID14,smape,0.028992768,0.029298939,0.030815426,0.03309377,0.032588437,0.028499821,0.02961547,0.031294376,0.026467375,0.030135682,0.027975943,0.028207365,0.029304652,0.029516818,0.031054486,0.02947392,0.029907014,0.0312008,0.02996989,0.030572273,0.016997293
ID140,smape,0.096587226,0.10094333,0.10120789,0.11686055,0.07669935,0.07539512,0.11361191,0.083019644,0.08895441,0.10268019,0.09331118,0.099263415,0.084791265,0.07801078,0.090122856,0.08800853,0.08250752,0.092696264,0.09570002,0.10130916,0.017534524
ID141,smape,0.054220647,0.055895746,0.044138644,0.06548817,0.045325473,0.045717552,0.063480355,0.05057971,0.067270875,0.053882953,0.051348746,0.052758828,0.048653193,0.047019873,0.050631467,0.057799377,0.04652673,0.050281603,0.04862873,0.055183977,0.025816295
ID142,smape,0.0026427708,0.0017228557,0.0052189357,0.001960391,0.0032620286,0.0020056507,0.002481892,0.0024284679,0.0041226796,0.0020700183,0.0037143668,0.0029150045,0.0029304344,0.0030763224,0.003040308,0.0019277548,0.0033373428,0.0027809003,0.0031455352,0.00295091,0.012078978
ID143,smape,0.02271207,0.020817265,0.022431545,0.022638794,0.019403143,0.019943323,0.023761546,0.022041922,0.023521222,0.021358948,0.022270914,0.02214683,0.021743692,0.019917779,0.022325339,0.021643184,0.021463377,0.022680057,0.022268366,0.023271438,0.036823444
ID144,smape,0.05440242,0.054351635,0.04705832,0.04610453,0.043090556,0.05196677,0.056494236,0.057178676,0.05497729,0.057505827,0.05495959,0.05802497,0.055967323,0.05487211,0.05773555,0.056577586,0.05513457,0.056387767,0.05666104,0.054547094,0.0455164
ID145,smape,0.0046703327,0.004570614,0.0038406253,0.0042468924,0.004911214,0.0048735705,0.004321546,0.004421369,0.0045650713,0.0047454205,0.0051110475,0.0042475048,0.0047721765,0.005059686,0.0046412125,0.00477269,0.0052964967,0.0051494464,0.004828031,0.004351721,0.008818438
ID146,smape,0.015612267,0.016000103,0.012195678,0.017308809,0.014037149,0.015569065,0.011529641,0.0152499955,0.015693285,0.014955763,0.015610231,0.01411957,0.015766177,0.015979793,0.014624199,0.015523595,0.014540489,0.013523851,0.014553901,0.014438759,0.01021759
ID147,smape,0.008869647,0.00825532,0.010088191,0.007289001,0.009090209,0.008336018,0.008693453,0.008555307,0.009337293,0.008820942,0.009458511,0.009065112,0.008811851,0.0090194475,0.008851761,0.00883319,0.008646359,0.009511128,0.009035212,0.008989692,0.0122858565
ID148,smape,0.0013656478,0.0016531495,0.004509691,0.00538663,0.0020310108,0.001998892,0.0025144524,0.0016512697,0.001481982,0.0019331543,0.0012931307,0.0013273177,0.0013806896,0.0018299725,0.0014584477,0.0015773888,0.0015033032,0.002208583,0.0006536109,0.0013789195,0.0035627964
ID149,smape,0.004705528,0.0041559115,0.0039898315,0.004656081,0.0008797564,0.0022163861,0.0044787107,0.0045303395,0.0037284424,0.004121473,0.0048137014,0.0037781696,0.0037600957,0.0028836092,0.0031616292,0.00216477,0.0034757096,0.004068424,0.003972708,0.005454287,0.003876799
ID15,smape,0.12290371,0.12500106,0.12291217,0.108211234,0.12184794,0.12582694,0.124270946,0.12489157,0.13545136,0.12099129,0.119592875,0.12894048,0.12685378,0.12322928,0.12755024,0.12440116,0.12102677,0.12463009,0.12390259,0.11780607,0.18607293
ID150,smape,0.0025722953,0.0035109143,0.005648026,0.0058882795,0.0028632137,0.0033632102,0.0046185376,0.0030533725,0.0031280166,0.0028995797,0.0016883813,0.0031742947,0.0020017826,0.0021136936,0.0018230709,0.0032658176,0.0027635798,0.0035388528,0.0022768881,0.0026983775,0.0039716954
ID151,smape,0.0049203215,0.005407849,0.006691601,0.0065889424,0.0051463824,0.0053212815,0.005647454,0.0053063952,0.0054897806,0.005021278,0.0045930073,0.0053343615,0.0044254474,0.004643557,0.004565171,0.0048982888,0.0049873656,0.0050606523,0.0045225625,0.00489616,0.0037054815
ID152,smape,0.029987654,0.030874185,0.030149838,0.031244582,0.03431487,0.029080685,0.029302541,0.028083585,0.03478164,0.030441688,0.02989944,0.029016154,0.02804426,0.029027868,0.02916685,0.029969651,0.028831797,0.0305167,0.02823801,0.027315412,0.033468068
ID153,smape,0.026357206,0.035951287,0.017440109,0.07394224,0.043612253,0.046906136,0.043511603,0.029342175,0.022397887,0.02910331,0.018686367,0.011426542,0.022703901,0.018275307,0.03210783,0.021241216,0.032549385,0.025772342,0.037750565,0.030899875,0.07873299
ID154,smape,0.016069954,0.019692637,0.016892552,0.031095397,0.0092087705,0.0072747064,0.023432974,0.013638568,0.013798765,0.021563102,0.015400521,0.019071022,0.013580015,0.007878166,0.016343947,0.01598233,0.012154197,0.016284587,0.017528992,0.018099727,0.025241546
ID155,smape,0.025258932,0.03128832,0.015899684,0.044910986,0.017628351,0.023619317,0.02339399,0.021985598,0.011192042,0.024936967,0.01760636,0.02042572,0.02061566,0.028282143,0.022985114,0.022651859,0.0193737,0.017934944,0.02152079,0.021776987,0.017585896
ID156,smape,0.030396856,0.029823309,0.03467016,0.029485766,0.027119134,0.027891148,0.030325903,0.029201986,0.030598726,0.030754987,0.030728213,0.03068267,0.029401045,0.031063586,0.029338656,0.031250548,0.02817486,0.030228268,0.029900957,0.030104246,0.04933955
ID157,smape,0.042467143,0.042451374,0.031538136,0.025702607,0.030778017,0.03744045,0.042590912,0.04735326,0.0431391,0.04872369,0.039885797,0.046975054,0.043790165,0.041541196,0.044862255,0.045228902,0.04296147,0.045634493,0.046809867,0.0419536,0.07460907
ID158,smape,0.032974117,0.033238932,0.026459321,0.023931675,0.025380652,0.030795837,0.033286415,0.0354289,0.0334421,0.035860255,0.031424798,0.036207218,0.033761203,0.032686625,0.035017766,0.03434028,0.033426072,0.034727283,0.035164535,0.03261182,0.03185969
ID159,smape,0.0014778377,0.0012098991,0.0014023173,0.0044579003,0.002495807,0.0015061421,0.0019738881,0.0030953935,0.0016029659,0.004182774,0.0018318843,0.0030079691,0.0019885674,0.0012575758,0.0022445128,0.0029158385,0.0019225016,0.0026967898,0.003354031,0.0018112989,0.05004563
ID16,smape,0.100137174,0.09386771,0.10428496,0.08680381,0.09397578,0.09047139,0.09287098,0.09290518,0.09911285,0.097019434,0.09923084,0.09831451,0.10245154,0.09916581,0.09765681,0.098383,0.09028113,0.102194,0.09528825,0.09864704,0.13466498
ID160,smape,0.026215551,0.029230721,0.020215187,0.017369132,0.02474412,0.029262584,0.033963475,0.029070001,0.03169878,0.02995393,0.030463645,0.03157396,0.03104984,0.029336225,0.029498417,0.028265562,0.027073197,0.027643412,0.02930089,0.032911047,0.021232331
ID161,smape,0.018746415,0.018341722,0.01421487,0.013066204,0.010812288,0.017229637,0.020194514,0.020642294,0.019195259,0.021174662,0.019234953,0.021176238,0.01981527,0.019031383,0.021010777,0.020357521,0.019198263,0.020129215,0.020462183,0.019248752,0.049964532
ID162,smape,0.04642093,0.053029854,0.050987925,0.06955051,0.034747526,0.03127011,0.06327622,0.036332175,0.04185972,0.054311577,0.046450723,0.052780986,0.04219295,0.033995707,0.045969505,0.044726007,0.038634185,0.0462714,0.049698688,0.04421101,0.021234803
ID163,smape,0.06457471,0.066396974,0.064879335,0.08676518,0.04431132,0.044547115,0.073432855,0.04721262,0.05933177,0.068843134,0.059326105,0.06540655,0.053376865,0.041724626,0.057839274,0.05857564,0.050797924,0.061721433,0.061824415,0.06366445,0.012472858
ID164,smape,0.19540672,0.19654164,0.19136831,0.19704579,0.1821803,0.20031528,0.18683504,0.19324134,0.19742301,0.19882527,0.1901434,0.20267256,0.19764501,0.19699398,0.1924369,0.20011953,0.1925852,0.19854195,0.19588906,0.19484966,0.21347962
ID165,smape,0.01811306,0.017247021,0.012898632,0.011445286,0.017805073,0.019003544,0.015958,0.018523995,0.01812178,0.017080592,0.020395877,0.018176183,0.017531687,0.019266095,0.019734707,0.019580072,0.017816443,0.019747434,0.018277137,0.019715376,0.025524862
ID166,smape,0.1102945,0.10830652,0.10872629,0.11802881,0.1066311,0.108434886,0.1059384,0.10980953,0.10774015,0.10944615,0.10763489,0.108075485,0.10793672,0.108294815,0.110397965,0.10565123,0.10979328,0.10851358,0.111300156,0.10707233,0.107464366
ID167,smape,0.06650592,0.066568814,0.06712231,0.06409664,0.066503346,0.06760739,0.06534488,0.064616725,0.06486397,0.06559016,0.065583035,0.06499144,0.06575449,0.066537775,0.06535021,0.064479224,0.06577479,0.06487776,0.065202616,0.065427676,0.13343571
ID168,smape,0.0010007537,0.00073823385,0.0010877441,0.0021886504,0.0017923538,0.00090410677,0.0015325719,0.0012234045,0.0012635328,0.0010436155,0.0011722754,0.0011795415,0.0013561944,0.0015636442,0.0012983639,0.0013907929,0.0011747798,0.0010888561,0.0013050621,0.0011280819,0.00893911
ID17,smape,0.067161605,0.06582209,0.06503295,0.06803279,0.06831919,0.0657431,0.069935694,0.06899166,0.06836529,0.0680936,0.0677471,0.06876661,0.06839169,0.069284864,0.068201795,0.070345625,0.06830033,0.06852524,0.06819786,0.06761966,0.050800253
ID173,smape,0.018833509,0.019079646,0.01844964,0.03127721,0.01871076,0.018920898,0.022792807,0.018916078,0.018200044,0.018231671,0.018901791,0.017809113,0.018597366,0.018507062,0.018865356,0.018260157,0.01823024,0.018666724,0.018121894,0.017534167,0.019087933
ID174,smape,0.008296811,0.010125274,0.011120593,0.010036714,0.0086380085,0.00935989,0.008971063,0.009746752,0.00958031,0.009626814,0.009051027,0.01071703,0.009756135,0.0108555965,0.008873776,0.009004261,0.010764082,0.009387508,0.008796744,0.009404801,0.06427311
ID175,smape,0.07442693,0.07144823,0.0773406,0.06259519,0.07369836,0.07281465,0.06994735,0.071881875,0.073295996,0.07546195,0.07537098,0.08097632,0.07669338,0.07353121,0.07447949,0.07370977,0.07270837,0.07335177,0.07262259,0.076129705,0.088513516
ID176,smape,0.18380177,0.18198644,0.17615485,0.1897938,0.16452855,0.1936593,0.17617449,0.18172616,0.18431848,0.19105935,0.17516682,0.19065657,0.1806597,0.18814172,0.1827044,0.19213128,0.17808624,0.18953507,0.18568094,0.1875656,0.21189457
ID177,smape,0.018979449,0.02060053,0.019290613,0.021463465,0.01956271,0.019123146,0.020624092,0.022163084,0.02541962,0.022011526,0.019893594,0.02253216,0.021043045,0.01918058,0.019852364,0.019548265,0.0185181,0.02030815,0.021286609,0.020651333,0.052464932
ID178,smape,0.00084113004,0.0008281275,0.0013203083,0.001049322,0.002150003,0.00043447496,0.0018740561,0.0011211286,0.0005960539,0.00061715045,0.0013394747,0.0007598723,0.00066831254,0.00074203836,0.0012345617,0.0005265363,0.0014296052,0.0007273932,0.0008617331,0.0010786658,0.0010217265
ID179,smape,0.0022402953,0.009837996,0.008902967,0.009811554,0.01575581,0.0050345534,0.010643138,0.009347899,0.0045919074,0.004457226,0.0078325765,0.007036362,0.0066336356,0.014202168,0.010083458,0.013209825,0.021514513,0.011953242,0.011192498,0.01345464,0.047322053
ID18,smape,0.15107872,0.14730276,0.14606717,0.14625809,0.1472864,0.15320607,0.141992,0.14778526,0.15022247,0.14781508,0.15692909,0.14962591,0.15052184,0.15338068,0.15306802,0.14708216,0.1521086,0.14363424,0.14972983,0.15025602,0.19647412
ID180,smape,0.00480431,0.0033673784,0.034194432,0.007078835,0.04646261,0.009621102,0.00410984,0.0064445375,0.010965026,0.0055559436,0.0047022165,0.006593064,0.0030094942,0.002048388,0.008388829,0.004305139,0.010022806,0.009229846,0.013989082,0.0090002455,0.086980164
ID181,smape,0.09657762,0.099475436,0.14742342,0.08973925,0.15476863,0.100298114,0.0865213,0.10168813,0.099400334,0.084038086,0.08469527,0.10357475,0.08507349,0.10857428,0.0910967,0.092029065,0.11000982,0.086260095,0.1064838,0.09672999,0.4149733
ID182,smape,0.002198388,0.0013099144,0.012346229,0.005036423,0.009061674,0.0010194159,0.0028502622,0.0007814935,0.0031842126,0.0027174605,0.0033566053,0.0011627034,0.0012201829,0.006223132,0.004440845,0.0044624554,0.00067792943,0.0002163448,0.0013105379,0.00055195665,0.031680264
ID183,smape,0.0036351427,0.0028268422,0.009101666,0.006202033,0.0020409292,0.002215986,0.0026640694,0.0026513978,0.0054681585,0.0038220994,0.004163953,0.0034227043,0.0029541124,0.005983255,0.00604558,0.0045195604,0.0019111695,0.0035246434,0.0024464077,0.001934359,0.022522958
ID184,smape,0.019781075,0.043576688,0.028104104,0.024327883,0.066770725,0.036812156,0.08225693,0.010122691,0.019537065,0.04605759,0.073503256,0.055445477,0.021415615,0.052932575,0.028802078,0.013696888,0.054602355,0.016687242,0.03781062,0.022363447,0.31542766
ID185,smape,0.1491462,0.14337006,0.13697353,0.14117672,0.13914554,0.10469988,0.1540552,0.15552685,0.15929028,0.14773339,0.12618335,0.14353687,0.11862565,0.13990168,0.15073505,0.12059075,0.16257177,0.13254915,0.15349343,0.14219348,0.2246033
ID186,smape,0.0018806733,0.0020475746,0.0019610391,0.0021701697,0.0022342377,0.0021487335,0.0021188573,0.0018888195,0.0018327336,0.0020350623,0.0019247106,0.001737162,0.0017312202,0.0020852513,0.0020604474,0.0020541255,0.0019380292,0.0017804276,0.002076081,0.0020563658,0.0027472684
ID187,smape,0.14794523,0.15485208,0.18409814,0.12317196,0.20157017,0.1460713,0.12868007,0.19406858,0.13006212,0.14720398,0.16605628,0.15889208,0.14268845,0.13519745,0.10193436,0.10534956,0.17148726,0.10274978,0.1501777,0.113667265,0.14163226
ID188,smape,0.23627536,0.24397111,0.19441356,0.29214305,0.2484762,0.2536931,0.24865092,0.2299808,0.22975671,0.23308095,0.22224979,0.22815004,0.23244266,0.2321347,0.24417418,0.22907552,0.23999442,0.2359333,0.24916354,0.24064189,0.07137906
ID189,smape,0.0056948285,0.0050425874,0.0078133885,0.005227934,0.0058117015,0.004494914,0.005645657,0.005216249,0.0067804526,0.005455328,0.006498472,0.0058174166,0.0058659445,0.0060986113,0.0058161137,0.005192136,0.0058345944,0.0057462375,0.0059880503,0.005894043,0.012443665
ID19,smape,0.049792796,0.044708364,0.05555739,0.04398753,0.04270757,0.04756494,0.046138927,0.047715202,0.046611734,0.043887552,0.04775914,0.043593217,0.04560048,0.04068385,0.050735082,0.046099737,0.04736866,0.044010416,0.049210887,0.0456377,0.2042248
ID192,smape,0.051914766,0.049675412,0.04592988,0.049494147,0.03788226,0.05206228,0.05456569,0.055041853,0.04827731,0.05123028,0.049149565,0.049614143,0.051732816,0.051357545,0.045640457,0.05375879,0.050892226,0.055777036,0.049595334,0.053356115,0.016666668
ID193,smape,0.13150555,0.13911405,0.10832528,0.112849295,0.13865432,0.12004721,0.11666925,0.11207761,0.1206146,0.12108128,0.12435444,0.12902011,0.10977367,0.14325646,0.13389595,0.10913129,0.13722426,0.12126823,0.12720838,0.12342947,0.06404255
ID194,smape,0.007883392,0.006769528,0.013163039,0.0025251983,0.0051543536,0.007184795,0.007132775,0.0076551167,0.0077137854,0.0075277835,0.00859688,0.0076784613,0.007940752,0.009980535,0.009699564,0.007689582,0.0087179765,0.008060839,0.006894555,0.008045743,0.026682183
ID195,smape,0.009710683,0.009626022,0.00928361,0.008718966,0.009648567,0.010141149,0.009248516,0.009829627,0.009423046,0.009533163,0.009316608,0.009442082,0.009221885,0.009146972,0.009538025,0.009722287,0.010160126,0.009454254,0.009589525,0.009408881,0.008182459
ID196,smape,0.12855384,0.14653891,0.1801458,0.19261417,0.15040404,0.113473125,0.13955298,0.16065013,0.12541215,0.094465725,0.10626413,0.07140564,0.114138335,0.15432635,0.16532609,0.12875284,0.098986715,0.066536024,0.16496207,0.0859522,0.081487894
ID197,smape,0.0028175227,0.0033224097,0.0037280712,0.003834908,0.0026850866,0.0027523048,0.0032800876,0.0025935504,0.00330514,0.0030787385,0.0028810913,0.0033122515,0.0031392719,0.0027135662,0.0029821447,0.002388928,0.0026061824,0.0028672847,0.0029642156,0.0029873054,0.043783337
ID198,smape,0.008357836,0.008095471,0.009248222,0.009450165,0.008452418,0.008210309,0.007441423,0.008312281,0.007657094,0.008298226,0.008061456,0.0077914475,0.007921807,0.008031076,0.007622866,0.008114786,0.008354062,0.00845076,0.008176142,0.007709072,0.014865914
ID199,smape,0.1914148,0.1877236,0.1650158,0.13904709,0.167111,0.17024393,0.18492745,0.1887354,0.17977425,0.18212646,0.17574905,0.19774504,0.15239841,0.1674726,0.1734735,0.15376872,0.19290535,0.16040438,0.1835995,0.17091016,0.16286668
ID2,smape,0.06269062,0.053980656,0.04950811,0.090157464,0.045622744,0.06111951,0.07331209,0.0703732,0.06916292,0.06022495,0.055507787,0.057777792,0.06132731,0.07531415,0.051496953,0.09274415,0.07885782,0.060915057,0.07495391,0.061890915,0.05253283
ID20,smape,0.0475013,0.047509246,0.04687707,0.047986902,0.04560331,0.047982812,0.046583783,0.047253795,0.04756099,0.047812797,0.046799764,0.04786715,0.046975493,0.047989246,0.047351018,0.04789325,0.046899334,0.04745262,0.047612317,0.04721917,0.049862362
ID200,smape,0.11607781,0.107142046,0.14960264,0.15602437,0.13850494,0.11842205,0.107367754,0.099922225,0.09281351,0.10005422,0.107963085,0.1005016,0.104908444,0.11487605,0.10939354,0.109365135,0.11328523,0.10590168,0.10323511,0.10648093,0.37989634
ID201,smape,0.010305401,0.010254234,0.0075852415,0.0063458104,0.007988766,0.008890405,0.010271794,0.011540838,0.010362811,0.011956379,0.009736824,0.011210022,0.010627124,0.009909885,0.010674855,0.011061115,0.010385146,0.010712921,0.01133728,0.010018034,0.014407545
ID202,smape,0.05863897,0.04943581,0.06926353,0.02651051,0.05244786,0.051290695,0.049301833,0.05900328,0.05844277,0.052781142,0.060034707,0.059471272,0.063085884,0.060166415,0.058303602,0.06630007,0.05046738,0.061097316,0.053174686,0.05834491,0.15511142
ID21,smape,0.0085079055,0.010122577,0.010899566,0.022711279,0.012533557,0.00955151,0.011508787,0.013755329,0.009522753,0.007573205,0.0075740595,0.0071146125,0.007113822,0.0143476315,0.0119412225,0.005694952,0.008270471,0.0081337495,0.013337897,0.0094208885,0.016766468
ID22,smape,0.06085357,0.05870352,0.053125747,0.048304655,0.04480042,0.0597547,0.063690186,0.0647596,0.06291015,0.06768732,0.06217176,0.06583544,0.06313425,0.0609893,0.06554597,0.06488787,0.0613243,0.06464673,0.06562626,0.06292766,0.12519497
ID23,smape,0.08896932,0.08025572,0.0775108,0.11062132,0.07995025,0.07247659,0.11578907,0.08794364,0.103298634,0.09544551,0.063576296,0.08373713,0.066979215,0.081186935,0.0832099,0.069164574,0.110991254,0.087990284,0.08914643,0.088278584,0.17594722
ID24,smape,0.12576571,0.103187285,0.14689854,0.115123615,0.0944739,0.10478228,0.12380894,0.10695554,0.11992793,0.11142303,0.11858604,0.11479427,0.10897211,0.12909955,0.13018915,0.12033601,0.10709389,0.10761328,0.10634397,0.10881783,0.21669248
ID25,smape,0.12576571,0.103187256,0.14689854,0.115123615,0.0944739,0.10478228,0.12380894,0.10695554,0.11992793,0.11142303,0.11858604,0.11479427,0.10897211,0.12909955,0.13018915,0.12033601,0.10709389,0.10761328,0.10634397,0.10881783,0.21669248
ID26,smape,0.08089067,0.075899474,0.06020698,0.054129515,0.07193435,0.065249555,0.07023985,0.06446644,0.0792933,0.08337565,0.077394,0.08045396,0.072945945,0.073151104,0.066531114,0.0700577,0.065540336,0.06861554,0.0689443,0.08672125,0.12899354
ID28,smape,0.24457373,0.23588258,0.24261595,0.24756904,0.22516668,0.25631577,0.24351579,0.23999335,0.22868095,0.24045372,0.24558452,0.26745012,0.27738005,0.25867128,0.24948356,0.26262495,0.24606812,0.24592379,0.2503206,0.24338552,0.3000666
ID29,smape,0.22144091,0.22047046,0.20805427,0.23437911,0.23775306,0.22249433,0.23046991,0.22933146,0.23221464,0.22178844,0.22708952,0.22337261,0.22114661,0.21996552,0.2315639,0.22829846,0.22760604,0.22715122,0.23661646,0.2254208,0.11394082
ID3,smape,0.085736394,0.083020605,0.074724555,0.06261256,0.08222398,0.09295649,0.078866065,0.08269857,0.078668475,0.08336135,0.07634478,0.08409879,0.07042938,0.0729285,0.076692425,0.073647514,0.08788772,0.07752434,0.081488475,0.076892585,0.057489894
ID30,smape,0.1321114,0.1357638,0.12740922,0.13592781,0.1279292,0.13549623,0.13513327,0.13535058,0.13325527,0.13183315,0.13310115,0.13239923,0.13575241,0.13499762,0.14112124,0.13373172,0.14063115,0.13492657,0.13447663,0.13917682,0.110341765
ID31,smape,0.06738162,0.059580646,0.072697915,0.05781181,0.06910734,0.06834987,0.060680263,0.05281263,0.061092123,0.060789414,0.058311053,0.06287193,0.06678655,0.06879351,0.054736864,0.059645325,0.052376203,0.062111706,0.060884163,0.06462867,0.11733618
ID32,smape,0.14733429,0.15845975,0.15377441,0.17186576,0.17363238,0.1440591,0.15277795,0.1549156,0.1561325,0.15130404,0.15006451,0.1499085,0.15040092,0.15935954,0.15805775,0.1404042,0.14701806,0.16320446,0.14624806,0.1421686,0.11249712
ID33,smape,0.027418729,0.028494548,0.029801236,0.020640511,0.026373245,0.028045472,0.025657777,0.027492758,0.02806093,0.026915282,0.025522163,0.025848182,0.02591284,0.028052663,0.028310671,0.026205648,0.027806263,0.024288349,0.026308343,0.024442516,0.041828297
ID34,smape,0.1313943,0.16426834,0.26118708,0.1672957,0.052749343,0.08280585,0.21714835,0.12517361,0.14616084,0.10745582,0.10877528,0.0997404,0.14641874,0.09858536,0.117218845,0.123730175,0.11422567,0.17949969,0.106367886,0.21928231,0.34837162
ID35,smape,0.01691836,0.015652552,0.026666733,0.0101609705,0.014839498,0.012694823,0.016473474,0.016239686,0.017666884,0.015857996,0.017813921,0.015450449,0.015893344,0.011732373,0.015001487,0.01740862,0.010349674,0.018536111,0.015200909,0.01622247,0.046915166
ID36,smape,0.0586255,0.07270792,0.0553192,0.09400188,0.06890638,0.06673966,0.07617956,0.05221736,0.063748494,0.06989663,0.063327946,0.06316532,0.060900915,0.06529814,0.06771105,0.050914634,0.07748489,0.054473408,0.06810185,0.064016975,0.057312768
ID37,smape,0.30200383,0.3095498,0.26151007,0.22451943,0.24491356,0.25900364,0.29835537,0.2659254,0.28558233,0.3032139,0.27266514,0.31116787,0.23953122,0.2597798,0.27240223,0.23161568,0.27641758,0.25126207,0.29264405,0.2520718,0.2307188
ID38,smape,0.056363963,0.051764254,0.06354415,0.08226666,0.045771763,0.05709233,0.058559235,0.06384599,0.06488449,0.056439795,0.052403096,0.050844807,0.0681826,0.051480703,0.046058357,0.075492166,0.05030022,0.06446738,0.056363873,0.07351305,0.118368536
ID39,smape,0.09155764,0.07775627,0.09881374,0.056085475,0.03009192,0.09158115,0.09202002,0.07386736,0.080117404,0.08199574,0.09397534,0.0961739,0.08470365,0.097903535,0.08359968,0.096803114,0.07301315,0.09065813,0.0757363,0.09471068,0.11455327
ID4,smape,0.0367809,0.03474991,0.03383759,0.03461897,0.036854524,0.03699322,0.03523598,0.037288845,0.035529524,0.036163103,0.036977716,0.03503009,0.037166476,0.036745284,0.03655714,0.03931234,0.03602027,0.03664266,0.03639394,0.036575366,0.13609739
ID40,smape,0.168786,0.15959264,0.21921912,0.1504299,0.16018209,0.15709138,0.16275713,0.15755865,0.16628143,0.15631603,0.16668051,0.15649253,0.15713148,0.15948841,0.16648859,0.16162324,0.16368315,0.16894332,0.16157785,0.16548315,0.33433178
ID41,smape,0.12911561,0.13412641,0.2294141,0.18016155,0.055798743,0.08574715,0.104682446,0.100689024,0.18019378,0.09908652,0.13414581,0.105644025,0.10843158,0.17579292,0.17999779,0.14683062,0.086938,0.13410483,0.10115144,0.070007056,0.41590333
ID42,smape,0.039120417,0.038480308,0.03814867,0.04704819,0.020507544,0.02572374,0.045080893,0.03938077,0.03634396,0.032565564,0.044316445,0.037411105,0.0387778,0.03373612,0.03299138,0.026247622,0.029458262,0.03696074,0.038754348,0.04899093,0.014119599
ID43,smape,0.0058388673,0.008496347,0.011413256,0.025893288,0.007995091,0.004261779,0.019572433,0.0059752427,0.004316708,0.008721304,0.007643964,0.009490584,0.0052189645,0.0021728359,0.0037116108,0.0016743729,0.007777522,0.003927826,0.0071590827,0.0066252016,0.04795458
ID44,smape,0.043655366,0.04578664,0.037262287,0.04717786,0.045412462,0.046872027,0.044035614,0.048108708,0.042062227,0.045522958,0.043477245,0.041017435,0.044680916,0.040302627,0.04413528,0.042935673,0.047317557,0.044942543,0.043798015,0.041852143,0.024827123
ID45,smape,0.006956635,0.0071014976,0.0029706804,0.003138723,0.003957569,0.0043132757,0.008007298,0.0068673245,0.009191055,0.0052947523,0.008340394,0.0069666826,0.007827816,0.005389442,0.007004683,0.006528152,0.007893452,0.00640859,0.0071238037,0.007678936,0.025862044
ID46,smape,0.0792598,0.085988,0.062878184,0.09920885,0.072310805,0.07946403,0.0793148,0.077066965,0.066389024,0.07946717,0.071105696,0.07543145,0.0754763,0.08220855,0.07662009,0.07913262,0.07362932,0.07416752,0.07599267,0.076570496,0.036308713
ID47,smape,0.04347004,0.047162432,0.04810237,0.056991257,0.027943349,0.02795725,0.05821978,0.039200768,0.038277388,0.047902185,0.041445356,0.045173187,0.034091588,0.030593,0.038451433,0.035484016,0.032824136,0.039869074,0.04271097,0.051036544,0.015396977
ID48,smape,0.023792628,0.026193755,0.010228981,0.031111188,0.037585214,0.03179311,0.027349848,0.034162093,0.024692468,0.0267297,0.025507286,0.025867809,0.025343066,0.034084566,0.033788454,0.028046325,0.037200958,0.025179666,0.032214005,0.024231594,0.033888888
ID49,smape,0.05292572,0.060359534,0.06554464,0.089599095,0.03843213,0.050705384,0.08091695,0.057403337,0.04881105,0.05490815,0.048640206,0.058530934,0.05490431,0.044097096,0.049843974,0.04742186,0.039967004,0.051527917,0.059595857,0.036139052,0.049605906
ID5,smape,0.049791433,0.044707414,0.055550102,0.043987483,0.042711157,0.047564268,0.046138313,0.04771186,0.04660913,0.04388674,0.047757097,0.04359122,0.045600764,0.040685605,0.05073262,0.046098575,0.047364194,0.044010587,0.04920883,0.04563716,0.2042148
ID50,smape,0.017420184,0.018149184,0.01875471,0.01820459,0.016222276,0.01892979,0.016668899,0.017244957,0.017760597,0.018900942,0.0179153,0.018250346,0.01760532,0.017471619,0.017626505,0.017731529,0.016460609,0.017817395,0.017752182,0.01801108,0.036059935
ID51,smape,0.0875932,0.08923908,0.070060775,0.09589799,0.095830314,0.091133356,0.08695698,0.0861945,0.089504056,0.08805801,0.08276521,0.087639175,0.087646395,0.08946144,0.088460416,0.08268186,0.09034232,0.086533576,0.08948341,0.090708464,0.054232806
ID52,smape,0.053124323,0.055192158,0.0832428,0.047518022,0.046469517,0.052142866,0.05450823,0.06166281,0.04992543,0.049350873,0.050378226,0.052709736,0.058248952,0.05531313,0.054458134,0.062111113,0.050193727,0.06294403,0.04790306,0.05186813,0.14214048
ID53,smape,0.012465158,0.01381246,0.033150576,0.02596105,0.015061785,0.0136571545,0.011475174,0.00957283,0.026485099,0.011369023,0.024040736,0.014803346,0.014925664,0.013220996,0.01498965,0.008934336,0.014401697,0.023169847,0.015760133,0.0144714005,0.073479325
ID54,smape,0.025623286,0.019071184,0.045483064,0.01992663,0.030961705,0.024473334,0.027678903,0.026545323,0.03574802,0.026441917,0.034342416,0.029739842,0.028440151,0.02566949,0.027008548,0.029675566,0.027073305,0.038362756,0.02917517,0.028593589,0.06481078
ID55,smape,0.17583722,0.17790294,0.17003925,0.18241535,0.17301583,0.17225206,0.18154663,0.17676795,0.17762247,0.17499651,0.1734986,0.17752533,0.17960337,0.17571919,0.17433955,0.1843497,0.16868392,0.1790632,0.17483048,0.17745082,0.13762201
ID56,smape,0.024170455,0.020106144,0.019996434,0.020182787,0.023313627,0.016639305,0.031426337,0.024271075,0.023685023,0.024201844,0.023720287,0.021516271,0.019886859,0.017902631,0.019272229,0.021784531,0.02689709,0.02521594,0.02438127,0.025344932,0.01992361
ID57,smape,0.100136966,0.093867704,0.10428515,0.086803734,0.09397578,0.090471126,0.09287086,0.0929053,0.099112734,0.09701942,0.099230796,0.09831456,0.10245144,0.09916558,0.09765689,0.0983829,0.09028122,0.10219378,0.09528826,0.09864712,0.13466424
ID58,smape,0.033605468,0.036111016,0.02218312,0.05581477,0.022966754,0.03242587,0.021379545,0.01955536,0.03434616,0.026899353,0.028185349,0.029003115,0.02576692,0.037528373,0.023807513,0.024255643,0.026864976,0.01763086,0.023749873,0.027696554,0.033905905
ID59,smape,0.0085079055,0.010122577,0.010899566,0.022711279,0.012533557,0.00955151,0.011508787,0.013755329,0.009522753,0.007573205,0.0075740595,0.0071146125,0.007113822,0.0143476315,0.0119412225,0.005694952,0.008270471,0.0081337495,0.013337897,0.0094208885,0.016766468
ID60,smape,0.09674232,0.09547732,0.10392245,0.09083433,0.092567064,0.09593469,0.095905125,0.09560267,0.096225426,0.09626993,0.09667795,0.095480025,0.096927956,0.09905589,0.097215466,0.096462905,0.09736209,0.09708779,0.09518979,0.096756704,0.12077862
ID61,smape,0.019040853,0.0186601,0.017199663,0.019185893,0.019687971,0.018948762,0.019463358,0.019050475,0.01976754,0.018994112,0.019417075,0.019131579,0.018302783,0.01928211,0.0197724,0.018699825,0.018926289,0.01879049,0.019729588,0.019356055,0.013082275
ID62,smape,0.019552164,0.018054364,0.013531824,0.017001526,0.04686181,0.025737634,0.02281975,0.023244983,0.024030603,0.020961398,0.014979095,0.022331454,0.01979804,0.017253585,0.011212388,0.015764738,0.025151795,0.025580486,0.028158857,0.023275884,0.04589615
ID63,smape,0.015432255,0.01839314,0.016782828,0.018191878,0.016183233,0.015069101,0.02192615,0.01650558,0.017808717,0.017627016,0.01903777,0.01919093,0.016015176,0.017996814,0.01985285,0.018419996,0.016829673,0.016046178,0.018014863,0.017537579,0.0028410994
ID64,smape,0.019280864,0.019465083,0.017396793,0.01742713,0.017112046,0.018290125,0.01968981,0.01869446,0.021329027,0.01807453,0.020538725,0.020342555,0.020499498,0.018374272,0.019873256,0.0196269,0.01924979,0.019638803,0.019920323,0.020063534,0.016463414
ID7,smape,0.075074,0.07253838,0.063298196,0.063847214,0.072636485,0.0769545,0.06959708,0.075213775,0.07578196,0.077430785,0.078568056,0.08005793,0.07582987,0.07451102,0.07190941,0.07347267,0.07663378,0.07901902,0.07151125,0.07786986,0.095234334
ID71,smape,0.0044546938,0.0045013847,0.005926357,0.0055240486,0.0067985673,0.005033127,0.003889421,0.0039772308,0.0041977004,0.003994328,0.004202623,0.0038850978,0.004012615,0.0041745417,0.003967903,0.004119528,0.0043126787,0.0040117935,0.004173848,0.004055467,0.02446689
ID77,smape,0.0012211578,0.0007658871,0.0009441471,0.0014349464,0.0028312039,0.0010068475,0.0014863265,0.0016353955,0.001420729,0.0021313834,0.0012094645,0.0017939099,0.0013638593,0.0010154184,0.0018020491,0.0016326193,0.0010744886,0.0015925019,0.0016819388,0.0014270222,0.03404173
ID78,smape,0.0027217786,0.0034928555,0.0054195346,0.0050084633,0.0029866286,0.0031739783,0.0038433291,0.0036434,0.0039945915,0.0026449668,0.0027970653,0.0036389253,0.0023913695,0.0024673743,0.0017791961,0.0024488606,0.0034847506,0.0024829227,0.0028443309,0.002751071,0.0039619
ID79,smape,0.0037814185,0.004354205,0.005686009,0.007359956,0.007302211,0.0041245176,0.003195814,0.002775641,0.00336941,0.0019524824,0.003591713,0.0024666486,0.0032832914,0.0038737725,0.0027462577,0.002719259,0.0037173028,0.0027922278,0.0024538953,0.0033851548,0.04380211
ID8,smape,0.058954205,0.09565578,0.094172984,0.0741357,0.029130477,0.064749055,0.1316071,0.04595424,0.06090732,0.036856513,0.115420796,0.045445886,0.13013247,0.06822369,0.0813995,0.0805794,0.15150537,0.12599364,0.082925856,0.11203601,0.108997725
ID80,smape,0.0019819615,0.0029083814,0.0022282496,0.0020391408,0.00096349395,0.0024334812,0.0016555418,0.0011917173,0.0017679984,0.0016900103,0.001510082,0.001834139,0.001547114,0.0010489519,0.0014013808,0.0007459213,0.0014073146,0.0015458945,0.0013872273,0.0016142257,0.045166597
ID81,smape,0.010632482,0.011650445,0.013741721,0.01452393,0.015531184,0.015241988,0.011900723,0.013497862,0.011177005,0.011524022,0.0122118555,0.012122144,0.012590169,0.012604507,0.013521066,0.011128618,0.012664388,0.011203282,0.012443064,0.011955545,0.026190829
ID82,smape,0.01549604,0.017304601,0.017449943,0.016244045,0.019296005,0.018834146,0.014968231,0.016988806,0.014437139,0.01803442,0.015651667,0.016988693,0.017931424,0.0173858,0.015482403,0.017026516,0.018081069,0.016110264,0.015840393,0.01467578,0.078780964
ID83,smape,0.022502404,0.023770534,0.032666728,0.020600263,0.022708666,0.025672749,0.022898426,0.023164945,0.020178758,0.025453042,0.0198979,0.024836091,0.028977877,0.02407477,0.018521039,0.02525243,0.026780503,0.026220772,0.020933952,0.020126507,0.09907778
ID84,smape,0.015547735,0.0128408875,0.027345771,0.015121387,0.014802007,0.015511359,0.015147578,0.015753025,0.016929775,0.0153015815,0.018638415,0.015774922,0.013164941,0.017717525,0.014672451,0.016776081,0.009939494,0.014256718,0.012988057,0.011918731,0.054248367
ID85,smape,0.091945015,0.09702639,0.08281093,0.095991194,0.08881612,0.08702116,0.09317033,0.092794076,0.091380924,0.09020364,0.089105465,0.088120654,0.09187937,0.08758855,0.091102555,0.09768658,0.0850185,0.0965302,0.089817986,0.09320317,0.027964238
ID86,smape,0.16110083,0.15528706,0.1999444,0.15204431,0.13968058,0.15098768,0.15579143,0.14780885,0.16017586,0.15429527,0.15671128,0.1576242,0.16389343,0.14773756,0.14232107,0.158697,0.14272001,0.16280313,0.14311779,0.15961584,0.28992194
ID87,smape,0.008587586,0.007399304,0.00823797,0.008766094,0.008311184,0.0073622577,0.009441549,0.008294687,0.009368632,0.008127892,0.008878813,0.008429365,0.007987702,0.007222312,0.008867884,0.00840271,0.008146051,0.008485942,0.008966412,0.009143289,0.019685667
ID88,smape,0.023112008,0.030584192,0.029377615,0.04326544,0.014906217,0.018668212,0.043654885,0.020092994,0.023121776,0.027082127,0.02635496,0.031040253,0.023251945,0.018648911,0.023489458,0.020229533,0.015686493,0.0232607,0.027378958,0.0066047264,0.03068309
ID89,smape,0.036211506,0.038707167,0.038992982,0.031117987,0.042129844,0.03687186,0.042668495,0.037309714,0.03830295,0.033959616,0.04320244,0.036072817,0.035306603,0.036829814,0.0367529,0.03806752,0.03909839,0.04047544,0.033777237,0.0337579,0.020225631
ID9,smape,0.062324792,0.067587115,0.043429613,0.0473135,0.05057567,0.056791898,0.079560615,0.05190542,0.09101138,0.06349836,0.07325475,0.072775714,0.07270473,0.064864926,0.07424692,0.0661732,0.06131297,0.06139741,0.06893354,0.07785707,0.11483084
ID90,smape,0.017439382,0.01662302,0.01569673,0.015871538,0.016415112,0.016407207,0.016992658,0.016383674,0.016632393,0.016507313,0.016862258,0.016054943,0.016541833,0.016026089,0.016148932,0.0175276,0.015506277,0.016808353,0.016174251,0.016431795,0.05665454
ID99,smape,0.030646931,0.032258704,0.029877482,0.026895376,0.03397286,0.031528927,0.035546146,0.030318731,0.030649811,0.032181915,0.035156474,0.033496283,0.031809747,0.033098474,0.02977498,0.028145172,0.034531463,0.027651003,0.03264053,0.029725645,0.024575673
