unique_id,metric,SeasonalMBB,Jittering,Scaling,TimeWarping,MagnitudeWarping,TSMixup,DBA,original,derived,derived_ensemble,QGTS,QGTSE,SeasonalNaive
ID0,mase,2.3038964,1.6879077,1.7800804,1.7075362,2.2531402,2.5289829,1.9159124,2.5341332,1.2356056,1.5809242,1.6003569,1.2290378,1.6523423
ID1,mase,1.0617447,1.4839077,1.4079462,0.81018955,1.6575587,1.1999519,1.0722169,1.075324,1.1672395,0.96449673,1.3040432,0.76279974,0.6560234
ID10,mase,3.6096573,2.2256336,1.1707542,2.3872795,2.7613454,1.6025912,3.1739287,1.8137406,1.6799928,3.3366272,4.570857,5.466745,0.50213987
ID100,mase,3.119604,1.8027635,1.1373177,2.2289832,5.000373,4.801969,3.6271439,3.5358214,3.0006015,2.2018404,3.0270202,2.5490475,1.322672
ID101,mase,3.70577,1.7549402,0.9316037,0.78174454,4.7888737,4.469511,3.443739,3.8637753,0.9815508,2.4062464,3.305765,3.1117923,0.85678566
ID102,mase,1.4370229,0.8515997,0.5012725,1.7703822,0.61487615,0.9054953,0.6020078,1.0540825,0.60078436,0.6848641,1.3822731,1.4243307,0.59913737
ID103,mase,0.8120186,1.0140684,0.9908515,1.3237422,0.801977,1.0639857,1.066388,1.3712877,0.9519074,0.95256275,1.0634401,0.94078827,1.0389642
ID104,mase,0.7366939,0.756307,0.8908371,0.76497895,0.8050383,0.75722843,0.8453373,0.8293252,0.7216697,0.5780206,0.7307088,0.7730316,1.5041574
ID105,mase,0.72123474,0.9835519,0.7170024,0.8578198,0.93575966,0.66961044,0.69208515,1.0334588,0.86333567,1.2873695,0.6251907,0.5797679,0.49615568
ID106,mase,0.5666884,0.48049617,0.48038507,0.48616865,0.52352643,0.57451946,0.5188855,0.6032304,0.58703166,0.47822866,0.5392591,0.56214446,0.49196902
ID107,mase,0.5730931,0.89759994,0.56724524,0.55177355,1.5086507,0.50875765,0.58057994,0.6146833,0.5786368,1.170179,0.7997996,0.47318608,0.9829676
ID108,mase,0.6853287,0.6068703,0.5164124,0.5092718,2.3041918,0.5607523,0.54777515,1.2043928,0.7999914,0.8589147,0.6049079,0.8049278,0.57120776
ID109,mase,2.2370214,1.3060486,0.7842593,0.9449861,2.036483,0.99509376,0.58767873,1.6850754,1.4015154,0.4385823,1.8968498,1.178714,0.7931279
ID11,mase,0.397987,0.5827734,0.44419402,1.0058303,1.4522865,0.6588363,0.34298518,0.28055832,0.45376915,0.7948326,0.33473206,1.3551886,1.0710356
ID110,mase,1.4529109,0.96635437,1.3971857,0.7447722,1.5343932,0.94083107,1.0199076,1.3854214,1.0962895,1.0103793,1.0900391,1.7169647,0.89296454
ID111,mase,1.0391973,0.6971348,0.71800435,1.1738807,0.8830818,0.6760359,0.637669,0.65483767,1.2512856,0.5599317,0.86343586,1.2416388,0.3119252
ID112,mase,1.1638823,1.2829379,1.3716857,1.3499798,0.7722858,2.0177667,1.7381098,1.6681359,0.7159831,0.8950487,1.3755356,1.6183344,0.60887223
ID113,mase,1.3981391,0.92389774,0.89571977,1.2953379,2.904268,0.97327685,1.9716202,1.3432347,1.4075336,0.8214087,1.598089,0.663041,0.6879804
ID114,mase,1.0744911,1.1803399,1.4669932,0.5944879,1.2986262,1.0364752,1.4828355,1.4635285,0.9354891,1.3266314,1.0241982,1.1052512,0.60522294
ID115,mase,3.4951458,1.5881659,1.2694199,1.9472204,2.9545233,1.4197932,1.2605897,1.5298144,3.720604,1.4111947,2.3051956,2.4180567,0.9737069
ID116,mase,0.6993465,0.6210535,0.6248413,0.31260723,1.672192,0.58503634,0.3593995,0.7559866,0.77338356,1.1831738,1.0945163,0.5665288,0.4190104
ID117,mase,0.35852528,0.24746442,0.40890256,0.3993998,0.6828822,0.5385859,0.4594734,0.36317047,0.67127866,0.34481135,0.3068839,0.38982,0.17705764
ID118,mase,1.1222391,0.5170808,0.511493,0.75894284,0.2626108,1.0665613,0.20583674,0.2515181,0.519074,0.24112074,0.34782636,1.0911609,0.756469
ID119,mase,0.7130145,0.3070065,0.116735816,0.8098213,0.35375938,0.6823129,0.35271028,0.39853922,0.18468347,0.75847745,0.18762432,0.70962864,0.5553835
ID12,mase,0.99107516,0.7529147,1.1457562,0.6780863,0.820309,0.7030729,1.1756502,0.79965013,0.8476478,1.1188043,0.6102221,0.5722746,0.45154724
ID120,mase,0.23593827,0.2597634,0.25053212,0.26754883,0.24456675,0.28278545,0.25729108,0.22663437,0.32585675,0.32609367,0.44487506,0.47753817,0.31206876
ID121,mase,0.21797404,0.13654362,0.17413896,0.15246683,0.20632237,0.1598606,0.17607647,0.13511658,0.16570264,0.1682949,0.18682748,0.15113091,0.41808626
ID122,mase,0.27913424,0.38301814,0.30481663,0.097487725,0.58611447,0.3986292,0.12127371,0.15039794,0.09287423,0.18532935,0.30532143,0.13695046,0.3971962
ID123,mase,0.2633172,0.18433268,0.1907762,0.1891949,0.20996152,0.16474172,0.34165436,0.1838814,0.18353114,0.21109447,0.1730188,0.2140681,0.3068764
ID124,mase,0.6713974,0.4021662,0.6926746,0.30020997,0.8246154,1.1037904,0.85306424,0.9743807,0.28597206,0.21099736,0.68153876,0.84368515,2.8403656
ID125,mase,2.3362126,1.1148943,1.1010537,1.9634373,0.59205294,1.5223949,0.9099332,0.43504176,0.54433405,2.1347315,1.0223469,1.7466533,0.85512894
ID126,mase,0.49441236,0.84676254,0.7721221,0.49360532,0.60988384,0.42566648,0.5816683,0.6724718,0.55136317,0.45049468,0.6786436,0.8632132,0.44355124
ID127,mase,0.23111314,0.35987332,0.26397532,0.38315997,0.668736,0.3503373,0.31286854,0.52953595,0.3619343,0.7759904,0.40887442,0.25206333,0.5415231
ID128,mase,0.90639555,0.81449753,0.45196083,0.52821815,2.5634732,0.49851558,0.9515547,0.8975896,1.3529549,1.4899993,1.220484,0.5717482,1.3863121
ID129,mase,0.8125111,0.72146565,0.47653747,0.5596302,0.78553724,0.43451115,0.665384,0.90270084,1.1940044,1.1308736,0.47551754,0.46121967,1.0529821
ID13,mase,1.6424919,0.9745143,0.61429834,0.4524501,0.8133845,0.40477982,0.46231076,0.38854122,0.9288021,0.7786757,0.37107465,0.4740502,0.8026555
ID130,mase,0.53004223,1.2100943,0.5920426,0.65981823,0.6862365,0.55892247,1.0364525,1.0051097,0.58180374,0.49141672,0.64342123,1.3143382,1.029827
ID131,mase,0.19127788,0.20468923,0.21318713,0.36389992,0.19010611,0.26412147,0.15734711,0.19570209,0.13479199,0.06904258,0.21139678,0.19763355,0.17500836
ID132,mase,0.4628961,0.340633,0.4252845,0.49162033,0.4925462,0.37855268,0.423822,0.6856898,0.25586024,0.25181127,0.4658275,0.89949864,0.57763696
ID133,mase,0.791636,0.5441822,0.6016777,1.0812407,0.9581721,1.0838844,1.0419139,0.8673345,0.33298776,0.41896528,1.1509621,0.8664583,0.8791195
ID134,mase,0.26339948,0.26587224,0.25954407,0.25635365,0.29990244,0.29727772,0.2772536,0.21498424,0.29013866,0.40697673,0.25788045,0.3053155,0.31434572
ID135,mase,1.5726348,1.3531864,0.4294607,0.685037,1.1754185,1.2131178,1.1414173,0.65269446,0.6006785,0.34922415,1.3143615,1.9153793,0.6894208
ID136,mase,0.85018533,1.112265,1.0831465,0.5252622,0.54110736,0.7782516,0.4823991,0.5298781,1.0400007,0.47979644,0.5799776,0.51701504,0.9007972
ID137,mase,1.4949491,0.96343094,1.9244511,0.6563208,2.3264606,0.8965304,0.9292213,1.6190155,1.0710974,1.9174948,1.8135064,1.3206826,1.1285367
ID138,mase,0.792319,0.3652014,0.43157595,0.5532503,0.27149427,0.7263408,0.5419257,0.4267628,0.25112078,0.41457653,0.24848363,0.6834045,0.46416166
ID139,mase,0.4762445,0.4936851,0.37862515,0.3819037,0.64850205,0.38678205,0.3289391,0.4505431,0.7648464,1.0748056,0.8082518,0.45003805,1.0228814
ID14,mase,1.1324761,0.79071987,0.81542885,0.9437507,0.48710945,0.9439418,0.55257523,0.60125166,0.89779687,1.0337821,0.4172544,0.665801,1.0370115
ID140,mase,0.6170875,0.44412148,0.45757598,0.6481919,0.6007297,0.5877649,0.51901954,0.47519234,0.4066108,0.31566828,0.45386058,0.3935029,0.9473059
ID141,mase,0.55955213,1.4925416,0.66062224,0.32048723,0.5954774,0.97481674,1.1557575,0.4625136,0.7275601,0.6203142,0.57541084,0.35106102,0.95985085
ID142,mase,0.59800214,0.52868366,0.52110404,0.6043687,1.1376425,0.8182828,0.58725643,0.66695046,0.7608686,1.231928,0.70440865,0.6164905,0.945696
ID143,mase,2.512637,1.983363,1.7588124,1.6364448,3.775106,1.8910613,1.6345437,2.8445034,1.539494,2.3742056,3.537716,2.8376222,1.2869787
ID144,mase,0.49004623,0.3065241,0.35541114,0.31064942,0.7120322,0.41875163,0.3802007,0.3769075,0.45629737,0.31279638,0.38383198,0.29941955,0.5550793
ID145,mase,0.6844866,1.0718967,0.5426225,0.709942,0.8715836,0.5061568,0.8498015,1.0867188,0.31030643,0.787095,0.71829575,0.4775901,1.4716325
ID146,mase,0.08231912,0.0886234,0.2437764,0.07426302,0.54213274,0.0496927,0.12665476,0.12773928,0.069906175,0.17880805,0.16652112,0.2687568,0.11169816
ID147,mase,0.09277816,0.2933691,0.23437303,0.20923528,0.23667453,0.38994715,0.18849283,0.10554481,0.11195388,0.14546597,0.20423162,0.31903994,0.19152614
ID148,mase,0.34689945,0.6143766,0.650217,0.39418596,2.6705117,0.44008794,1.1174673,0.6339474,2.5643785,0.39349008,1.2934542,0.41585562,1.0415488
ID149,mase,0.36912298,0.6363001,0.4228114,0.64632595,0.7264662,0.5640221,0.40231055,0.47540474,0.39155394,0.6596104,0.4612736,0.38843682,1.43203
ID15,mase,3.7657967,4.3541203,1.3753265,1.2797236,4.0111504,3.5828774,0.6196897,3.406425,0.56762916,2.0413961,3.318688,2.499093,0.8359333
ID150,mase,0.71089625,0.50037944,1.2764468,0.77502114,2.364933,0.6570171,1.7311416,1.3350161,2.0440876,1.8922663,0.4601693,0.54837704,0.90287274
ID151,mase,0.73761106,0.6152682,0.7826158,0.6264212,2.5714746,0.44552,0.6003624,0.98446006,0.6863129,1.0300289,1.4063159,0.904321,1.1220636
ID152,mase,0.39138746,0.5034209,0.3556473,0.31350338,0.69587594,0.62747943,0.46803898,0.2985634,0.35483015,0.39402094,0.43281782,0.3327235,0.5964835
ID153,mase,0.95268315,1.5579958,0.3912117,0.85272646,0.5554343,1.431506,0.9836681,0.37483066,0.38397676,0.57075876,0.824611,1.1477427,0.5706237
ID154,mase,1.9079775,2.573194,1.3549212,1.0056263,3.5505867,2.2997663,2.4351592,2.7094734,1.3699874,1.9666206,3.2211032,2.5119066,1.073184
ID155,mase,1.6669576,0.7012142,1.2607142,0.77325356,2.774416,1.423307,1.9552637,2.1513286,1.624214,2.9398074,2.0458407,1.5207541,0.70183736
ID156,mase,0.6049185,1.233669,0.4765824,1.4212513,0.7409829,1.1325753,1.0429083,0.6002981,0.50697744,0.5489981,0.77366275,0.9823338,1.1611353
ID157,mase,2.142242,0.73881316,1.608238,0.74434465,3.290995,0.75902706,1.3775289,1.9689469,1.8179506,2.5981667,2.3255975,0.91321063,0.8996155
ID158,mase,1.1113183,2.448032,1.5687408,0.7192039,1.1140043,2.6627493,1.3538089,1.3324966,0.79856926,0.9178101,1.1520363,1.383913,0.94100225
ID159,mase,1.737418,0.6851724,0.8169597,1.0157633,1.7645364,0.717555,0.6680739,1.6091332,2.1197374,1.5179569,2.8437169,0.9066803,2.0560734
ID16,mase,0.3805414,0.47019452,0.64879507,0.52156836,0.40139446,0.4138065,0.31258354,0.4564738,0.4914874,0.70462394,0.32664305,0.4224901,0.80032974
ID160,mase,3.8813992,2.7727313,1.4152502,1.9123453,4.5340242,1.8238627,2.1398842,3.801783,2.1230192,1.3269918,4.1258388,2.9413521,1.3205936
ID161,mase,1.1711311,0.3691008,0.2932884,0.35639325,2.6868348,0.51018727,0.35102072,0.72750324,0.6625547,1.514734,1.0472158,0.459484,1.0310191
ID162,mase,0.702128,1.3408183,0.7179064,0.75729305,0.9646203,1.4461945,1.10613,1.0843668,0.49889338,0.5332362,0.6260153,1.3411095,1.3751084
ID163,mase,2.6484752,0.8147766,1.3022437,0.772696,3.1600795,0.8010307,2.1290505,0.9090325,1.0042299,1.530185,2.4005606,1.3921719,0.76074207
ID164,mase,0.3011347,2.0456812,1.4584383,1.174852,2.9496675,0.6524053,1.9817847,2.9865067,0.45495772,1.2970316,2.8791344,1.4561459,0.5951906
ID165,mase,2.3338697,0.8289446,1.698519,0.8299485,3.9582515,1.1393318,1.9109694,2.5116448,2.2013953,2.6616983,2.806478,1.807397,0.97735006
ID166,mase,1.4829366,0.73577046,0.8050107,0.94777775,1.5425054,0.806957,0.8247633,0.83089125,1.0242529,0.984711,1.2843441,0.8900407,1.241668
ID167,mase,0.675452,0.58076406,0.8936818,1.4230986,1.3744136,0.7477226,0.55512965,1.4070973,0.6034641,1.4885107,0.559784,0.9069275,0.7987442
ID168,mase,1.0980433,1.0139885,0.86275494,0.9697575,1.5559872,0.98841655,0.9760077,1.0869089,1.1403137,1.2344766,2.0793095,0.96364266,1.5339135
ID169,mase,0.80791914,0.68295366,1.1753055,0.3767763,2.2722454,0.8932986,2.276964,1.7745746,1.2914038,1.2184266,0.4960133,0.630656,1.4593621
ID17,mase,1.104147,1.094601,0.84536713,0.87457556,1.9177648,0.97635746,0.8767119,0.98456264,1.1184078,1.2553563,1.926669,1.8490673,1.1358653
ID170,mase,2.464822,1.0028689,1.7269335,0.9549548,4.1309347,1.1191481,1.2550949,2.496874,1.0361145,1.9516466,3.744612,0.9858653,1.5368916
ID171,mase,0.8349151,0.47644213,0.3806622,0.64496744,1.8460891,0.5247928,0.48368514,0.87033874,1.2723694,1.1051383,1.200142,0.6509334,0.73976487
ID172,mase,1.3820587,0.3282347,0.23726143,0.28088498,0.99015903,0.48709676,0.3873729,0.41396964,0.6318389,0.73716336,1.8543335,0.2354325,0.8389651
ID173,mase,1.2098277,0.8665723,2.0790024,1.4143609,3.899532,1.5587233,2.240466,2.12568,1.9113387,2.7074718,1.7913283,1.537672,1.0020466
ID174,mase,0.37493134,0.36720785,0.33838797,0.7029068,0.35509735,0.41994655,0.33855817,0.36217138,0.43518573,0.6948298,1.2363715,0.5520324,1.4367828
ID175,mase,1.5555606,1.963704,1.5010583,0.6641877,1.198469,2.4981158,1.6683617,2.137473,1.0907766,0.9792178,1.3277735,1.4433986,1.1548647
ID176,mase,1.1238972,2.0609481,2.4793751,0.8667242,3.0996625,0.95953,1.7139455,2.0705447,2.4537098,2.2515042,2.1175086,0.75267,1.2027267
ID177,mase,0.4335557,1.4343817,0.66751045,1.122623,2.8288052,0.9770256,0.67722607,0.58472145,0.69937134,1.2814037,1.3108349,0.49327117,1.1136727
ID178,mase,0.3632042,0.25048316,0.2164563,0.5921757,0.90504056,0.12999997,0.24117514,0.17617281,0.21591051,0.5216662,0.96559685,0.40079916,1.1217127
ID179,mase,3.8506067,1.1870571,0.80640405,2.1086972,3.2822096,0.90883857,1.0820917,0.6168146,2.5845861,3.6103845,4.1858497,0.8571506,1.5431168
ID18,mase,3.3725717,3.112331,2.6286569,2.0891862,1.4347112,1.7010663,2.739021,4.0554276,2.011967,2.9625175,1.4133599,1.834638,0.7796873
ID180,mase,1.592656,2.4576514,1.236341,1.2874242,1.9613595,1.1252154,1.3197657,1.6003522,1.6904248,2.765997,2.5316558,1.4948244,0.99463487
ID181,mase,0.45390067,0.6677857,0.86606365,0.5518093,0.7924502,0.5279865,1.1818994,0.77592635,2.0597405,1.6511464,0.8554779,1.155943,0.82203764
ID182,mase,3.3331244e-08,5.464665e-08,2.1017856e-08,2.7532638e-08,2.2196248e-08,8.288532e-08,8.713317e-08,2.966491e-08,3.825716e-08,1.2842146e-08,4.52844e-08,9.500864e-08,0.0
ID183,mase,0.9079503,0.82256216,0.74916124,0.87519556,0.8108682,0.528995,0.978274,0.5189518,0.7930136,0.75177795,2.1706007,1.4354421,0.93974406
ID184,mase,1.1023403,1.6554965,0.6928558,0.93186176,3.2364452,1.5158141,0.64939404,0.6450376,1.1394517,1.7029672,1.155775,0.7948123,1.2025986
ID185,mase,0.40712094,0.27790534,0.16921894,0.23913392,0.32578087,0.42886883,0.34820488,0.4649209,0.56363547,0.20362373,0.7342458,0.50125366,1.0038869
ID186,mase,0.614401,0.84596026,0.5618099,0.6983618,0.78877586,1.3466843,0.7978198,0.4360038,0.57993716,0.6260714,1.2425036,1.1424835,1.5057918
ID187,mase,0.9472949,0.83116806,0.5302397,0.5225376,0.68287164,1.5568874,1.0456448,0.6293648,0.49241516,0.5565554,0.99320513,1.6733376,0.8034799
ID188,mase,5.300849,2.3304188,2.6887329,1.8263867,4.860141,1.6802139,2.6264825,2.7539406,3.154328,4.4037423,4.939364,4.5594153,0.71342474
ID189,mase,1.1482534,0.55506843,1.6423175,1.2947339,2.0415697,0.6947176,1.0583562,1.2088872,1.8825241,1.2813193,1.522064,1.2844647,1.1196634
ID19,mase,1.3220664,1.3049179,0.9114873,0.9000796,3.022408,0.9329692,1.639725,0.95136213,1.2403166,0.9135854,1.2668494,1.4774915,0.45342293
ID190,mase,0.63377666,0.74366397,0.5627374,0.39367533,0.4035555,0.76849025,0.6606915,0.5074319,0.6162941,0.74167454,1.6074833,1.3901341,0.40151197
ID191,mase,0.5834678,0.214607,0.30578363,0.2725408,0.63619924,0.2280438,0.40020663,0.3082822,0.7078923,0.6564191,0.7709915,0.26195922,0.39641482
ID192,mase,0.98212874,0.36969823,0.41953713,0.48400924,1.5812415,0.4437368,0.8060855,0.89099026,0.7999038,1.1364264,0.8195762,0.47235772,1.2928282
ID193,mase,1.2220193,0.98952854,0.5640505,1.4865893,1.623737,0.32085273,1.515798,1.4529061,0.8990282,1.5167677,1.019366,1.0551908,0.36367765
ID194,mase,1.3858837,0.4171594,0.87803245,0.41900745,1.6709173,0.34388784,1.5213355,0.9796425,1.0651929,0.9159058,1.7165552,0.7713522,1.0452313
ID195,mase,1.0515497,0.77703124,0.3940757,0.36604106,0.9186138,0.7780695,0.3517494,0.63745415,0.31074208,0.64718467,1.7170625,0.4082451,1.056652
ID196,mase,0.4443512,1.1523185,1.3654051,0.49783513,1.8527148,0.6202417,0.41547117,0.4268406,0.8240434,2.038197,0.41174215,0.4010931,0.72119015
ID197,mase,0.47706997,0.48683265,0.58663446,0.73924553,1.0447842,0.4784144,1.0987139,0.5088339,1.0327122,1.726947,0.5848301,0.84516186,1.439859
ID198,mase,2.1102657,1.278368,1.8602887,0.8196043,3.952007,1.489031,0.6029034,1.7102584,1.5607542,0.9816794,1.9850609,1.107208,0.80610764
ID199,mase,2.8974407,0.45033258,0.5320454,1.5976002,2.3808472,0.65560544,1.3566616,1.0734881,2.0312345,1.7219322,2.6603768,2.2566354,0.80716705
ID2,mase,0.001037859,0.00041219784,0.00036128104,0.00021826114,0.00034542417,0.00019901185,0.0005249557,0.00053566427,0.00047107393,0.00025666726,0.001042345,0.00020954716,0.015078185
ID20,mase,1.4304624,0.54564714,0.63619435,0.7137349,0.7256128,0.8754377,1.1305884,1.093583,0.51057845,1.0368081,0.33771598,1.0042952,1.4130143
ID200,mase,1.1248577,0.82748765,1.9581301,1.8640555,1.0803118,0.45185018,1.9133396,0.43117854,1.1152221,1.3998668,0.73187375,2.1905715,0.82488734
ID201,mase,1.1919284,2.4762392,1.2163675,1.7906091,4.0351295,1.5179085,3.6329925,1.3473145,1.4252975,2.8666253,1.326418,2.6246462,1.0576973
ID202,mase,1.4286981,0.5350068,0.67002624,1.2737957,2.0868614,0.85161275,0.8208368,0.85371166,1.6602122,1.6928087,1.2322116,1.0264668,0.7680581
ID203,mase,0.7283733,0.9788748,1.0808866,1.2596434,2.8471987,0.7605513,0.58733463,0.29549867,0.6132561,0.40474805,0.71168387,0.69087696,0.71892136
ID204,mase,2.4359946,0.6542691,0.8059315,0.6135241,2.0151305,0.59715515,1.0491962,2.230049,1.4039271,2.080787,2.7300484,0.5932191,0.9210723
ID205,mase,1.281048,0.5120341,0.611365,1.129655,2.9610631,0.62652844,0.54606134,1.0468558,0.64111036,2.446522,2.0268025,0.9550866,1.5136209
ID206,mase,0.52733076,0.46934226,0.43372747,0.7097162,0.7269048,0.4565666,0.4841363,0.3536418,0.7750905,0.6302169,0.47126922,0.45503005,0.6032485
ID207,mase,0.15001129,0.20700882,0.29260418,0.50035787,0.60075706,0.4547582,0.27288806,0.5444368,0.35955268,0.3524092,0.23944893,0.30565354,0.49459055
ID208,mase,0.63524824,0.23567578,0.29370573,0.54640883,0.5394939,0.31792775,0.38186467,0.4606014,0.50281346,0.37309375,0.6294671,0.40106192,1.4574101
ID209,mase,1.5273205,0.71258765,1.0934812,0.57251674,3.2567816,0.82492226,0.7306766,0.682921,0.49249646,0.43217996,0.60666686,0.9479631,1.8217139
ID21,mase,0.69782984,0.44637606,0.68732333,1.0012206,0.7921838,0.8462105,0.37008506,0.9479605,0.62323344,0.6046071,1.1845388,0.35610583,0.9853177
ID210,mase,1.3505377,1.1278859,1.2549875,1.2068758,2.165523,1.2803571,1.5446907,1.2500076,1.341505,1.2109284,1.1940906,1.269976,1.8107586
ID211,mase,1.7950486,0.44832128,1.6022841,0.5497649,2.6234782,0.8096172,0.6780934,1.4820075,1.8750669,2.2232947,1.4283866,1.089573,0.88792545
ID212,mase,1.4757445,0.929653,1.1183677,0.4711008,1.9380457,0.5027045,1.6009923,1.9085172,1.6868159,1.4233243,2.354115,0.59157276,0.6616946
ID213,mase,0.5274924,0.39759272,0.49827406,0.3603909,0.4409847,0.43649727,0.7777429,0.4034187,0.94214356,0.7776513,0.43284306,0.6277669,0.7742295
ID214,mase,1.0303113,0.47601083,0.56719506,1.3397005,2.3823836,1.6003954,1.5101709,0.9785976,1.5112559,1.6278149,1.2955602,1.0728275,0.96871173
ID215,mase,0.29747814,0.6721109,0.3194064,0.5681467,0.32599545,0.4990444,0.3138099,0.2924507,0.23415717,0.3742426,0.27774245,0.5002415,0.36454898
ID216,mase,0.38662222,0.9481693,0.48402366,1.4122285,1.1500968,1.458982,0.35328773,0.8510836,0.8762761,0.37337652,0.5506873,1.6536107,0.5572085
ID217,mase,0.46083274,0.5260697,0.49778533,0.43064868,0.31384003,0.51738805,0.42472976,0.3988494,0.429356,0.29482535,0.43224052,0.4869471,0.38162243
ID218,mase,0.30665684,0.5620279,0.9647397,0.36224642,1.6089655,0.68602765,0.2408539,0.3132101,0.51959604,0.8941958,0.4467555,0.39543054,0.7019471
ID219,mase,0.20917375,0.25511968,0.31330678,0.3397888,0.4444316,0.2614809,0.30331784,0.28511223,0.29904222,0.5126159,0.29205477,0.31443927,0.5019455
ID22,mase,1.7628738,1.6933434,1.9865377,1.9552851,0.35734776,1.7286836,2.0030816,1.7543284,1.240517,1.4383342,1.6470262,1.7609541,0.9336073
ID220,mase,0.8575991,0.9653912,1.1689827,0.8101658,1.517793,1.3362713,1.5394372,1.8308183,0.67807543,2.1911006,1.0570173,1.7750167,0.73681176
ID221,mase,1.1021363,0.44016215,0.5757304,0.43167365,0.8752634,0.49942762,0.90767944,0.63408846,0.44820517,1.1867784,0.5167048,0.5309564,1.3957078
ID222,mase,0.19080366,0.19050847,0.27003077,0.24482271,1.2576759,0.21242028,0.55481297,0.6269127,0.43102327,0.31424782,0.35243276,0.29048142,0.58505183
ID223,mase,0.9007401,1.1776555,0.7442637,1.0712553,0.6057103,1.037391,0.94205993,0.8068737,0.4667066,0.4678889,0.95683175,0.87515306,1.3673657
ID224,mase,0.8754619,0.39120808,0.4412998,0.33310226,1.624946,0.33778474,0.653074,0.75022095,0.3526904,0.8572797,0.4816179,0.7776117,0.7475073
ID225,mase,1.2183951,0.45848113,0.6326505,0.24170661,0.7030891,0.22449097,1.4553764,1.0657775,0.48434672,0.51917344,0.7853487,0.7367423,0.5759972
ID226,mase,1.0534959,0.5361057,0.532021,0.54044235,0.8304893,0.5951299,0.5034869,0.82043463,0.4867138,0.44456372,1.003564,0.7767793,0.50007915
ID227,mase,0.5277816,0.76373327,1.0461948,1.6678728,0.9567467,0.5230843,1.3981646,0.4644738,1.1409214,0.515054,0.72637326,0.74012643,1.1175475
ID228,mase,0.7832127,0.6564314,0.83747363,0.8719405,1.8281313,0.4214175,1.0303012,1.2034023,0.52127504,0.4006513,1.9529798,0.40731502,0.63678867
ID229,mase,1.7863816,1.0449979,1.0905325,1.0370699,2.5470002,1.0502932,1.0028536,1.9430519,1.1622769,2.0538495,1.9799103,1.1562201,1.4082562
ID23,mase,3.2841742,2.9183257,1.3872677,2.1592164,1.8974138,1.6424161,1.3457724,2.579993,1.6267033,1.483121,2.6016395,4.948081,0.46635622
ID230,mase,1.3384258,0.57548857,0.5354765,0.5493369,2.237361,0.70024425,0.47269878,0.48573476,0.9487785,1.4414151,1.305987,0.5204982,0.8706039
ID231,mase,1.8766183,1.0037073,1.5992697,1.3254454,0.52812016,1.8548682,0.5919425,0.88437885,1.9802943,1.4163643,1.978257,1.9410187,1.0449119
ID232,mase,1.566835,1.2857735,1.3926157,0.5894333,2.9623234,0.9144194,1.2321739,1.9777389,1.7755603,1.8224753,3.2140837,1.2422125,0.85030943
ID233,mase,0.5345693,1.028779,0.9524245,0.7838814,2.309478,0.4283036,0.47288918,0.37457666,0.44771463,0.7194009,0.4802158,0.82438296,0.65106195
ID234,mase,1.2251743,0.7386999,0.62548244,0.6479255,2.068989,0.6218076,0.7667005,1.1443112,0.57182294,1.7751274,2.6890345,1.2388804,0.8783831
ID235,mase,0.30914393,0.15955277,0.27842078,0.23911336,1.3752158,0.15340655,0.18841556,0.26286614,0.2060559,0.27530378,0.23914677,0.2461958,0.62988037
ID236,mase,0.90290207,0.4168053,0.28415057,0.3440695,0.6998938,0.7878493,0.6705557,0.3403714,0.26621026,0.37129623,0.7784168,0.28450322,0.58180934
ID237,mase,1.8772422,0.57506025,0.6087245,0.5981592,2.6737418,0.7608032,0.8208104,0.73722816,0.5748812,1.2634572,2.147011,0.8739201,0.63979405
ID238,mase,0.5949713,0.7259864,1.1537485,0.7997618,2.7485254,0.7619876,1.0023453,0.82114786,1.6235774,1.2570506,0.9834868,0.67651576,1.061764
ID239,mase,0.91148275,0.57711416,0.4578713,0.98576444,1.1486962,0.584607,0.45460925,0.63500977,0.47844833,0.5522507,0.7961543,0.7291506,1.1878848
ID24,mase,0.5749073,0.29696986,0.34326977,0.22872786,0.86682135,0.6400781,0.19702949,0.58132565,0.36019623,0.24649389,0.25905633,0.3671359,0.4862995
ID240,mase,0.52737653,0.632825,0.5196808,1.0567143,0.4047206,0.69285405,0.3299089,0.4389563,0.24433304,0.382011,0.4276674,1.1063347,0.78775513
ID241,mase,0.39611116,0.25658473,0.57104594,0.44824126,1.1168467,0.24888822,0.3922464,0.20496568,0.24619545,0.68914783,1.0977666,0.5654093,0.3842572
ID242,mase,2.1338835,2.6720474,0.9290355,1.326591,3.3409011,1.9150823,1.6128483,1.0401721,0.87245804,1.1628749,1.1716093,2.0332267,1.0892637
ID243,mase,1.342829,0.35061586,0.30292982,0.7337307,2.1648638,0.95557356,0.3391298,0.32738692,0.42839903,0.32941675,0.8441156,0.53515095,0.995888
ID244,mase,0.71141905,0.7770823,0.6972319,0.8796395,0.4094957,0.59517133,0.5706575,0.497653,0.5634971,0.7781707,0.30338347,0.97158676,0.51737213
ID245,mase,0.2770799,0.32772306,0.16820188,0.33758682,0.29292098,0.4120264,0.24923329,0.14923231,0.13065042,0.383997,0.1518346,0.21904123,2.484344
ID246,mase,0.42460212,0.6279312,0.25339478,0.7719517,0.30969322,0.7643566,0.5282643,0.5559815,0.20609768,0.38274142,0.4142955,0.52827567,1.4183849
ID247,mase,1.2837695,0.52592415,0.65700406,0.26523212,3.318404,0.81396186,1.1281826,1.0025077,0.62721115,1.090216,1.3938936,1.1293752,0.4972494
ID248,mase,0.59633774,0.4217854,0.4176864,0.4301135,1.1094264,0.56226,0.68832576,0.38648233,0.83854747,0.6199708,0.5349571,0.7141096,1.1713046
ID249,mase,1.4048556,0.4592411,0.82703274,0.35647437,3.124038,0.37842777,1.0661246,1.0994377,1.5107465,1.6997464,1.3219082,0.46973675,1.0165219
ID25,mase,1.5644794,1.7260332,1.5444193,2.3827662,2.5695271,1.7537991,1.5817538,1.6042802,2.1638339,1.8857474,3.2201638,1.7676708,0.6289827
ID250,mase,1.0987971,0.52369,0.2589191,0.32631338,1.8665121,0.24577843,0.52543503,0.3728774,0.77434963,1.3276005,0.7659241,0.26361483,0.7334962
ID251,mase,0.4530395,0.23895715,0.3845919,0.52672756,1.1963509,0.7406969,0.41142538,0.43930203,0.49199572,0.7888452,0.44179082,0.25461596,0.5789507
ID252,mase,0.3065054,0.22749752,0.9413293,0.420055,0.5502869,0.32295868,0.43963706,0.3511083,1.1340941,1.1303706,0.78576857,0.31142595,1.0167322
ID253,mase,1.7221537,0.82297164,0.747825,1.1405705,3.7644334,0.7358136,1.8054901,2.0856466,1.9113152,2.1954315,1.3512706,2.2710543,0.8125204
ID254,mase,0.3458337,0.38262367,0.85935915,0.27057508,1.8155068,0.37983844,1.1484803,0.69450444,0.93614686,0.7654224,1.0081677,0.2827791,1.0575684
ID255,mase,1.0298164,0.30707058,0.24230832,0.43351734,1.3540097,0.30700305,0.49473885,0.60115486,0.5878335,1.4352195,0.40036595,0.3234693,0.6966489
ID256,mase,0.8174891,1.160694,1.3478374,1.2490807,1.6516312,1.2182297,1.8868423,2.7481768,2.041279,1.8257545,1.4037547,1.1027297,0.74193734
ID257,mase,1.8826523,1.3851267,1.4243122,0.72142226,3.9399328,2.114693,2.6667795,1.6454341,1.8277402,2.3967602,3.541201,1.007674,1.1585226
ID258,mase,0.99146926,1.0204719,0.41534126,1.1773243,2.8550403,1.5895344,1.0407172,0.9205115,1.7547113,1.171515,0.8334239,1.0641973,0.7295237
ID259,mase,1.3687999,0.8265634,1.0217136,1.8535529,2.8340793,0.8210834,1.1403034,0.9826466,1.30913,0.6973599,0.6299001,0.44885424,0.81774676
ID26,mase,0.4241442,0.4343055,0.4234034,0.303318,1.6999273,0.35289723,0.29116857,0.286293,0.23078573,0.32819447,0.38710275,0.42440984,0.88835186
ID260,mase,0.5258385,0.33233964,0.73289734,0.49112564,0.62069136,1.2379674,0.8037973,1.0379469,0.9651898,0.7257828,0.87386686,0.79876524,1.903288
ID261,mase,2.2265205,0.30460486,0.39343107,0.402753,2.511197,0.65225077,0.46126673,1.7773205,1.0399863,1.1185743,1.9765415,1.3280361,0.87653154
ID262,mase,0.57627887,0.9840468,0.9638169,0.6036131,2.9338632,0.54803306,0.9071088,0.63211155,0.6477875,1.2694763,0.81194603,0.65047663,0.7922941
ID263,mase,0.566774,1.2136813,0.5370633,0.54539454,1.9885029,1.0876051,0.5195484,0.73174846,0.8228492,0.64366937,0.8732793,0.603622,0.7723709
ID264,mase,0.7837869,0.61153984,0.6119406,1.5353644,1.9132683,1.266198,1.6720247,1.7053317,1.0613765,1.5626972,1.4347856,1.803738,0.9681684
ID265,mase,0.28697497,0.8596957,0.7278217,0.90960073,0.24443261,0.5383387,0.23679075,0.26014677,0.28149197,0.1927219,0.17518862,0.2240754,0.7701515
ID266,mase,1.0018332,0.55107284,0.7913962,0.6511167,0.8628903,0.687347,0.75561947,0.7940277,0.9051979,1.0220542,0.9202094,0.5659304,1.1470886
ID267,mase,0.70553786,0.285154,0.8739058,0.2463488,1.5595572,0.39705473,0.46259803,0.61207765,0.48838028,1.1112512,1.100782,0.4014678,0.3296627
ID268,mase,0.9324483,1.6235679,0.7083784,1.1567929,0.8213048,1.0430939,0.769173,0.744245,1.6714865,1.5541962,1.0152136,0.8692373,0.7120867
ID269,mase,0.62121856,0.6075659,0.68443173,0.45182708,0.262791,0.44558036,0.90566987,0.55831116,0.5585779,0.29015052,0.9223249,0.5505385,0.960162
ID27,mase,1.1558324,0.54880345,0.32958078,0.3388169,0.9268048,0.3675541,0.8226618,0.42853484,0.43284923,0.48132885,1.5791935,0.41129208,1.2647165
ID270,mase,0.37938103,0.18724933,0.2902032,0.10081346,0.3936842,0.10330713,0.14343001,0.46116304,0.5307148,0.3072176,0.8363759,0.22151679,0.56860805
ID271,mase,0.50999945,1.0677702,0.31201845,0.661471,2.1218262,0.33594066,0.9254549,0.6192674,0.37357643,0.8792881,0.8598641,0.72127694,0.6648587
ID272,mase,0.45651552,0.6077509,0.41970432,0.6557388,0.78436697,0.35816997,0.33669975,0.373708,0.75138,1.3977233,1.4063439,0.77065897,1.5293657
ID273,mase,0.29148918,0.34635475,0.31647152,0.6039272,0.8816695,0.909062,0.55957544,0.5093713,1.1621556,1.8450227,0.44641626,1.1439627,0.5920491
ID274,mase,0.9334055,0.5060934,1.2445583,0.57170457,1.6887923,1.1989815,1.3470113,1.7172192,1.4962056,1.4708966,2.4504025,0.62896466,0.8173934
ID275,mase,0.8025189,1.2888246,0.5196618,1.4005351,2.1221077,0.48012877,0.6461123,1.1020042,1.3664927,1.0570277,1.8523226,1.8536452,1.5159123
ID276,mase,1.529339,0.49564153,0.57438135,1.9556801,2.5296535,0.9351055,1.4472219,0.6573438,0.7076682,1.4313214,2.2777061,1.4628738,0.83510005
ID277,mase,2.644108,2.1940851,1.7484126,0.62047726,3.9887507,2.4488347,2.9659898,2.544301,1.4924456,2.1478033,2.4523253,2.1863604,0.36976835
ID278,mase,1.2489548,1.2514701,3.1365688,3.3870306,3.2172887,0.8315859,2.2719886,3.0877047,2.823908,3.5071967,1.4449621,0.40247303,0.9008759
ID279,mase,0.41788775,0.4512858,0.6456288,0.68677676,0.58982927,0.50069153,0.354412,0.25584432,0.33840185,0.4579913,1.0949172,0.44454795,0.8697527
ID28,mase,2.2221107,2.6234174,0.7554668,1.4582392,3.124615,1.3689363,1.1661062,1.7572217,0.93988717,0.8501965,1.4910132,1.282877,0.7098187
ID280,mase,0.4005168,0.46368515,0.7564652,0.51293695,1.2264737,0.43939075,0.49735412,0.4021611,0.39112392,0.72992206,1.2795073,0.41928345,0.728861
ID281,mase,4.206639,0.73809266,1.6018237,0.43258053,1.3576528,3.0253403,2.9181101,0.5500245,2.0348442,2.8064067,3.1404846,2.6212118,0.61224145
ID282,mase,1.1481218,0.66155726,0.58332676,0.74136025,2.5146863,1.6559626,1.7115197,1.072465,1.4979118,0.3297814,1.9051791,0.74855965,2.3941286
ID283,mase,1.0342232,0.6884518,1.2374482,1.0383064,1.7424347,0.66150516,1.2698013,0.69151586,1.4561028,1.7542235,2.0944881,1.1021602,1.6588392
ID284,mase,0.36707076,0.5069263,0.19909234,0.4992477,0.4755996,0.73605967,0.23066546,0.45029283,0.35528114,0.93967503,0.45125505,0.24522173,0.5275082
ID285,mase,0.83850616,0.93165976,0.799628,0.9182264,0.65226734,0.7381167,0.74018335,0.816072,0.4561835,0.73141897,0.63103783,0.45543402,0.4394536
ID286,mase,1.5960368,1.3170578,1.3131368,1.4998105,1.7309535,1.2440063,1.5738217,1.2272712,1.1593986,1.3188926,1.1206139,1.4406967,0.99580705
ID287,mase,1.3886759,0.7725059,1.3555162,2.0125291,3.529389,2.077907,1.1796483,2.4239907,1.3020406,2.8552935,1.7611101,1.3537974,1.6748985
ID288,mase,1.597528,1.0492356,1.6584672,1.1735481,1.8858991,1.9028484,3.062976,2.128344,0.79736423,3.007978,1.7559648,1.6999373,1.1815081
ID289,mase,1.6003767,1.8772,1.7924097,2.0612752,2.479883,1.7021196,1.9414893,2.1334417,1.846965,2.6749196,1.799564,1.8603741,1.9980955
ID29,mase,1.0658764,1.4015993,0.926747,1.0585828,1.1704959,1.247177,1.3389887,1.036774,0.921345,1.0438799,1.0556427,1.1082251,1.3591309
ID290,mase,1.5967084,0.8531388,1.2453505,0.9553197,2.1442044,1.077024,1.6513846,1.1988356,1.4513209,1.8381872,1.8695042,0.9138174,1.5211715
ID291,mase,0.77764595,1.3168068,0.840469,0.61363894,1.0217273,1.4102156,0.58439285,0.4040121,0.4447452,1.0945575,0.42952606,1.1648605,0.89357543
ID292,mase,0.52469796,0.9633046,0.6955097,0.64405286,2.2994545,0.8435798,0.63718396,0.7150943,0.61771256,0.92874706,0.8397776,0.63051635,1.863221
ID293,mase,1.190495,0.25052282,0.20565975,0.19984691,0.6863918,0.93957967,0.48154145,0.70168144,0.20037211,0.6051318,1.5841994,0.8579364,0.43988168
ID294,mase,4.235435,2.060888,4.3110385,2.4202697,5.9930544,3.3737612,3.3093352,4.672761,3.444084,4.3306613,3.86542,3.4628649,1.5424609
ID295,mase,0.28727916,1.1673017,0.42406523,0.6125965,3.111989,1.5533191,1.4507128,0.6703778,0.86068404,0.60006243,0.4495089,0.45907247,0.7659248
ID296,mase,0.33442974,0.42335743,0.28982294,0.4471042,0.48626444,0.43509644,0.35908547,0.33675647,0.58181113,0.5475694,0.39079258,0.31048873,2.5863383
ID297,mase,1.2012798,1.0866759,1.092616,0.65988404,0.8766332,1.0375535,0.7734968,0.99546766,1.3947583,1.225853,0.9084936,1.1225206,2.7496226
ID298,mase,0.47100633,0.59002376,0.51044494,0.6094026,0.48358035,0.6103005,0.5730621,0.47439802,0.56432176,0.5410782,0.57388693,0.51459044,0.65854067
ID299,mase,0.24668896,0.5239825,0.28558737,0.1512428,0.30798706,0.27104193,0.38430026,0.3202042,0.19676068,0.20283997,0.37768814,0.39197376,0.8545669
ID3,mase,0.45569432,0.43367663,0.15433803,0.57025146,1.1332239,0.76456904,0.2130508,0.32534313,0.35485262,0.25042003,0.3114683,0.36157253,0.30862796
ID30,mase,0.69465584,1.8065156,0.6914133,1.0650551,0.7873308,1.0984309,0.7186104,1.3526806,0.88376397,0.8298532,0.74172753,0.8183794,0.97657764
ID300,mase,0.6506011,1.7209846,0.9012602,0.572208,1.5475664,0.60821176,0.9037275,0.675484,0.6343282,1.0224403,0.7559507,0.95696545,0.8813437
ID301,mase,1.0166545,0.7318214,0.76121145,0.5826764,1.042661,1.0648094,1.4250143,0.45547166,0.8898896,0.49529934,1.1837206,1.2844616,1.4549522
ID302,mase,3.1699138,1.0571278,2.49776,0.5472031,2.732253,1.0406277,1.8910599,2.8750813,1.5171281,1.596811,2.8651195,2.2840266,0.6837041
ID303,mase,0.67149353,0.61385643,0.73394245,0.8191796,0.78493357,0.8342417,1.3705171,0.6358061,1.3794959,1.0048712,0.6004409,0.5818564,1.1322813
ID304,mase,0.16117156,0.20357682,0.20139493,0.2125495,0.2640151,0.3284427,0.2316972,0.19822764,0.61743534,0.53271717,0.30171743,0.19754063,0.76196927
ID305,mase,1.2248217,1.01255,0.8959205,1.1034609,4.056998,1.0670723,1.4523005,0.86720866,1.145273,1.6275127,1.5725174,1.2824802,1.0758375
ID306,mase,1.5066406,1.1331918,0.90545934,0.95344245,1.8354264,1.7474073,0.93138677,1.0292712,0.9141129,0.7958863,1.400056,1.3540183,1.1899637
ID307,mase,3.3535216,2.1873538,2.5374336,2.5292006,4.218388,3.1820657,4.342995,3.4589665,4.5000563,4.8527718,4.292486,2.951455,2.5110826
ID308,mase,0.40566385,0.9435278,1.7080995,0.8582113,2.525776,0.642361,0.7100846,0.5046438,0.3134433,0.93712455,0.233689,0.4931215,0.6206828
ID309,mase,0.81029797,1.356693,0.5742233,0.6924372,3.131912,1.3843682,0.71132857,0.7815794,0.7352563,0.9233258,1.9240175,0.79641306,1.0614728
ID31,mase,0.5120686,0.77983165,0.32953012,0.4613669,1.9960024,0.7669078,2.1507945,1.1173711,0.5805196,1.2500682,1.0188712,0.833358,0.99192864
ID310,mase,0.13181338,0.1972885,0.1224167,0.24576601,0.13523887,0.23896056,0.25980854,0.23497857,0.12761633,0.053389996,0.23767567,0.23687951,0.7120576
ID311,mase,0.36651242,0.27455267,0.79001075,0.27536663,0.461335,0.26108542,0.8128776,0.3813687,1.051958,0.9957457,0.59134555,0.77060246,0.9479013
ID312,mase,1.9021106,1.7338439,1.77837,1.931685,6.590725,1.2787088,1.1850922,1.9600455,2.3406749,3.2277231,2.8740168,2.1108675,1.8682058
ID313,mase,0.7890168,1.2307466,1.1788031,1.0246226,4.142346,0.8754346,0.8416306,1.370998,2.5195158,2.1682067,1.4949682,0.95441616,0.95458466
ID314,mase,0.2781369,0.9856731,0.26709133,0.5194998,0.6202901,0.5810711,0.47723806,0.2791793,0.26922762,0.33392033,0.2510367,0.82679546,1.4854314
ID315,mase,0.71204776,0.5133041,0.29378596,0.36263946,0.38808492,0.40017703,0.21548617,0.33668324,1.0003536,0.7077328,0.6804335,0.43534827,0.60687613
ID316,mase,1.3609048,1.5266997,1.2291888,1.1621958,0.9983829,1.2643001,1.3862023,1.1930267,1.1475633,1.0755583,1.4387386,1.5254835,1.6420692
ID317,mase,0.34688485,0.328109,0.3566388,0.81995976,1.5773647,0.601026,0.59627193,1.5577708,0.8482043,0.4077003,0.37584907,0.5979208,0.7781133
ID318,mase,0.7155127,0.33923876,0.59822017,0.253881,1.027158,0.3114764,0.8342567,0.44769457,0.3839047,0.5904217,0.5796087,0.5352387,0.34611017
ID319,mase,1.3540344,1.1782058,1.3698435,1.1283779,1.9551046,2.1137164,2.2355762,1.1374866,2.1130702,1.0278076,1.4762651,1.3342608,1.0822363
ID32,mase,0.062871866,0.08427768,0.09475883,0.05726361,0.104461595,0.12952062,0.10259189,0.06958689,0.06451046,0.037311003,0.07350709,0.04096897,1.9997895
ID320,mase,1.6664536,0.5891467,0.60812646,0.56751895,2.9989843,1.4367256,2.092061,1.1777031,0.7475218,0.6703779,3.4770222,1.662375,0.77260256
ID33,mase,2.6843383,2.9734092,1.7065265,1.6291059,1.187227,1.6561258,0.61058706,1.3889383,1.2214391,1.1288997,2.2290127,1.8255997,1.2552569
ID34,mase,0.3139293,0.3721625,0.26671147,0.30883455,0.6522628,0.4225403,0.4088289,0.26644716,0.32832974,0.2814226,0.39100662,0.41203624,0.90038556
ID35,mase,2.0873497,0.62033474,0.44907495,1.5518036,4.560995,0.6495711,0.6050055,0.9275072,1.9409847,1.5147,0.48555917,1.3767269,0.3711838
ID36,mase,1.1219541,0.88784766,1.1415484,1.327148,2.2978625,1.128396,1.1217865,1.055445,0.8268126,0.91185194,1.2252567,1.155164,0.76990503
ID37,mase,0.6855336,1.5356584,1.3568093,1.3318008,3.8469865,1.0194663,0.8868454,1.8176715,0.9253445,0.7178911,1.0262028,1.6567879,0.8661413
ID38,mase,1.5557241,1.0794672,1.0400939,0.93515146,1.3393416,1.0180848,0.81901526,0.9926415,1.2136941,0.9272304,0.83430016,0.8367212,1.0591899
ID39,mase,1.3121455,1.2870709,1.0193514,1.3608915,0.7760065,1.4104416,1.2554367,1.4718882,1.5727934,1.4240677,1.3794558,1.013697,0.78573436
ID4,mase,1.6721483,0.5673122,0.4964966,1.0666106,0.2961131,0.583155,0.59797275,0.46506187,0.5948243,0.33227322,1.264768,0.631439,0.7301025
ID40,mase,0.40294847,0.64634776,0.42159638,0.3414096,0.7108486,0.48127127,0.47945893,0.46955508,0.38960057,0.63520706,0.60930765,0.49599162,0.3283817
ID41,mase,1.250759,0.75305754,0.8638172,1.1168028,0.8152205,0.56113577,0.93615997,0.88746697,0.8542193,0.80286956,1.2378104,0.5632488,0.61067945
ID42,mase,1.2334397,2.2366304,1.5993882,0.81287587,1.8272012,4.2534423,0.6178727,1.5298034,0.8216022,3.7307782,1.735639,1.3954219,0.965863
ID43,mase,0.35133374,0.23941635,0.22390315,0.5435454,0.6887541,0.29949656,0.25236943,0.33426356,0.18036747,0.20988199,0.26765636,0.2145515,0.5677233
ID44,mase,2.9061975,0.6022945,1.2111118,1.4454381,0.5569588,0.9177268,1.2269015,0.6233951,0.4658529,0.8072794,0.4129456,0.97447,0.871308
ID45,mase,1.903484,0.750138,0.7644398,1.5000157,2.2671494,0.4275771,2.551766,0.86701494,1.1429558,0.757364,1.7614003,1.5450507,0.6863879
ID46,mase,0.47610745,0.920079,0.43663353,0.31506726,0.2330107,0.9113274,0.3623324,0.8508259,0.7023457,0.66517377,0.27116486,0.2342187,0.36502853
ID47,mase,1.7215546,0.3718229,0.5148544,0.25234774,1.0553021,0.30697528,0.38888425,0.41916433,0.37579706,0.34791577,0.5255857,0.76256984,1.1497
ID48,mase,0.5152171,0.4428338,0.42515126,0.38495013,0.5650752,0.8393099,0.4334189,0.61152524,1.0535302,0.89327246,0.51361823,0.7063308,0.683883
ID49,mase,0.7943546,0.62817955,1.3982004,1.4375666,1.4263479,1.003783,1.7829775,1.5332568,1.6027088,1.3642743,0.85432476,0.6113151,1.0752491
ID5,mase,1.5866642,0.47656062,0.5447037,0.8722961,0.8039941,0.68130416,0.5467864,0.7513064,0.6159868,0.44668382,0.4783524,1.0685236,0.92553174
ID50,mase,0.79847497,0.6996314,0.4442165,0.32484195,1.8006928,0.91183496,0.5232258,0.6716376,0.5476882,0.56174356,1.2039133,0.52657455,1.214929
ID51,mase,0.36298484,0.20700528,0.3297182,0.27174145,0.49102408,0.24836849,0.32745653,0.5482403,0.21791,0.25965956,0.24526936,0.41428962,1.0333865
ID52,mase,1.0884882,0.8326262,0.93130386,0.85734767,0.5946585,0.6773028,0.6580663,0.47530997,0.63290966,0.6021387,0.5612314,0.8603088,0.7542256
ID53,mase,0.8126415,0.6138078,0.770385,0.92384106,0.74630886,0.5417562,0.5229093,0.8091477,0.4620652,1.3941193,0.48206243,1.2745832,0.8805478
ID54,mase,0.7990229,1.3753815,0.5666854,1.2457967,1.1365688,1.3291396,1.5060887,1.1122612,0.73869693,0.7542149,0.9841387,1.2067181,0.5048841
ID55,mase,0.3772222,0.43497947,0.6188216,0.37688234,0.5653965,1.1135039,0.33641297,0.55216956,0.52660984,0.53988385,0.32299772,0.51215506,0.8575211
ID56,mase,0.53134197,0.5661696,0.3170226,0.5916218,0.5281724,0.45054495,0.36201248,0.4190261,0.36386022,0.72624964,0.36417347,0.3259334,0.816769
ID57,mase,0.40057844,0.34673306,0.39676112,0.37478212,0.366423,0.37067392,0.38995814,0.46212432,0.45490527,0.42498943,0.4380912,0.61701256,0.5471446
ID58,mase,2.9195955,0.46062705,0.6683504,1.2186669,2.3306773,0.779276,1.250597,1.0983402,0.5503727,1.261679,1.7867396,0.76923597,1.3091004
ID59,mase,0.095047556,0.12712654,0.10630912,0.03587449,0.123220064,0.09912126,0.084037334,0.067627564,0.13779955,0.09849027,0.10235477,0.13262455,0.10767942
ID6,mase,1.4791371,3.911102,2.2374716,1.7052983,1.3311841,3.9995365,1.8411114,3.5387104,3.4420776,2.7633772,1.491409,1.5925671,1.662982
ID60,mase,0.20678703,0.7025154,0.5988572,0.34945047,0.20750244,0.56008923,0.64903605,0.53798294,0.23992965,0.6573582,0.4235672,0.3046376,1.2307413
ID61,mase,0.5516927,0.67346334,0.37054485,0.4692197,1.3838996,0.60646844,0.50649047,0.42394677,0.41044134,0.42640814,0.43842787,0.7154871,0.74332863
ID62,mase,1.3614591,0.7474683,0.75930864,0.49412695,0.6655006,0.9028619,1.1263753,0.51241285,0.4238223,1.0932786,1.5686281,2.0707173,0.91137534
ID63,mase,2.0729768,1.0290972,0.6441523,2.1703715,1.2420311,1.5240953,0.58656895,1.2484757,0.6391102,1.3875567,3.318808,4.536703,0.49741524
ID64,mase,1.4040347,3.2869334,1.5170962,1.5700784,1.7725663,4.334977,1.214246,2.6926422,2.0882215,2.8016033,1.5720893,1.3530786,1.454434
ID65,mase,1.1250103,0.36408105,0.425955,0.36522236,0.26114848,1.1355563,0.2836338,0.6403829,0.5626818,1.1719922,0.64008,0.9476555,1.0567635
ID66,mase,0.64970195,0.481252,0.46619704,0.50415015,0.5551524,0.6001008,0.6313939,0.3615026,0.70068365,0.74152374,0.3854508,0.36544502,0.8924047
ID67,mase,1.666142,0.55483353,0.2754674,0.6513832,0.54666734,0.2924396,0.44450134,0.46577805,0.3429497,0.53114325,0.64372176,0.9560555,0.5028637
ID68,mase,1.7817271,1.8758557,1.5114502,1.7689793,4.5774364,2.8908527,2.8509986,1.5376619,2.5492833,2.542599,2.9267945,2.538325,1.1209999
ID69,mase,0.22435,0.34140414,0.21569371,0.27233115,0.46241844,0.26333764,0.27519715,0.20597458,0.20143968,0.2495669,0.23857594,0.20119412,0.21192816
ID7,mase,1.367266,0.91298217,0.3597049,1.9209527,3.0199513,1.321263,0.9763106,0.71458876,0.35886705,1.4030615,2.86444,1.0051305,1.4614636
ID70,mase,1.0126721,1.2587333,1.0893382,1.1625814,1.1643796,1.0491371,1.0843902,2.182049,0.91992986,1.1857681,0.7100974,0.85812736,0.9811699
ID71,mase,1.1984079,3.0426755,0.58486295,1.2505711,1.3204956,3.147996,1.8102291,1.5916086,0.96954215,1.0107803,0.7536635,0.5830009,0.82333595
ID72,mase,0.41343597,0.5233363,0.36674896,0.35009098,1.2102646,0.76961774,0.95328873,0.3610658,0.7910731,0.42099178,0.9758674,0.57322806,0.6177479
ID73,mase,1.1772271,0.3427381,0.31146082,0.35470378,1.8649436,0.4224455,0.67073756,0.5161071,0.76682967,1.0153729,0.65774125,1.0238668,0.45554706
ID74,mase,0.49216497,1.1880257,0.33116683,0.48615032,1.9943334,0.5363339,0.33558232,0.32961923,0.5866251,0.4174624,0.50148857,0.43386117,0.47022697
ID75,mase,1.2040788,1.9756446,0.87927854,0.7966089,1.5809379,0.9079616,0.8085436,1.0504904,0.8428962,1.4003699,0.8169891,1.1446501,3.1246302
ID76,mase,1.0088291,0.8230709,0.4784011,0.5340368,0.6374377,0.8178933,0.70736086,0.7850355,0.57179105,0.85208124,0.58230585,0.5749726,0.3549234
ID77,mase,0.61047167,0.9954203,0.6712278,0.65942544,1.5922363,2.4896972,0.63683003,1.217444,1.3947309,1.0987396,0.87948513,0.5791239,0.9065805
ID78,mase,1.9631557,0.97363037,2.1343594,1.5490099,3.0018039,0.88564575,1.6109326,1.7044697,0.630123,0.44751373,1.7495066,1.4814498,1.1950785
ID79,mase,0.84932727,0.73374194,0.7169584,0.9942542,0.8074655,0.59140545,0.2838076,0.394875,1.4836557,0.6771707,0.3609751,1.3692975,1.0224419
ID8,mase,1.5708872,2.195409,1.9732895,1.3219385,1.7205056,1.4060107,1.4951825,1.9338989,2.4044926,1.8533884,1.8425959,2.2885962,1.1307452
ID80,mase,0.9375799,0.5164479,0.5592367,0.71938217,1.0570165,0.595439,0.83940876,0.72357184,0.47715816,0.47035238,0.783446,0.5220739,0.6679552
ID81,mase,2.4014492,2.0023232,1.8836595,1.0075177,2.445823,2.5929537,2.435306,1.7989231,2.236449,2.3861296,1.8136157,1.4532237,0.5073725
ID82,mase,0.38751388,0.58138466,0.3110074,0.25989765,0.75663126,0.5303833,0.35828727,0.30514133,0.45383626,0.75329685,0.34895757,0.4829541,1.875705
ID83,mase,0.58727705,1.1270176,0.78737485,0.46081105,2.6229348,0.97213316,0.79956144,0.64731807,0.6151399,0.5117491,1.9088637,0.9971673,1.0994383
ID84,mase,3.404642,3.029285,2.8487823,4.5017066,5.478731,5.4030104,3.1260757,4.954745,2.247721,4.149903,3.1443882,5.712049,0.77499485
ID85,mase,0.47642148,0.54985166,0.46659327,0.46234685,0.49609601,0.6815152,0.51863563,0.6445806,0.58074164,0.80945057,0.51873124,0.41756117,0.46285254
ID86,mase,0.4088189,0.35384053,0.3455186,0.35880443,1.129227,0.49177992,0.64802045,0.37865493,0.26657858,0.45441097,0.779126,0.79555243,0.5144858
ID87,mase,0.9576661,2.4097536,2.3749347,1.7542264,2.953471,0.92134506,2.9021013,2.4038713,3.3074334,2.8191242,1.9614303,2.0189555,0.22081468
ID88,mase,1.923352,0.7719701,1.9970152,1.3421922,4.2012753,0.9941348,1.5638586,2.8737116,2.0264604,2.0304685,2.305119,0.44500777,0.74004424
ID89,mase,1.5902555,1.0573802,0.7387935,1.5438184,4.156214,1.2796935,1.7043514,1.9234189,2.433652,2.3950405,1.1352842,0.85182,1.5212287
ID9,mase,0.4834131,0.5024663,0.75025004,0.46101856,0.48155275,0.75647324,0.7739845,0.70400274,1.3327333,0.48774236,0.5385578,0.7829558,0.48102295
ID90,mase,0.7181067,0.9247337,1.0866091,1.2960554,0.98038167,0.8338777,0.5554652,0.5202702,0.53816974,1.6687101,0.6592127,1.1960757,2.049318
ID91,mase,1.5898736,0.2426148,0.33166033,0.41610992,1.8007067,0.4297762,0.9946342,0.56237626,1.1426588,1.5594345,1.0988255,0.35431606,1.8939593
ID92,mase,0.8944506,0.7495973,0.80829555,0.48271087,1.4763285,0.5230385,0.7336945,0.5276477,1.0972346,0.7544269,0.40765172,0.7348215,0.5817407
ID93,mase,1.0381525,0.58588433,2.4137852,1.113231,1.403344,0.74163514,0.7252861,0.7983933,0.67176735,2.015517,2.0497968,0.6826644,1.3564384
ID94,mase,0.92059267,1.4225706,1.5791328,1.0979849,1.4118053,1.1130704,0.75234336,1.8009641,1.8406401,0.82478476,1.3693812,1.2974548,0.7686974
ID95,mase,2.0720916,1.9594611,0.91004354,1.4422996,0.64320856,2.3048227,1.1246988,1.1547028,1.1620464,0.4891575,0.70667475,1.0401511,1.0350243
ID96,mase,3.1991458,3.5053487,3.2841263,3.4603374,4.0176797,2.170119,2.8772898,2.6581535,3.977562,3.9821663,2.5100756,2.2947762,1.706084
ID97,mase,0.5877309,0.5691371,0.77537775,0.4912821,1.1857177,0.5213257,0.42785802,0.6504497,0.99825895,1.1694702,0.7063071,0.40241554,0.39815575
ID98,mase,3.3377175,4.1362724,3.7535846,2.5917633,8.938887,4.9223237,5.098254,5.700393,3.2784812,4.7927384,4.4804673,3.3939736,0.6807398
ID99,mase,0.73775387,0.47128797,0.38037446,0.62069106,0.464981,0.7582742,0.97470737,0.469517,0.5563859,1.620714,0.55669564,1.2380018,1.3008499
ID0,smape,0.48555946,0.44543347,0.4535216,0.44298992,0.48482344,0.50209117,0.4563905,0.4922926,0.42470744,0.4377863,0.4549276,0.4193709,0.47445586
ID1,smape,0.056589875,0.07714133,0.073714465,0.044387612,0.0854212,0.063476644,0.05722457,0.057475712,0.062350076,0.05235449,0.0687181,0.041687086,0.035902444
ID10,smape,0.12612715,0.080142885,0.045468867,0.08654622,0.09859893,0.059743006,0.11312357,0.067957014,0.0634706,0.116597064,0.15149845,0.17222841,0.020242656
ID100,smape,0.07172056,0.043084264,0.02802355,0.052695494,0.10904369,0.10570646,0.08225629,0.08029679,0.06928746,0.05210514,0.069727935,0.05957215,0.033183083
ID101,smape,0.08378169,0.04215354,0.022839462,0.018873723,0.10516354,0.09909963,0.07855433,0.087046206,0.024189977,0.056703832,0.07567139,0.07166534,0.021524535
ID102,smape,0.04148255,0.024045179,0.0137699405,0.051533055,0.016968226,0.025551552,0.016629793,0.02996926,0.016602354,0.018964522,0.03983273,0.04090998,0.016577382
ID103,smape,0.05740446,0.070756994,0.06863394,0.091927685,0.056382883,0.07373851,0.07400337,0.09503746,0.06643299,0.065085776,0.07373264,0.06545115,0.07068504
ID104,smape,0.20559198,0.20932293,0.2319798,0.2101751,0.21727528,0.20909183,0.2250029,0.22208339,0.20211804,0.17472784,0.20448802,0.21192402,0.3255794
ID105,smape,0.07798573,0.11021262,0.07742241,0.094350345,0.1033988,0.07228671,0.073889084,0.116414286,0.09462688,0.15399039,0.06726847,0.06266088,0.05629629
ID106,smape,0.13064648,0.105244726,0.10535834,0.10664573,0.11698043,0.12883945,0.11529676,0.14173238,0.13027333,0.1046049,0.12157553,0.124907635,0.10990105
ID107,smape,0.048220064,0.07086873,0.047632918,0.04622096,0.110686176,0.04270622,0.048936874,0.05067386,0.047985543,0.10476434,0.06422037,0.039661504,0.073149785
ID108,smape,0.02810662,0.024779156,0.021376958,0.021024654,0.085487835,0.022955462,0.022608625,0.047275797,0.03230856,0.034488972,0.024804657,0.03248719,0.02382348
ID109,smape,0.06655998,0.04009531,0.024528956,0.029386705,0.061044693,0.030809468,0.018460302,0.051090803,0.042931184,0.013675466,0.057168562,0.036386784,0.02474125
ID11,smape,0.021919765,0.031309355,0.024465432,0.056780428,0.07185232,0.034964826,0.018974097,0.01565319,0.024937404,0.0442975,0.01849748,0.06801967,0.062003657
ID110,smape,0.04899688,0.031804457,0.046606477,0.023912719,0.047042195,0.030685263,0.033509124,0.046328407,0.03427547,0.031686246,0.035926208,0.05826017,0.029022152
ID111,smape,0.08774487,0.06180395,0.06357737,0.0973069,0.076209635,0.060240667,0.05729869,0.058650855,0.102386184,0.05064821,0.07475023,0.10215751,0.025573283
ID112,smape,0.06916059,0.07751424,0.08337096,0.082043566,0.044158403,0.13058655,0.10907307,0.10420609,0.04085018,0.051619645,0.083838485,0.10074213,0.034524154
ID113,smape,0.5506967,0.2468298,0.24253589,0.2887153,0.9269796,0.24263419,0.6999926,0.5051448,0.5525136,0.21783644,0.6285901,0.15784775,0.1596474
ID114,smape,0.17340596,0.18764383,0.2223894,0.10530124,0.20282118,0.16872396,0.22352405,0.22194713,0.15558401,0.20600052,0.16673832,0.17730612,0.11694953
ID115,smape,0.28860822,0.18662274,0.1595111,0.20531255,0.256546,0.17132513,0.15489565,0.18001777,0.28960207,0.17025004,0.22619338,0.23079257,0.14420296
ID116,smape,0.06592456,0.059343223,0.059579004,0.031270742,0.1415022,0.05596051,0.03583635,0.07096707,0.07244153,0.10549625,0.098344974,0.054496367,0.043051105
ID117,smape,0.012357845,0.008464289,0.013922661,0.013838783,0.023033986,0.01878298,0.0156140765,0.012457539,0.022675166,0.011815506,0.010499318,0.013453811,0.006082577
ID118,smape,0.0424564,0.019198451,0.018882079,0.028290905,0.009472678,0.040451955,0.0074965297,0.009163386,0.01837851,0.008697226,0.01246063,0.041150954,0.027856572
ID119,smape,0.021923056,0.0093183145,0.003482389,0.024877308,0.010642883,0.020940932,0.010646436,0.012114062,0.005518984,0.023232872,0.0056553544,0.021723859,0.016287401
ID12,smape,0.042929415,0.032534394,0.04996681,0.029465107,0.035367295,0.030322408,0.05132168,0.03445671,0.03656032,0.04866084,0.026480863,0.024903,0.019017937
ID120,smape,0.0076923263,0.008463516,0.008163082,0.008699057,0.007963519,0.009174314,0.008386009,0.007401098,0.010579959,0.010736859,0.014359173,0.015398373,0.010137952
ID121,smape,0.008784637,0.0055003217,0.006994641,0.0061295573,0.008276303,0.0064280606,0.0070685744,0.0054285987,0.0066567943,0.006760919,0.0075018513,0.006074091,0.016613085
ID122,smape,0.023372235,0.03447202,0.026912866,0.008434915,0.047612082,0.03581514,0.010404752,0.01273146,0.008033172,0.015721971,0.025425138,0.012048713,0.036578115
ID123,smape,0.026956698,0.019036116,0.019805918,0.019565457,0.02176348,0.017041564,0.034812085,0.018957967,0.0191799,0.022007545,0.018062674,0.022079332,0.031041643
ID124,smape,0.031888466,0.018718151,0.0327127,0.013876059,0.035795547,0.053721473,0.04104505,0.047085892,0.013014142,0.009692498,0.032541387,0.040727556,0.14968519
ID125,smape,0.10445666,0.04692444,0.045655962,0.08632833,0.023911914,0.065239705,0.037617505,0.017323943,0.022073833,0.09377497,0.04276805,0.07686155,0.032817055
ID126,smape,0.034288768,0.057023782,0.052359354,0.034324706,0.041785046,0.029595697,0.040127274,0.04607187,0.038145225,0.031299546,0.04651266,0.05803919,0.0313053
ID127,smape,0.021751098,0.03327,0.025488606,0.037863407,0.059748247,0.03412411,0.02918828,0.04803737,0.035646845,0.08049288,0.037666876,0.024170674,0.050336838
ID128,smape,0.05195658,0.047073167,0.027050206,0.032346476,0.13407598,0.029892335,0.054422785,0.05143899,0.07608162,0.08311484,0.06866464,0.036006685,0.0923653
ID129,smape,0.045652833,0.041055974,0.026417911,0.03194372,0.043966923,0.025130702,0.037225757,0.051581368,0.068862565,0.06492569,0.027249463,0.026027707,0.0703409
ID13,smape,0.074246824,0.050980717,0.029226659,0.021548754,0.038185883,0.020054804,0.022128299,0.01865762,0.04838707,0.036868397,0.01789877,0.022666276,0.03670874
ID130,smape,0.069184095,0.14672369,0.08304604,0.08850046,0.09275589,0.08300197,0.12526543,0.11747428,0.08052828,0.06957636,0.08843722,0.14078358,0.1295224
ID131,smape,0.017100813,0.018432545,0.019129224,0.033362165,0.016400814,0.023865828,0.014041297,0.016769739,0.01196478,0.006056646,0.018157953,0.017749945,0.01523763
ID132,smape,0.03057717,0.021756597,0.026715413,0.030912446,0.030594492,0.023992607,0.026415005,0.042120066,0.016532796,0.01625183,0.029225754,0.05510882,0.037461568
ID133,smape,0.022149332,0.015104949,0.016765801,0.03068255,0.025604298,0.030801564,0.029478855,0.024393536,0.009108853,0.011529832,0.032728836,0.024410283,0.024107797
ID134,smape,0.02507476,0.025659913,0.024881551,0.02464795,0.02804018,0.028237248,0.026566537,0.020622535,0.027842255,0.039627615,0.024956657,0.029451123,0.030569887
ID135,smape,0.027384466,0.02339091,0.007180372,0.011645631,0.019365283,0.020822419,0.01874,0.010930925,0.01001353,0.005848972,0.022697015,0.033560965,0.011480532
ID136,smape,0.016688572,0.022005444,0.02143179,0.0102049075,0.010513122,0.015275509,0.00937139,0.010313552,0.019906623,0.009311034,0.011241176,0.01003101,0.017844496
ID137,smape,0.03672908,0.02408099,0.04674853,0.016839838,0.05586114,0.022450507,0.02318921,0.039592706,0.026623027,0.046574626,0.044122774,0.03256843,0.029395143
ID138,smape,0.03827503,0.017240858,0.020553436,0.026429027,0.012395204,0.03525889,0.026032098,0.020259114,0.01149733,0.019664427,0.011449995,0.032973785,0.02203696
ID139,smape,0.016874293,0.017785609,0.013487138,0.013617036,0.022739513,0.013769248,0.011746492,0.016099274,0.027699469,0.037086546,0.027938584,0.016146952,0.035133485
ID14,smape,0.027610982,0.019107725,0.019741796,0.022906715,0.011644092,0.0230121,0.013230197,0.014470455,0.021761723,0.024252104,0.009996955,0.016027903,0.02427122
ID140,smape,0.01933531,0.014515854,0.014631682,0.021263957,0.018803043,0.01913788,0.016752599,0.01521002,0.012940767,0.010102268,0.014487773,0.012629067,0.03122137
ID141,smape,0.018301642,0.05032417,0.021527572,0.010260914,0.019258587,0.032207023,0.03871339,0.0148977535,0.023858503,0.020133084,0.018657668,0.011258289,0.03028573
ID142,smape,0.019325776,0.017163653,0.016746357,0.019513397,0.036561366,0.02646629,0.018897586,0.021657886,0.024721846,0.039445493,0.02284533,0.019824002,0.029923024
ID143,smape,0.093839146,0.076017454,0.06809201,0.06393525,0.13455187,0.072802134,0.0637782,0.10502418,0.060383778,0.089532554,0.1271858,0.10483309,0.051195562
ID144,smape,0.020480083,0.012913094,0.01509491,0.013100681,0.029441044,0.017918942,0.016203294,0.01604975,0.019125355,0.013173441,0.016037272,0.012601655,0.023334024
ID145,smape,0.024081947,0.03701328,0.019241443,0.02498738,0.030431077,0.01797144,0.029715983,0.037671596,0.011107229,0.027609134,0.025264354,0.01697916,0.050231148
ID146,smape,0.023939403,0.025680562,0.067250825,0.022738894,0.13526052,0.01478527,0.03627514,0.036488816,0.020429743,0.050277848,0.047076657,0.07339119,0.03294789
ID147,smape,0.008843579,0.028910674,0.02196824,0.019717049,0.022215879,0.03883169,0.018209936,0.01006906,0.010685555,0.013934842,0.019250808,0.031623725,0.018170485
ID148,smape,0.011026435,0.01940077,0.020598179,0.012540459,0.07765674,0.014027022,0.03472425,0.020114845,0.07540644,0.012556168,0.039858706,0.0131821325,0.031952616
ID149,smape,0.017340288,0.03048917,0.019921219,0.029543623,0.03297681,0.026881322,0.018937916,0.022512056,0.018432137,0.030128384,0.021451699,0.018270055,0.06161071
ID15,smape,0.14531203,0.1638366,0.058881193,0.054980274,0.15322165,0.13826011,0.027105317,0.13232939,0.025274023,0.08509988,0.13068654,0.101558656,0.035117168
ID150,smape,0.015299891,0.011077459,0.027340597,0.016697956,0.049138423,0.014114796,0.036482926,0.028522486,0.042886857,0.039897393,0.009968564,0.011729288,0.019444859
ID151,smape,0.021315848,0.018050706,0.022918276,0.018319707,0.06928037,0.013115428,0.017764747,0.028587975,0.020226032,0.029783055,0.03993954,0.02608256,0.033349413
ID152,smape,0.021466186,0.027967134,0.01957971,0.01722428,0.03716761,0.035348985,0.025917523,0.016440764,0.01952401,0.021670433,0.023668943,0.01829012,0.031768616
ID153,smape,0.046018224,0.07819108,0.017890066,0.04073402,0.025128588,0.071565144,0.047817156,0.017299179,0.017608175,0.025785783,0.03954902,0.056651264,0.026928196
ID154,smape,0.059919845,0.07899067,0.04351769,0.03274527,0.10518271,0.071378335,0.07507814,0.08271576,0.043972526,0.061654415,0.096821405,0.07736805,0.03417453
ID155,smape,0.07177805,0.031715553,0.055666238,0.034957867,0.11282294,0.06220592,0.082974605,0.09032004,0.07030538,0.11814981,0.086344846,0.06606964,0.03319039
ID156,smape,0.013376781,0.027748594,0.010568719,0.032139067,0.016424121,0.025354726,0.02324444,0.013259489,0.011252381,0.012161496,0.01713605,0.021908395,0.025241988
ID157,smape,0.072789036,0.026181618,0.0562709,0.026549377,0.10604284,0.02685807,0.048698574,0.067715414,0.06300273,0.086717814,0.078359134,0.032711074,0.032939844
ID158,smape,0.033470172,0.07654045,0.047644828,0.021562112,0.033352625,0.08544766,0.04094063,0.040885307,0.023965053,0.027369762,0.03519924,0.042309154,0.027911233
ID159,smape,0.037902046,0.01564319,0.018575717,0.02283301,0.038477007,0.016355194,0.015177552,0.035142623,0.04570176,0.033409666,0.06002131,0.020505704,0.04348515
ID16,smape,0.014281671,0.017732734,0.024637641,0.01968296,0.014920381,0.015533672,0.011684424,0.017222324,0.018573487,0.026860675,0.012197546,0.015872966,0.028845878
ID160,smape,0.10940387,0.0807856,0.043246444,0.057418894,0.12485211,0.054692507,0.06366886,0.107225664,0.06331193,0.0406905,0.115266114,0.08542185,0.04022478
ID161,smape,0.035031725,0.01169699,0.009191919,0.011229998,0.07670951,0.01619306,0.010959376,0.02219556,0.020295233,0.04474041,0.031600393,0.014496756,0.031598587
ID162,smape,0.017080558,0.033674054,0.017603153,0.018578617,0.022758387,0.036469888,0.027474863,0.027126348,0.011931227,0.01287349,0.015230067,0.033666503,0.0344186
ID163,smape,0.07294951,0.024236305,0.03745262,0.02296442,0.08582667,0.023941932,0.05939045,0.02671695,0.029327156,0.043889463,0.06656439,0.039768126,0.023148423
ID164,smape,0.0060993102,0.039204393,0.028508833,0.023185045,0.055389185,0.013030653,0.038293123,0.055951398,0.009179554,0.025554022,0.05437993,0.028521126,0.011799727
ID165,smape,0.062109243,0.023347052,0.046273876,0.023159638,0.10026538,0.031423647,0.051671028,0.066510744,0.05902976,0.07015871,0.07359668,0.048928395,0.026919669
ID166,smape,0.0410485,0.021047428,0.022721574,0.027003104,0.042672675,0.02294752,0.023337753,0.023823095,0.028992722,0.027916519,0.03595977,0.025515327,0.034447838
ID167,smape,0.016494969,0.014283677,0.022442201,0.034010556,0.03284779,0.018596327,0.013650478,0.033590868,0.014861156,0.035515826,0.013769273,0.022656122,0.019988993
ID168,smape,0.03083939,0.02913838,0.024528056,0.027638683,0.04276706,0.028274223,0.027602121,0.030534662,0.031931195,0.034384888,0.05600774,0.027453708,0.042440906
ID169,smape,0.031435914,0.024979575,0.04234214,0.013989527,0.07845813,0.032515243,0.0786828,0.06257906,0.04641607,0.04389411,0.018543767,0.024424985,0.051926587
ID17,smape,0.05818543,0.05947068,0.045735236,0.047483385,0.09491105,0.05273971,0.047225934,0.052965526,0.060179573,0.068872765,0.09541243,0.091434985,0.06275744
ID170,smape,0.060152847,0.026141813,0.04308334,0.024731325,0.09593949,0.028606988,0.0318335,0.060800444,0.026518954,0.04829295,0.088199474,0.025302343,0.03991297
ID171,smape,0.021692492,0.012736353,0.009968529,0.01757847,0.04681248,0.0141014755,0.01270198,0.022586502,0.03280956,0.028631836,0.030796008,0.017683486,0.019369375
ID172,smape,0.039305616,0.009903151,0.007006779,0.008352238,0.02858938,0.014565013,0.011294036,0.012173968,0.018509569,0.021539668,0.051927056,0.006919019,0.02406449
ID173,smape,0.037083525,0.027142564,0.061850864,0.04327264,0.10749817,0.047446895,0.06616137,0.063200794,0.057374075,0.078423515,0.053837866,0.04645737,0.029085526
ID174,smape,0.0118482895,0.011589236,0.010687634,0.02270735,0.011205901,0.013421499,0.010669987,0.011441961,0.013762251,0.021735469,0.037791558,0.017706133,0.04300106
ID175,smape,0.039443832,0.050685856,0.03788836,0.016429925,0.029848134,0.06549175,0.04243906,0.055744853,0.027096337,0.024214648,0.03348078,0.036963638,0.02704618
ID176,smape,0.027074218,0.049035657,0.058335986,0.020609656,0.07153473,0.022258766,0.04121433,0.049177546,0.057757467,0.05336626,0.050237313,0.018095186,0.026959835
ID177,smape,0.012414466,0.042589635,0.019075101,0.03309415,0.074630894,0.028931746,0.01938315,0.016733283,0.020204248,0.035754863,0.03654056,0.014088196,0.030494532
ID178,smape,0.041500393,0.029101558,0.025383452,0.06514828,0.095422335,0.015266586,0.02807982,0.020435726,0.025281912,0.058060948,0.10121421,0.04555048,0.114472486
ID179,smape,0.093903124,0.031161072,0.02168545,0.05421457,0.081517,0.02524984,0.028551782,0.016232263,0.06557048,0.08875423,0.10142776,0.022607088,0.03930839
ID18,smape,0.09905357,0.09160749,0.08033586,0.06500941,0.04447044,0.0530823,0.08187304,0.11706848,0.06273534,0.08892065,0.04470727,0.057056546,0.025625115
ID180,smape,0.03821585,0.057765562,0.02941267,0.030987017,0.04687955,0.026952198,0.03153761,0.038101282,0.040567257,0.06443181,0.059370983,0.0357036,0.023940114
ID181,smape,0.011000946,0.016616564,0.020844517,0.013319825,0.019183846,0.0126840435,0.028183756,0.018644875,0.0480485,0.039040852,0.02048835,0.029217355,0.020063842
ID182,smape,1.0,1.0,1.0,1.0,1.0,1.0,1.0,1.0,1.0,1.0,1.0,1.0,0.0
ID183,smape,0.031100413,0.028418303,0.02603284,0.030103832,0.028024234,0.018677602,0.03337964,0.018358348,0.027579041,0.026231559,0.07031414,0.048003957,0.029995622
ID184,smape,0.02591185,0.04243958,0.016829267,0.022116328,0.072674654,0.038344555,0.015506742,0.015438513,0.027011052,0.039777745,0.027074462,0.019035244,0.030665109
ID185,smape,0.0187328,0.01289665,0.007912997,0.011267289,0.015071583,0.020507535,0.016629472,0.02122344,0.025725497,0.009451886,0.033191252,0.024170341,0.04462524
ID186,smape,0.016088378,0.022817006,0.01481424,0.01860927,0.020643866,0.0370304,0.021241484,0.0115269385,0.015297685,0.016486518,0.031896297,0.031136936,0.037936106
ID187,smape,0.016650965,0.01457531,0.009193187,0.009067347,0.011840335,0.027726218,0.018339934,0.010955777,0.008501264,0.009632632,0.01691773,0.029957078,0.014015395
ID188,smape,0.15599294,0.07591327,0.08671709,0.06090558,0.14527653,0.056213245,0.08487809,0.08864362,0.10021857,0.1334819,0.14717673,0.13744019,0.022911333
ID189,smape,0.03207925,0.015501249,0.044992585,0.0359884,0.055020094,0.019603392,0.029722339,0.033729736,0.051102534,0.03566176,0.04189368,0.03571325,0.029214786
ID19,smape,0.06941235,0.068131916,0.050500277,0.049932044,0.13818866,0.05167541,0.083741374,0.05224821,0.06588641,0.0505725,0.06712883,0.076456726,0.026009476
ID190,smape,0.020908073,0.024888963,0.018162318,0.012813568,0.01305575,0.025612464,0.021800203,0.016662145,0.019855767,0.024644343,0.04978868,0.043374863,0.012911767
ID191,smape,0.030265437,0.011291235,0.016207287,0.014427849,0.032931257,0.011971568,0.02105497,0.016380142,0.036438443,0.03391965,0.039433517,0.013795909,0.020343395
ID192,smape,0.024361072,0.009422717,0.010702214,0.012234234,0.03871912,0.011342276,0.020229707,0.022281319,0.020131428,0.028255275,0.020443738,0.011956689,0.031253908
ID193,smape,0.06452751,0.05305795,0.031081984,0.076945044,0.08322512,0.017600255,0.07839434,0.07568995,0.048728347,0.078076005,0.05470307,0.05650419,0.021236524
ID194,smape,0.046469156,0.01446258,0.030107327,0.014562308,0.055453498,0.011892826,0.050737213,0.03332339,0.03633443,0.031454578,0.05675347,0.026507242,0.034801517
ID195,smape,0.023417948,0.018408855,0.00885074,0.008411887,0.02058381,0.018152064,0.007941528,0.014327633,0.00704155,0.01462542,0.037668504,0.009256781,0.024945667
ID196,smape,0.012930649,0.034686048,0.041150324,0.014402498,0.050695255,0.018212905,0.012097248,0.01248568,0.023517415,0.055305462,0.0119762095,0.011793952,0.02054061
ID197,smape,0.016505169,0.017029254,0.020304501,0.025480608,0.035495088,0.01665087,0.03723292,0.01774851,0.03512967,0.056627225,0.020229835,0.028960645,0.04617837
ID198,smape,0.0747984,0.04699548,0.06661369,0.030847555,0.12896845,0.054233667,0.022934815,0.0616505,0.05670407,0.03675473,0.07069664,0.041115794,0.029140146
ID199,smape,0.0965255,0.016711636,0.019587977,0.056137398,0.080756105,0.023976056,0.048171487,0.03845934,0.07008528,0.060132194,0.08942296,0.077122785,0.03137825
ID2,smape,0.0010339621,0.00041097973,0.00036029963,0.00021771084,0.0003446253,0.00019858366,0.0005240948,0.0005340995,0.00047025984,0.00025601083,0.0010385016,0.00020903278,0.014771792
ID20,smape,0.060662236,0.022040648,0.025812017,0.029077306,0.029552251,0.036043506,0.047099203,0.045441072,0.020587211,0.043082222,0.013470243,0.041564796,0.059900388
ID200,smape,0.046223193,0.03468672,0.07730343,0.07397453,0.044534486,0.019359663,0.07590395,0.01840042,0.046005517,0.05684206,0.030797884,0.08550698,0.033368107
ID201,smape,0.04059408,0.07996305,0.041360024,0.0593679,0.12165349,0.05095871,0.111803174,0.04554454,0.048098017,0.09090495,0.04489055,0.084168494,0.035078686
ID202,smape,0.044803362,0.016456611,0.02080612,0.040102776,0.06364506,0.026880315,0.025916511,0.027031383,0.0516208,0.052618146,0.038933337,0.03252334,0.023421548
ID203,smape,0.01362325,0.019010682,0.021125972,0.024684949,0.051241536,0.014579367,0.011216492,0.0056080376,0.011752908,0.0076542534,0.013335309,0.0132816,0.013878892
ID204,smape,0.05341508,0.014926482,0.018267998,0.014561191,0.04466713,0.013762725,0.023580616,0.049086418,0.031608623,0.04605198,0.059416186,0.013611645,0.022131456
ID205,smape,0.04430433,0.01845692,0.021859346,0.04219831,0.094443314,0.022381209,0.019501783,0.03673678,0.02295612,0.079928465,0.06777357,0.033693142,0.049920496
ID206,smape,0.017510895,0.015739443,0.014364574,0.023741385,0.023601422,0.015160299,0.015882352,0.01170152,0.025112057,0.020604772,0.015621759,0.01503213,0.019801628
ID207,smape,0.016101627,0.022084668,0.03087853,0.051301595,0.060758073,0.04678945,0.02890645,0.0553664,0.037442915,0.036879588,0.025454162,0.03217673,0.047911596
ID208,smape,0.017936636,0.006756053,0.008407385,0.0154505605,0.0152872875,0.009120828,0.010887515,0.013270084,0.014278716,0.010724295,0.017771514,0.01142881,0.039804853
ID209,smape,0.04028328,0.01810058,0.02828492,0.014487418,0.07405806,0.021131342,0.018102916,0.016947923,0.012317468,0.010817669,0.015363783,0.024407541,0.042924434
ID21,smape,0.038570967,0.025662975,0.041064348,0.055203874,0.044367936,0.045039635,0.021889389,0.05264014,0.03721388,0.036066096,0.063021496,0.021181768,0.055730302
ID210,smape,0.059330195,0.05111978,0.05577671,0.053947728,0.08812497,0.056651484,0.06641101,0.055574566,0.058969617,0.054122362,0.053456247,0.056290817,0.07606194
ID211,smape,0.055923168,0.014883984,0.050299525,0.017926501,0.079508714,0.02602339,0.022019854,0.046624124,0.058281347,0.06805256,0.045020934,0.034809127,0.028624987
ID212,smape,0.03483979,0.022196015,0.026684565,0.01152445,0.045207363,0.012225173,0.037671454,0.044485163,0.039641168,0.033706468,0.05427556,0.0143619375,0.015992193
ID213,smape,0.017594514,0.013179738,0.016593961,0.011931352,0.01464679,0.014495484,0.02455327,0.013145768,0.031987887,0.026216472,0.014369558,0.021017956,0.02506412
ID214,smape,0.03269583,0.0155588575,0.018335383,0.042042967,0.07185993,0.049629103,0.0470511,0.031107647,0.047129497,0.050522108,0.0406515,0.034000542,0.030185305
ID215,smape,0.009717318,0.022633089,0.010550239,0.018401364,0.010656028,0.016634196,0.010249368,0.009613483,0.0076772217,0.012378581,0.009086063,0.01662223,0.011941039
ID216,smape,0.011295288,0.028814634,0.014304623,0.043523993,0.032292698,0.044962276,0.010335042,0.025637612,0.024881462,0.010783068,0.015830893,0.051461514,0.016312066
ID217,smape,0.043727826,0.05026536,0.0473865,0.04066988,0.029166175,0.049543235,0.040165797,0.03752239,0.040584315,0.027287373,0.040941227,0.046341732,0.03567187
ID218,smape,0.012542627,0.023614407,0.038306404,0.014858211,0.06195728,0.027694529,0.009932929,0.013045012,0.021180466,0.03570193,0.018226372,0.01643628,0.029234638
ID219,smape,0.012239742,0.015203752,0.018772667,0.019864343,0.025760738,0.015465827,0.017750343,0.016742475,0.017537728,0.02961353,0.017112622,0.018430227,0.030737361
ID22,smape,0.05110945,0.04902831,0.05810387,0.057072163,0.009976261,0.05011189,0.0585928,0.050928548,0.03541423,0.04129706,0.047542617,0.051088315,0.026199343
ID220,smape,0.031107485,0.034685552,0.04176071,0.029436886,0.05331536,0.047216862,0.054158106,0.06352558,0.024849966,0.07487527,0.03797589,0.061687786,0.02792354
ID221,smape,0.039159004,0.015052461,0.019854108,0.014770809,0.029369414,0.017036501,0.030456802,0.021493005,0.015342746,0.042338457,0.01762919,0.018252596,0.050208095
ID222,smape,0.0082489075,0.008209134,0.011633929,0.0106199095,0.051154885,0.009159755,0.02353399,0.026506767,0.01838976,0.013502321,0.015120343,0.01265027,0.024547292
ID223,smape,0.027343472,0.036186848,0.022436798,0.032755274,0.018092731,0.031676985,0.028652346,0.024407228,0.0138449855,0.013889328,0.029126033,0.02656749,0.03850628
ID224,smape,0.043911833,0.020501794,0.023342723,0.01735836,0.07799928,0.017649978,0.033168457,0.037805032,0.018386748,0.042989567,0.024657426,0.039216075,0.037654284
ID225,smape,0.07842361,0.031318486,0.042658165,0.017149912,0.04714294,0.015822785,0.09203417,0.069401585,0.033146605,0.03537396,0.052289024,0.049223527,0.03805406
ID226,smape,0.034354005,0.018313235,0.017903188,0.018232644,0.02739033,0.02031674,0.017007839,0.027053645,0.016362533,0.015006869,0.032801896,0.025644183,0.01650327
ID227,smape,0.014572061,0.020917824,0.028383067,0.04445458,0.026023092,0.014410687,0.037534874,0.01285217,0.030887863,0.01423614,0.019911045,0.020294493,0.030208847
ID228,smape,0.026036358,0.021950366,0.02779769,0.02891996,0.05824749,0.014214301,0.03392033,0.039369654,0.017545765,0.013541424,0.062127296,0.013774904,0.021352872
ID229,smape,0.0412133,0.024760509,0.02574686,0.024594814,0.057235613,0.024807228,0.023746835,0.044615354,0.027384402,0.047161024,0.04534443,0.02724872,0.034110606
ID23,smape,0.17975819,0.1629089,0.08729124,0.12632163,0.11000401,0.099122375,0.08420239,0.14842905,0.101261854,0.09266469,0.14927007,0.2444724,0.032335814
ID230,smape,0.045498077,0.019819958,0.018305184,0.018910574,0.07256601,0.02451426,0.016212698,0.017004186,0.032905165,0.048798207,0.04446423,0.018026842,0.029591369
ID231,smape,0.03857613,0.020130208,0.032625716,0.026827028,0.010497558,0.03815621,0.011763673,0.01769522,0.040767763,0.028720604,0.040824793,0.03995158,0.020555332
ID232,smape,0.03667549,0.030200193,0.03269725,0.013983368,0.06709187,0.021656206,0.028988145,0.045835745,0.04138873,0.042467784,0.07223644,0.02934756,0.020186108
ID233,smape,0.01759336,0.035831474,0.030779466,0.02557726,0.07075002,0.014141916,0.015737953,0.012371204,0.014856025,0.02354987,0.015767256,0.026755363,0.021230295
ID234,smape,0.033587463,0.019690488,0.016188903,0.016787441,0.051168818,0.01617142,0.020097809,0.02893647,0.014770682,0.044254646,0.06529231,0.034106664,0.02299718
ID235,smape,0.0113496855,0.00587955,0.010267586,0.008817893,0.048227772,0.005674992,0.006933003,0.009846229,0.0076233074,0.010168617,0.008812005,0.009065498,0.022318324
ID236,smape,0.026829237,0.012818698,0.008687425,0.01054695,0.020893952,0.023517964,0.02090326,0.010343662,0.008119892,0.011270304,0.023274029,0.008683733,0.01798459
ID237,smape,0.06327789,0.020976702,0.02174929,0.02167431,0.08719582,0.027917663,0.029015837,0.026099978,0.020604655,0.043666903,0.07170106,0.030772595,0.022792265
ID238,smape,0.020947685,0.02562631,0.03990614,0.028139904,0.08804139,0.02683629,0.03494031,0.028866358,0.054806042,0.04324511,0.03427271,0.023910312,0.036567885
ID239,smape,0.02012513,0.013003436,0.010258905,0.022479534,0.025186688,0.013115359,0.010153367,0.014139265,0.010691743,0.012391956,0.017644575,0.016196294,0.025996894
ID24,smape,0.021818096,0.011699338,0.013136271,0.008821283,0.03251457,0.02420605,0.0075784116,0.022020036,0.013790659,0.009510297,0.010243929,0.014059859,0.018955158
ID240,smape,0.017947575,0.021695213,0.017617343,0.036849324,0.013423973,0.023725763,0.011063196,0.014849312,0.008149997,0.01284306,0.014168794,0.038598094,0.025407104
ID241,smape,0.024787331,0.016254595,0.03531505,0.029580131,0.06610292,0.01617016,0.024668513,0.013092067,0.015699739,0.042208176,0.065253,0.034989495,0.024702245
ID242,smape,0.029535746,0.037359685,0.012531009,0.017453136,0.04275239,0.026154434,0.02167583,0.0140772415,0.01159452,0.015349594,0.015645005,0.028141273,0.014517306
ID243,smape,0.035757605,0.009865231,0.0084590865,0.020883359,0.056179926,0.027496427,0.009417611,0.009164143,0.011972231,0.009134223,0.022843765,0.014674176,0.02842999
ID244,smape,0.026596954,0.029163873,0.026046528,0.03317285,0.015077557,0.022097545,0.021166177,0.01844824,0.020904042,0.029189348,0.011092191,0.036819115,0.018468255
ID245,smape,0.029268602,0.034938786,0.017337834,0.03592592,0.029221997,0.0444375,0.026074803,0.015236665,0.013403463,0.0379497,0.015549369,0.023015402,0.36804768
ID246,smape,0.023546927,0.03515651,0.013754178,0.043601006,0.016537752,0.043144796,0.029601214,0.030867063,0.011079428,0.020810168,0.022726506,0.029601641,0.08298139
ID247,smape,0.0686828,0.029315332,0.03661102,0.015148879,0.15692447,0.0447128,0.060949203,0.054554,0.035037134,0.058935326,0.07364634,0.060981125,0.026940042
ID248,smape,0.025879437,0.018425278,0.018073482,0.018699808,0.04654841,0.024450578,0.029729674,0.016945345,0.035818685,0.02685608,0.023307567,0.030766085,0.048585217
ID249,smape,0.039673638,0.013404549,0.023821333,0.010435325,0.08357296,0.011002381,0.03040229,0.031317953,0.042593196,0.04757573,0.037343655,0.013592073,0.031016117
ID25,smape,0.08088708,0.08591005,0.07935103,0.11418154,0.11482667,0.08701837,0.08093116,0.08179172,0.10338423,0.09353968,0.1358854,0.08737776,0.03290658
ID250,smape,0.047298152,0.024154216,0.011684548,0.014721946,0.07705564,0.011149857,0.023470862,0.016768776,0.034031443,0.05627823,0.033615317,0.01186834,0.032798287
ID251,smape,0.022718875,0.012141887,0.019379683,0.026223943,0.05695795,0.036354553,0.020699613,0.022014251,0.024588572,0.03855017,0.022124944,0.012952221,0.028543571
ID252,smape,0.010453459,0.0078016333,0.03141814,0.014358583,0.018703362,0.010977164,0.015005979,0.012032432,0.037513956,0.037373852,0.02644682,0.010566807,0.03332854
ID253,smape,0.0583109,0.028976267,0.026525125,0.039721716,0.11770832,0.026145488,0.06092548,0.06955198,0.064331025,0.07289796,0.04645002,0.075301595,0.029554
ID254,smape,0.010811985,0.0119006485,0.026174696,0.008493482,0.05345056,0.011830238,0.03456185,0.02116064,0.028486384,0.02343894,0.030480474,0.008950579,0.03170894
ID255,smape,0.06288058,0.020060781,0.016017703,0.027823443,0.080700494,0.0199515,0.031549774,0.037989605,0.037379146,0.08483981,0.025577322,0.020909624,0.04769322
ID256,smape,0.021541283,0.03010202,0.03499194,0.03253199,0.042577356,0.031774264,0.04804297,0.06848268,0.051970515,0.046835408,0.036393907,0.02877458,0.019359834
ID257,smape,0.04176661,0.031101355,0.031971954,0.016392332,0.08346378,0.04669859,0.058074374,0.036794268,0.040713467,0.05270173,0.075627364,0.022824852,0.025338233
ID258,smape,0.038275827,0.03941031,0.016388645,0.04512717,0.1010719,0.059616987,0.0401913,0.035773735,0.06523639,0.04492095,0.032518994,0.04102103,0.028684074
ID259,smape,0.047537353,0.029121341,0.035980597,0.06289923,0.09171009,0.029125037,0.039874215,0.034659833,0.045439284,0.024919959,0.022569815,0.01621728,0.029157879
ID26,smape,0.014529791,0.01529047,0.014442745,0.010446888,0.054364216,0.012279969,0.010058775,0.009926372,0.007974284,0.011318007,0.013294908,0.014537472,0.029544642
ID260,smape,0.020805832,0.013190608,0.028788554,0.019459344,0.024509294,0.047161203,0.03143938,0.040099528,0.037426908,0.028539231,0.034079354,0.031270605,0.06930798
ID261,smape,0.07653532,0.011455677,0.014564075,0.015090555,0.08533278,0.023753697,0.017107174,0.062166024,0.037542272,0.040273305,0.06867149,0.047202613,0.030991612
ID262,smape,0.016344944,0.028557405,0.027881874,0.017130967,0.07641731,0.015556195,0.026169538,0.017912071,0.01837719,0.035154965,0.022955326,0.018497081,0.022141801
ID263,smape,0.017577337,0.039374262,0.01657248,0.016888348,0.057790432,0.034846466,0.016042175,0.022994848,0.02502744,0.019728988,0.027779944,0.018917004,0.024044694
ID264,smape,0.03340927,0.02624262,0.026155166,0.06285336,0.07664568,0.05250794,0.067709655,0.06901541,0.044566453,0.06374247,0.058998916,0.07269806,0.039605077
ID265,smape,0.012255582,0.037790608,0.03170297,0.04006651,0.010380097,0.02324506,0.010029234,0.011066333,0.011963849,0.008147358,0.007405482,0.009416469,0.03159434
ID266,smape,0.03114225,0.017056562,0.024710966,0.020318978,0.026927562,0.021475904,0.023635095,0.024784124,0.028225401,0.031725165,0.028679147,0.017555686,0.035341308
ID267,smape,0.023488494,0.009763726,0.02904784,0.008371454,0.05036418,0.0138246985,0.015576735,0.020379419,0.016536765,0.036586568,0.036073234,0.013744329,0.011458016
ID268,smape,0.029236443,0.048923355,0.02158427,0.035311747,0.025270397,0.03262441,0.023510842,0.022480898,0.050230194,0.04693139,0.031133233,0.026432365,0.022458525
ID269,smape,0.020299587,0.018769382,0.021177702,0.014397689,0.008335764,0.01386863,0.027869029,0.017340248,0.01742922,0.0090701,0.030272549,0.017656581,0.028791405
ID27,smape,0.041654024,0.019901985,0.0125811845,0.0129293995,0.03671141,0.0140896095,0.0324688,0.016546244,0.01663364,0.018165873,0.055987757,0.015722012,0.050764903
ID270,smape,0.03582594,0.018191347,0.027799333,0.0097491555,0.037208375,0.009847228,0.013769803,0.043227423,0.04927304,0.029420042,0.074914515,0.021335015,0.0505166
ID271,smape,0.018009013,0.039800633,0.01113933,0.023220016,0.06975858,0.011991159,0.031979993,0.021701122,0.013328549,0.030446148,0.029874602,0.025247619,0.024310986
ID272,smape,0.012711185,0.01691139,0.011740095,0.018213965,0.021675857,0.010039029,0.009403376,0.010391905,0.020852176,0.038036197,0.03814065,0.021595186,0.040045336
ID273,smape,0.009156696,0.010807194,0.009856873,0.018680476,0.02718705,0.029749282,0.017988587,0.01588988,0.035418388,0.054773003,0.014239349,0.037555426,0.017929958
ID274,smape,0.02024799,0.01089058,0.026851097,0.012207051,0.036023628,0.025938055,0.028986873,0.036528666,0.032110475,0.031590153,0.051086213,0.013436594,0.0175889
ID275,smape,0.019790696,0.031350385,0.012741216,0.0339222,0.050328393,0.011911021,0.015833048,0.026985975,0.033178113,0.025930405,0.044302896,0.044324532,0.036254715
ID276,smape,0.056840375,0.018471379,0.021855304,0.07096135,0.08936319,0.03595228,0.054037537,0.025644094,0.027562698,0.053466048,0.08155564,0.05452152,0.030310119
ID277,smape,0.090044975,0.07610334,0.061704684,0.023193756,0.12866242,0.08404541,0.09982502,0.086799204,0.053332318,0.074574426,0.084053546,0.07577482,0.013311853
ID278,smape,0.033650592,0.0338553,0.07986572,0.08549792,0.08170976,0.02274867,0.059153616,0.07863886,0.07275952,0.088231064,0.038627267,0.011287239,0.026435202
ID279,smape,0.016285904,0.017633695,0.025097692,0.02661107,0.02293694,0.019731177,0.01357244,0.0100988345,0.013281927,0.017733378,0.04140248,0.017270204,0.032435637
ID28,smape,0.08676379,0.10024413,0.03163443,0.059427675,0.11745852,0.055960268,0.048169076,0.06952441,0.0391174,0.035550695,0.060621053,0.05266809,0.029872542
ID280,smape,0.017903255,0.020999447,0.033349935,0.022865893,0.052455053,0.019787632,0.022212066,0.01808237,0.017584277,0.032240715,0.054640543,0.018643074,0.031495433
ID281,smape,0.12047389,0.023744168,0.050061163,0.014154782,0.04267684,0.089964844,0.087149285,0.017788285,0.06265118,0.084058434,0.09299729,0.079016544,0.019964205
ID282,smape,0.03214639,0.018883348,0.016707176,0.02109521,0.06705017,0.045642953,0.04699771,0.030154333,0.041502208,0.009478012,0.052051272,0.021278722,0.064523295
ID283,smape,0.028103804,0.018822093,0.033518117,0.028272912,0.046371173,0.017763466,0.03435939,0.018783776,0.039171316,0.04677256,0.054959204,0.02994325,0.04244506
ID284,smape,0.025671802,0.037024643,0.014072314,0.034299735,0.032683317,0.055110052,0.016283756,0.032895964,0.025272183,0.061713677,0.030826667,0.0172375,0.035707023
ID285,smape,0.05105857,0.057167728,0.048510548,0.056397572,0.039047845,0.044542953,0.044677775,0.049480896,0.026701398,0.04406932,0.037665363,0.026669048,0.025672697
ID286,smape,0.15557618,0.1328756,0.13247734,0.1478225,0.16623087,0.12656127,0.15342896,0.12520932,0.11936987,0.1330428,0.11581843,0.14307992,0.10203918
ID287,smape,0.100721456,0.05830918,0.09846353,0.13626674,0.20997232,0.13997562,0.087147236,0.15785082,0.095124215,0.17772639,0.12236655,0.09842377,0.112259425
ID288,smape,0.10184032,0.070279226,0.1041824,0.07780713,0.116306566,0.1184055,0.1740582,0.12791312,0.054913778,0.17132008,0.11018509,0.107279636,0.0758943
ID289,smape,0.06418098,0.074419096,0.07150805,0.08070642,0.09406722,0.06814798,0.07665956,0.08302445,0.07331579,0.10053373,0.07172318,0.07378894,0.08083148
ID29,smape,0.12215961,0.15965989,0.10751731,0.12118414,0.13299438,0.14286269,0.15315606,0.11822623,0.10731277,0.11931019,0.116342105,0.11805034,0.13398251
ID290,smape,0.059280414,0.032611247,0.047114242,0.03630695,0.07693916,0.040744826,0.061054748,0.04548316,0.05440526,0.06722804,0.0683835,0.03458853,0.05475737
ID291,smape,0.036983926,0.06958137,0.042934954,0.030830303,0.047980826,0.07465987,0.029312903,0.019951755,0.022060486,0.05683968,0.021185039,0.06076422,0.044257436
ID292,smape,0.011703218,0.022079578,0.015729608,0.014483482,0.049435984,0.019345174,0.014331161,0.016133279,0.013911585,0.02085306,0.018862044,0.014158502,0.040255096
ID293,smape,0.096569546,0.02271639,0.018630054,0.018158993,0.058781672,0.078322105,0.04227076,0.059719354,0.018300815,0.052363843,0.12416937,0.07216624,0.040624227
ID294,smape,0.1748576,0.09709254,0.17715932,0.11187149,0.22577332,0.14661205,0.1442707,0.18706731,0.14923342,0.17705376,0.16298468,0.1493484,0.07361662
ID295,smape,0.017283065,0.07596385,0.025235156,0.03685541,0.15046878,0.08396989,0.0791805,0.038903095,0.049071994,0.035703894,0.027155958,0.027656814,0.04675707
ID296,smape,0.009568413,0.012183127,0.008311552,0.013018533,0.013834804,0.012526929,0.010393661,0.009736382,0.016507538,0.015537095,0.011173739,0.008917873,0.06911222
ID297,smape,0.04371113,0.039713856,0.039926928,0.02452775,0.032340858,0.03799794,0.028634094,0.036492046,0.050327867,0.044546235,0.033447947,0.04097635,0.091795266
ID298,smape,0.6499625,0.5638571,0.5758644,0.6835086,0.543041,0.61777717,0.6142942,0.60735893,0.59976083,0.58190817,0.5521746,0.614882,0.5833333
ID299,smape,0.13751493,0.37665376,0.16501884,0.08095314,0.17927034,0.15469672,0.24037224,0.19077456,0.107247256,0.1104796,0.23377691,0.24944527,0.3204452
ID3,smape,0.028272012,0.027005821,0.009950175,0.035203125,0.06727033,0.0462855,0.013592335,0.020491092,0.022272,0.015945988,0.019732682,0.02276265,0.020434013
ID30,smape,0.041034654,0.103405274,0.040214304,0.06284904,0.04601198,0.06458079,0.0420097,0.079222806,0.051841985,0.048888993,0.043707892,0.0485585,0.057219002
ID300,smape,0.031937618,0.091196306,0.044978485,0.027866224,0.07006436,0.029636698,0.042400647,0.033972245,0.030906871,0.048036646,0.035898488,0.04863182,0.04279333
ID301,smape,0.07935953,0.05865797,0.061154854,0.048088253,0.08116441,0.082719736,0.10687227,0.037892565,0.070566386,0.041368008,0.09100595,0.09767616,0.1048122
ID302,smape,0.13281254,0.04890472,0.10807463,0.02639624,0.11706229,0.048501704,0.084307276,0.1220927,0.06906203,0.07251279,0.12163782,0.099907845,0.030973956
ID303,smape,0.09251069,0.08324606,0.10180509,0.11440402,0.10884931,0.11747909,0.22415137,0.087188154,0.22561674,0.14840281,0.08113549,0.07910705,0.1347592
ID304,smape,0.005128658,0.006495533,0.0064187236,0.006800506,0.008426699,0.010463613,0.0073364624,0.0063441447,0.019389221,0.017208604,0.009589846,0.00625867,0.023437472
ID305,smape,0.07645555,0.06854561,0.05861054,0.076100625,0.20875527,0.07322814,0.08843281,0.058170673,0.07164458,0.098115794,0.09834509,0.079134665,0.07366816
ID306,smape,0.031131886,0.02452792,0.019204212,0.020367809,0.037617635,0.038630657,0.019813113,0.02197243,0.019229831,0.01678803,0.02916617,0.029439593,0.02524086
ID307,smape,0.43478274,0.36271012,0.39181373,0.39018166,0.46840683,0.42521557,0.47281504,0.43847337,0.48106146,0.49339643,0.47658145,0.41579983,0.3881012
ID308,smape,0.0200386,0.04836601,0.09190893,0.039722696,0.106221914,0.032661423,0.035838027,0.025204755,0.015424578,0.0481434,0.011440244,0.024598172,0.029507121
ID309,smape,0.04500929,0.08353666,0.031928383,0.038871333,0.15151013,0.08455741,0.03971299,0.043877307,0.041128874,0.051746797,0.10024191,0.04548742,0.056848373
ID31,smape,0.013635743,0.020525655,0.008815329,0.012399501,0.050371435,0.02019895,0.054297622,0.029106019,0.01564131,0.03483374,0.026641035,0.021924695,0.025607571
ID310,smape,0.04247029,0.06563405,0.0392434,0.082946636,0.043175995,0.08069261,0.08875739,0.07965074,0.040588092,0.016479637,0.08076095,0.080204554,0.28430107
ID311,smape,0.015980067,0.012186709,0.034356896,0.011917672,0.02035052,0.011371292,0.0352622,0.016990522,0.044997662,0.042706918,0.025976256,0.033194657,0.040167317
ID312,smape,0.05301411,0.049235497,0.049897015,0.054295372,0.15810998,0.03554998,0.032965403,0.05516192,0.06505256,0.087123714,0.07820372,0.05863374,0.051725466
ID313,smape,0.03309204,0.052347004,0.049880713,0.04384355,0.14970134,0.035770234,0.03504094,0.05789824,0.09982335,0.08788213,0.0626381,0.039737687,0.040948328
ID314,smape,0.016713476,0.06324146,0.01596787,0.03184374,0.036052722,0.035967372,0.029214913,0.01668462,0.016039237,0.019938145,0.015046451,0.053010445,0.08016433
ID315,smape,0.04141167,0.029624937,0.015904622,0.02000528,0.0212251,0.022276627,0.011356108,0.018271526,0.053431522,0.038709342,0.03676131,0.023720687,0.032474194
ID316,smape,0.12385113,0.14290555,0.11168701,0.104230635,0.08780993,0.11413223,0.1260586,0.107153535,0.1033114,0.09599275,0.13357414,0.14358091,0.16002893
ID317,smape,0.062484626,0.058440927,0.064162165,0.12650105,0.21196948,0.09739625,0.09692436,0.21458983,0.12964183,0.06953512,0.063855834,0.097417,0.12253443
ID318,smape,0.030750625,0.014932986,0.02588301,0.011312791,0.04352406,0.013681166,0.035690043,0.019515024,0.016822381,0.025574887,0.025020821,0.023216687,0.015249707
ID319,smape,0.039077956,0.03403826,0.039161023,0.03316968,0.05444416,0.05850792,0.06206874,0.032625776,0.059538033,0.029404784,0.04209086,0.03833152,0.031703897
ID32,smape,0.037994266,0.049748108,0.055732284,0.034556095,0.06082497,0.07396639,0.0596367,0.041837875,0.038937885,0.02342903,0.04351447,0.02549324,0.5494799
ID320,smape,0.042432953,0.015661037,0.016042914,0.015003253,0.07359576,0.03672387,0.052716512,0.03055036,0.019727064,0.017801026,0.08407807,0.04238463,0.020607656
ID33,smape,0.12754932,0.13848335,0.085211106,0.0815747,0.060463622,0.082700305,0.032136817,0.07027633,0.061970856,0.05794035,0.10831664,0.09059381,0.07387583
ID34,smape,0.016503548,0.02005932,0.0143031925,0.016153987,0.032717798,0.021795958,0.021253133,0.014154981,0.017124316,0.014946401,0.020496177,0.021445379,0.045849968
ID35,smape,0.059413835,0.01824466,0.013429056,0.04491957,0.119974576,0.01908709,0.01795805,0.027256511,0.05558194,0.04393806,0.014592055,0.040073708,0.011305735
ID36,smape,0.11616389,0.097573765,0.11989904,0.1377889,0.19344826,0.11922745,0.1158657,0.111704804,0.09237101,0.09915907,0.12624124,0.119377844,0.08333639
ID37,smape,0.022631653,0.047843978,0.042677026,0.04219166,0.10982398,0.034437392,0.028927887,0.056605715,0.03016685,0.023566095,0.033241574,0.05199444,0.029417315
ID38,smape,0.06590391,0.046706613,0.045884565,0.041035604,0.05741152,0.044963688,0.035872836,0.04346257,0.054734234,0.040694576,0.03661049,0.036644798,0.04717818
ID39,smape,0.077245824,0.075844936,0.05985087,0.08000036,0.044082057,0.082740866,0.07392158,0.0861688,0.09160019,0.08354812,0.08102789,0.059710752,0.04713504
ID4,smape,0.118055016,0.04468144,0.039849076,0.07933212,0.024679461,0.045411747,0.047267154,0.03709967,0.051688734,0.02737462,0.0922738,0.047934085,0.05744886
ID40,smape,0.014514881,0.023316287,0.015283761,0.012413699,0.024890622,0.017525794,0.017150966,0.016881242,0.014137559,0.022918275,0.021619262,0.017968152,0.011663432
ID41,smape,0.04378265,0.02685771,0.030693335,0.03905897,0.02952824,0.020441761,0.03316121,0.031523727,0.030409409,0.028737104,0.043322876,0.020365331,0.022095835
ID42,smape,0.051797967,0.08813604,0.06626005,0.03455553,0.07503701,0.15417585,0.02642554,0.063537695,0.034681372,0.13913083,0.07119686,0.057822067,0.040787388
ID43,smape,0.01889393,0.012814132,0.011896017,0.029739125,0.035392623,0.015997285,0.013465412,0.017987566,0.0096405605,0.011163245,0.014296237,0.011436964,0.029377073
ID44,smape,0.10384794,0.023452511,0.046625692,0.055219878,0.022052402,0.035862137,0.047211733,0.024437284,0.018348524,0.031703595,0.016339095,0.03795689,0.032839414
ID45,smape,0.057373982,0.023425674,0.023861391,0.045219306,0.06579259,0.013559211,0.07391242,0.026977256,0.03534402,0.02345103,0.052667078,0.04680513,0.02215299
ID46,smape,0.10412379,0.18044381,0.09643966,0.07087409,0.049178343,0.17971647,0.08219392,0.17034821,0.14644079,0.14040197,0.06125096,0.05427001,0.073294654
ID47,smape,0.048235144,0.011069494,0.015421692,0.007465763,0.029873913,0.009001352,0.011604331,0.012236451,0.011216737,0.010190088,0.015345591,0.022068845,0.032400012
ID48,smape,0.043850098,0.03746843,0.037040886,0.033043258,0.047832068,0.07014471,0.036795408,0.05186281,0.08681048,0.07447479,0.043741778,0.059668366,0.05861533
ID49,smape,0.036066122,0.02843245,0.062293064,0.06435954,0.063375756,0.045503747,0.07842118,0.06832413,0.07114885,0.061063915,0.03881046,0.027185736,0.04699051
ID5,smape,0.05227579,0.0172393,0.019687438,0.030122086,0.027629882,0.024929121,0.019729976,0.026374726,0.02224263,0.015987054,0.017273022,0.03626719,0.03224761
ID50,smape,0.02653216,0.024184212,0.015132665,0.010953042,0.05721128,0.032074653,0.017391423,0.023197249,0.018740715,0.01912398,0.039500747,0.01797933,0.041598972
ID51,smape,0.02248434,0.013054572,0.020429313,0.016930858,0.029995829,0.015568283,0.020187054,0.03336392,0.013628825,0.016217316,0.015322355,0.025529707,0.06001095
ID52,smape,0.05393287,0.04244384,0.050228223,0.043135714,0.030198371,0.03249312,0.035054427,0.025167564,0.033427045,0.03196093,0.029883796,0.04159176,0.039127868
ID53,smape,0.03459522,0.026217224,0.03285803,0.03902575,0.03179797,0.023298634,0.022321224,0.034500588,0.019842753,0.056976456,0.0207027,0.052213598,0.037627406
ID54,smape,0.0339566,0.056680445,0.024263544,0.051736806,0.047369923,0.054737363,0.061708536,0.04636712,0.03138705,0.032056987,0.04144675,0.05028067,0.022065545
ID55,smape,0.018912299,0.021654382,0.032004084,0.018867424,0.027709447,0.05340064,0.016734486,0.027181951,0.026847916,0.026770316,0.0161029,0.02600349,0.04207773
ID56,smape,0.024195673,0.025638126,0.014651693,0.0266895,0.024026275,0.020604573,0.016564311,0.019159326,0.016666854,0.03259505,0.016740166,0.015101121,0.03789934
ID57,smape,0.12828362,0.11371812,0.13518481,0.12786855,0.12261186,0.12015039,0.12656422,0.1613677,0.15468872,0.15229689,0.14734535,0.23762886,0.2561109
ID58,smape,0.13818371,0.02462486,0.03573749,0.06291461,0.11128373,0.041571382,0.06271008,0.05735889,0.029904978,0.06553043,0.09003254,0.041044116,0.065187044
ID59,smape,0.027765393,0.03764507,0.031187454,0.010385131,0.036367398,0.029012924,0.024484357,0.019566225,0.04089116,0.028811643,0.029982159,0.0392852,0.030087715
ID6,smape,0.32305628,0.56326693,0.43562138,0.3648899,0.3272989,0.56765413,0.39004228,0.545458,0.54052496,0.495784,0.3140292,0.32422295,0.22510661
ID60,smape,0.0072091552,0.025039509,0.02121772,0.012226675,0.007165371,0.01998437,0.023122743,0.019111674,0.008397196,0.0233412,0.014872167,0.01062543,0.044294253
ID61,smape,0.015987115,0.020056026,0.010892183,0.013820544,0.03802216,0.018054126,0.014635187,0.012455034,0.012080393,0.012532208,0.012926619,0.020706596,0.022020785
ID62,smape,0.039644774,0.02355127,0.023568839,0.014833375,0.020137357,0.028445551,0.03550868,0.015624594,0.012982115,0.03060695,0.044784974,0.057460535,0.028441891
ID63,smape,0.09019476,0.04768789,0.030939342,0.09398655,0.055412423,0.06662076,0.028302789,0.056673467,0.030694665,0.060863208,0.13507313,0.17207728,0.023725813
ID64,smape,0.09154704,0.19117212,0.09757572,0.10128093,0.11417166,0.23274714,0.07903739,0.16481626,0.13259675,0.17035115,0.1010338,0.08842042,0.08562848
ID65,smape,0.03255179,0.0108684525,0.0126254605,0.010840655,0.007755063,0.032780394,0.008428139,0.018750023,0.017068569,0.033650484,0.018780118,0.027581573,0.03080901
ID66,smape,0.021322155,0.016504757,0.016001781,0.017275823,0.018225385,0.020669078,0.021807441,0.012287441,0.024241352,0.023970703,0.012794748,0.012135622,0.03097491
ID67,smape,0.08235491,0.029724956,0.014966544,0.034823548,0.030808425,0.015842805,0.023879534,0.025306085,0.018759418,0.028647767,0.034195837,0.049428944,0.026818143
ID68,smape,0.078945555,0.082856454,0.0687001,0.07892164,0.16926068,0.11665846,0.11194793,0.069504745,0.11321337,0.113636374,0.119535364,0.10574568,0.048219875
ID69,smape,0.018307226,0.028351909,0.017783321,0.022462288,0.03630841,0.021630721,0.022652581,0.016885348,0.016569147,0.020529909,0.01962958,0.016420512,0.017364526
ID7,smape,0.032664727,0.022084529,0.008781762,0.045242388,0.06883361,0.03155374,0.023538439,0.01732056,0.0087902555,0.033413295,0.06586178,0.024229595,0.034680948
ID70,smape,0.11752644,0.14002538,0.12492815,0.13368209,0.13157202,0.1207033,0.12556764,0.21981788,0.10662889,0.13613369,0.079254255,0.10008493,0.09629869
ID71,smape,0.053604066,0.12443673,0.026300095,0.055621937,0.05867749,0.12803595,0.07812688,0.069895215,0.043626677,0.045396637,0.034096476,0.026192067,0.037207928
ID72,smape,0.015116769,0.01947576,0.013498478,0.012806269,0.04706368,0.029154269,0.03663313,0.013304159,0.03005234,0.015550002,0.037474472,0.021367552,0.02250191
ID73,smape,0.042131837,0.012681182,0.011329479,0.013001625,0.0648113,0.015386798,0.024425775,0.018855602,0.027935011,0.036637545,0.023906289,0.036919665,0.016188765
ID74,smape,0.015023876,0.03761055,0.010141647,0.014911454,0.056603897,0.01650185,0.010305988,0.010094899,0.018031849,0.012778382,0.015314189,0.013237719,0.014230336
ID75,smape,0.05343588,0.07868847,0.0391265,0.03586239,0.06404829,0.040376652,0.03616779,0.04503384,0.037551902,0.058375154,0.03658293,0.04853498,0.15082544
ID76,smape,0.044870492,0.037072554,0.022005191,0.024511585,0.02899518,0.036800023,0.032061487,0.035478298,0.026178084,0.03842144,0.026575021,0.026326343,0.01557102
ID77,smape,0.028517747,0.046092406,0.031099224,0.030677548,0.072104685,0.10800914,0.029439332,0.055855006,0.0637467,0.05102898,0.040599685,0.026939748,0.041654527
ID78,smape,0.08391982,0.044070482,0.08917185,0.06807,0.119723834,0.039820094,0.06953591,0.07384565,0.029174568,0.021290354,0.075357646,0.06521063,0.058469504
ID79,smape,0.05320697,0.04117777,0.044165652,0.055685773,0.045647297,0.034404743,0.017707022,0.024080379,0.096381605,0.041627582,0.022075845,0.08842408,0.06476352
ID8,smape,0.07757642,0.11345127,0.100114845,0.06427287,0.08583963,0.06875671,0.073457405,0.097819634,0.12558652,0.09341597,0.09268243,0.11854237,0.05470537
ID80,smape,0.04204279,0.024146909,0.025928393,0.03289114,0.04596214,0.027377767,0.037497252,0.03305007,0.022306703,0.021961011,0.03566488,0.024404852,0.030641057
ID81,smape,0.2751344,0.23391138,0.19871576,0.15164714,0.2838424,0.2997936,0.2766035,0.21701223,0.25603703,0.26936013,0.21987593,0.19101115,0.043709546
ID82,smape,0.02493573,0.038095526,0.019979136,0.01661777,0.050487082,0.03272889,0.02288706,0.019510321,0.028421724,0.045715854,0.022258265,0.031206086,0.10652528
ID83,smape,0.09151563,0.15302734,0.12666136,0.0762525,0.28721112,0.16298659,0.11535657,0.09800249,0.095113315,0.08262608,0.2295438,0.13896242,0.21188359
ID84,smape,0.4931909,0.46328047,0.44847882,0.5530166,0.5948708,0.59182096,0.47044608,0.57484823,0.39319193,0.5360704,0.47269544,0.60364825,0.18274194
ID85,smape,0.06468821,0.07620264,0.06361715,0.06216954,0.067369305,0.10005682,0.07081213,0.093631394,0.080073714,0.122743286,0.0719473,0.056401283,0.06617104
ID86,smape,0.020593476,0.018142778,0.017768415,0.017871885,0.052118044,0.025280131,0.031622555,0.01910304,0.013712283,0.023126416,0.03651097,0.03727833,0.026911547
ID87,smape,0.06873311,0.17078374,0.16195647,0.11879829,0.21079738,0.053550024,0.20609862,0.16591911,0.2439028,0.19773304,0.13112505,0.13814466,0.012721229
ID88,smape,0.070858635,0.030056546,0.07301492,0.050652515,0.13792107,0.038227726,0.05814371,0.10016376,0.074275605,0.07401038,0.083196945,0.017582865,0.028354848
ID89,smape,0.053224448,0.03809677,0.026203854,0.05214711,0.12582426,0.043099824,0.056006685,0.063348554,0.078812204,0.07762744,0.038065188,0.02974253,0.051557045
ID9,smape,0.06224701,0.062904894,0.09283262,0.059213106,0.060141522,0.0937295,0.09788943,0.083649695,0.1791899,0.061446454,0.06930924,0.09951938,0.05850454
ID90,smape,0.043059457,0.058743816,0.06904537,0.08338714,0.057499543,0.052470297,0.033939708,0.032322455,0.032629453,0.11112074,0.040036935,0.07903538,0.10428688
ID91,smape,0.10366068,0.018297946,0.023950635,0.029954232,0.11572647,0.030726291,0.06790189,0.039801158,0.07740002,0.10181203,0.0743945,0.02556503,0.11349153
ID92,smape,0.040323492,0.033747256,0.035159025,0.021029197,0.06102192,0.022826979,0.032708243,0.023289716,0.046816573,0.032935917,0.017779412,0.03310555,0.02633814
ID93,smape,0.027357846,0.015721548,0.060322504,0.030371247,0.036453817,0.019917779,0.019407945,0.021262186,0.017940791,0.057150528,0.052152943,0.018267835,0.03512776
ID94,smape,0.07616571,0.112687714,0.12357674,0.08962384,0.11189544,0.09073111,0.0629093,0.13819897,0.14086501,0.069046386,0.1090636,0.104006924,0.06450111
ID95,smape,0.10251936,0.09325874,0.04097931,0.06721806,0.027869234,0.11433006,0.051282436,0.052485794,0.053537667,0.021511884,0.03182582,0.048263967,0.045596797
ID96,smape,0.19586706,0.21757324,0.20052974,0.21276736,0.25654942,0.12888016,0.17787413,0.15842615,0.25322315,0.2538646,0.14791499,0.13839836,0.09834647
ID97,smape,0.048466474,0.04660377,0.062280517,0.04036074,0.091350205,0.042313267,0.035324853,0.051617738,0.0787988,0.09035901,0.057439547,0.033769872,0.031729627
ID98,smape,0.12372785,0.1480868,0.13674782,0.100244045,0.26140818,0.16980271,0.1745308,0.18996115,0.12230065,0.16604836,0.15783651,0.12595361,0.028436823
ID99,smape,0.05257565,0.03398925,0.027192853,0.044132665,0.03375907,0.051188786,0.06456233,0.03349128,0.03999052,0.09959525,0.039341744,0.080793574,0.085869044
