unique_id,metric,SeasonalMBB,original,qgts,qgtse,SeasonalNaive
m1,mase,0.8594527236849059,0.9848527938647091,1.4603334657255753,0.8931199477114498,1.6491688191148492
m10,mase,0.658235451775504,0.6613203812678679,0.6831013176981454,0.5976249885386886,1.1847727956665661
m100,mase,1.2948795369049808,1.371376892236631,1.2027064634033189,1.2014715766391428,1.6575496602761068
m101,mase,1.9082685632190808,2.1341481821816792,2.029724023830416,2.028880328562771,3.2041794283518494
m102,mase,0.9573171478818703,1.1383424331827592,1.001209164974183,1.0704962151190314,0.6919455375980336
m103,mase,1.05191278467002,0.903061984813535,1.1742673260383745,1.1717390906829013,0.9240508813945272
m104,mase,0.6400181803617643,0.625027916760765,0.7200260389417826,0.602016148440882,0.47039283332081755
m105,mase,1.0478833177733369,1.2273998132068098,1.005819033573709,0.9398842729803499,0.8230561327313346
m106,mase,0.9216861260788196,0.8967130635947373,0.8283611125220343,0.8859565759664665,0.950602078659402
m107,mase,0.7507966745404604,0.7406218535575775,0.762027360269676,0.7930685653150932,1.0665636452601832
m108,mase,0.6881533283210949,0.6369383382637885,0.5642420198287253,0.7094926574841569,0.7460114420136996
m109,mase,0.9406283159211208,0.9102375645406183,0.8860014197598788,0.9111479280140479,1.0269953051643192
m11,mase,0.9242139743354252,0.624295230716327,0.49414558922156204,0.5494604667082449,0.6754123290772629
m110,mase,1.0773964679197425,1.1298548372048263,1.1215777816662147,1.1084003450607725,0.9585974863752641
m111,mase,1.028186450962025,0.9863196089053129,0.9290015185740061,0.9784201651251516,0.8222057368941642
m112,mase,0.7137801675235524,0.72466568292356,0.7340083552341835,0.7682190240598193,0.8333333333333333
m113,mase,0.5121414218064049,0.45795965807757133,0.526118606562598,0.5634335374039667,1.1700376293508936
m114,mase,0.3508234088340502,0.4374156308977792,0.3480866735794125,0.3499367931808872,0.6718164794007491
m115,mase,0.4172155170689304,0.5309400732512802,0.6112976244708013,0.5461790741932903,0.7658286778398511
m116,mase,1.3460036886613922,1.2149449580133298,1.103482391874669,1.0882216200316692,1.4830508474576272
m117,mase,1.5061861225682445,1.350984328832382,1.1552622542422042,1.2319109052674384,1.495726495726496
m118,mase,0.8299483039346252,0.8207774642669257,0.644979515358853,0.7570112490662418,0.9897490279250619
m119,mase,0.69019038711769,0.6638272326925527,0.6960685232411261,0.6451782309490702,0.8559782608695653
m12,mase,0.627227852380912,0.6593817659611939,0.5116037853124903,0.5877412658180462,0.5646796460110318
m120,mase,0.5376452015677127,0.6244916112548218,0.5978205036314985,0.5660728049470479,1.1129065888240202
m121,mase,1.147833920488454,1.2202247786602187,1.0776969158288205,1.0543350194038366,0.9206649831649832
m122,mase,1.2685897360722571,1.1096014208842226,1.0891948227972617,1.2127847107910867,1.133551673944687
m123,mase,1.6044848799634677,1.9691100367037797,1.9785016128440311,1.846821091958475,2.1576054664289956
m124,mase,1.2931906508428752,1.2871839838780217,1.2811272541075263,1.3949449068414042,1.2690839694656488
m125,mase,0.8091899318079795,0.823835701070806,0.8928024374028688,1.0472337538196195,0.8467741935483871
m126,mase,0.8836089500091361,0.8624232929957487,1.0362646174880694,1.0375719390325326,1.10062893081761
m127,mase,1.0983067475031556,1.1882444406700967,1.2797408513453676,1.2384212332868507,1.2736535662299853
m128,mase,0.8035350870953465,0.7945583808524596,0.8726478773473065,0.7689325065400543,0.5785280728376327
m129,mase,1.2046848177830536,1.0772959086709395,1.0172364037590509,1.0434724372462756,1.1352295409181636
m13,mase,0.29521447621712454,0.3190415798352501,0.3043447696376995,0.33218480380596976,0.35355880054734284
m130,mase,0.9073637076023835,0.9300625823264899,1.0889492314196578,1.1843262178747949,0.8360922695951767
m131,mase,0.5624421205195886,0.7356688890632933,0.6736476985188955,0.6679119096998497,0.7653858169322088
m132,mase,1.2764746722053077,1.4021505196039263,1.0787185628146412,1.1203598729641893,0.8480949197860962
m133,mase,1.0638400414595903,1.0444182342428578,0.90571395320074,0.9536513857322164,1.0107260726072607
m134,mase,1.919572214600901,1.9372654163017473,1.7103212144639757,1.8289449782598586,2.1494708994708995
m135,mase,1.262585258375944,1.1177804468712973,1.1754430437330885,1.1342562603694137,1.361771363893605
m136,mase,0.7728872332528997,0.7918202970230204,0.8067551750132194,0.6607540386382988,1.1538767079758498
m137,mase,0.7141525279705279,0.6252005513668408,0.5295993873826371,0.6666564909547414,0.8540818457041444
m138,mase,1.2202267116970487,1.2354379350973723,1.3577176548490588,1.3259795784150195,1.7943698732289337
m139,mase,0.9628184328797043,1.0584276465959446,0.9713556433236727,0.9289273087696363,1.5456989247311828
m14,mase,1.4607084211115982,1.4585946707921407,1.5164418421326196,1.4624636960987571,1.6259103322554223
m140,mase,1.8847779445960873,2.021459464818402,2.02037902998794,2.1650563224417265,1.9637978142076504
m141,mase,0.9315683350082516,0.9603781628670311,0.9627140232450895,0.8959573868941275,0.7687338501291989
m142,mase,2.0131738410231788,2.0777370203434944,2.245540436375084,2.0931264825604936,2.5468500797448166
m143,mase,1.6090788562317746,1.5485970542291414,1.4777081205320226,1.4528427549059344,1.5842618384401115
m144,mase,0.892214834175858,0.893821413526348,1.036292537913603,1.0287438534007354,0.7205882352941176
m145,mase,1.2824816913724697,1.4862480163574219,1.5502549657281839,1.5943075695877555,1.8867924528301887
m147,mase,0.6557956679819084,0.6294320080048482,0.7196161050609896,0.8033556279251413,1.463797736648878
m148,mase,0.6782460759562566,0.684243720444069,0.6692385331099695,0.7657347308094478,0.8968046623794211
m149,mase,1.0628582617012756,0.8591709800049327,0.8518324385878986,0.8527097565508572,0.6486451942740287
m15,mase,0.24084469396306957,0.21478324605887703,0.3220606058501058,0.25964658402536167,0.5993749063425133
m150,mase,0.9418250046644417,1.0191508683452497,0.9827198726013328,0.9500280141535006,1.010335698997409
m151,mase,1.9163357116139164,1.788923761051206,2.109364697163595,2.1883749093261673,3.4540519669301357
m152,mase,2.002351883631394,1.975175667563517,1.8128785726964924,1.9848023009617437,2.273238043869112
m153,mase,1.570780680201075,1.522982595632742,1.4405766392613317,1.5802366995596673,1.7342342342342345
m154,mase,1.6260759290564868,1.4754143555025059,1.547094110514604,1.5363659655310231,1.829847908745247
m155,mase,1.2653910705308873,1.1807728634604924,1.1223037848492714,1.1785339226702598,1.4398734177215189
m156,mase,0.7611572764069657,0.6668185646369417,0.7848465213522993,0.797188533847164,0.6884274474653919
m157,mase,2.2376401325536213,2.176955656116716,2.2260785841253488,2.180727644792692,2.1473097112860895
m158,mase,0.6671854380509264,0.7018726083586256,0.6532508246332621,0.7201291182630067,1.1016187050359711
m159,mase,0.7278396910860057,0.708742758480589,0.7452061527090477,0.7367033161724595,0.9455527847049043
m16,mase,0.5751996259498371,0.5503561142068427,0.6459980253120926,0.5852586705217153,0.980615516929535
m160,mase,0.847596190995239,0.8681277618665085,0.8051881501168916,0.8216882715321551,1.10479797979798
m161,mase,1.304523455115558,1.2882871402022267,1.2580837979436772,1.2513540125305336,1.4538707252912437
m162,mase,0.971073922621709,0.8494866674294881,1.2700411114811927,1.217648723746858,1.8609822119102861
m163,mase,0.823720826043023,0.6998882823520236,0.7412140369415283,0.8579708735148112,0.9982638888888888
m164,mase,1.6169289558788247,1.5002205836751592,1.522249616464832,1.4226443041060464,1.3565891472868217
m165,mase,1.439001526495423,1.366365712098401,1.4364536490905966,1.4269602354929503,1.6203703703703705
m166,mase,0.6802570254468431,0.5940768469453632,0.8417750904929782,0.8874582898096565,1.3161559888579386
m167,mase,1.0954682356646273,1.020781523516389,0.979008590283037,0.9573350763645302,1.0204081632653061
m168,mase,1.326579491599582,1.329188014466802,1.3483100523664622,1.5571812048308902,1.6634980988593158
m169,mase,0.612211101667405,0.7669487931641525,0.5622845197284535,0.5751699585692571,0.7563969571230982
m17,mase,1.4507124975718575,1.5042364136932391,1.5438579753317323,1.5196813992300113,1.8850836501451724
m170,mase,1.3245783990752504,1.4174278736569936,1.2544393931100113,1.2653385042119505,1.0446513849092647
m171,mase,1.204040242087554,1.1217780578574603,1.1052805340939753,1.2302315207941905,1.2753485424588087
m172,mase,0.43706466522249254,0.4664690755727671,0.38380604484085834,0.46574750136274196,0.40948734311848545
m173,mase,0.9337485441115506,0.9296200581085987,0.8583002389326394,0.8871935548266113,1.3087606837606838
m174,mase,0.3531076458493121,0.33879612309272306,0.36320227567706154,0.44785114033520435,0.5389183284525636
m175,mase,0.5856745356605166,0.5790981338137672,0.5543053944905599,0.6214217912583123,1.0416666666666667
m176,mase,0.6125648311087618,0.6083609144198925,0.5689683780593229,0.5832284410488574,1.0428126145947927
m177,mase,0.6920552780199503,0.7308265974845044,0.6658843769510713,0.7151789900883014,0.9430862250262881
m178,mase,0.6598712785605463,0.6096065925782309,0.6105169964121194,0.5885028720128365,1.293395714673176
m179,mase,0.41105083048192,0.46693384495703627,0.455704339102631,0.41487191081350394,0.5009541984732825
m18,mase,0.5739228609088234,0.46867295547856147,0.6124451344884541,0.55075264959359,0.6475916305325559
m180,mase,0.6654766709232846,0.6676716902788487,0.8089986808500386,0.8717403242257774,1.284052942688255
m181,mase,0.9756497484359016,1.0261458925563334,1.023823020812805,0.9745332970680488,1.1802025955600066
m182,mase,1.019181936316663,1.0912637520813497,1.1993650048143556,1.2151013324017943,2.116194841376831
m183,mase,2.6797605698633693,2.989064103614008,3.1190788695890523,3.0692191255482077,3.7700555449553734
m184,mase,0.8980599487098285,0.84183019205636,0.9484476487950448,0.9228508937947317,1.0922572918134423
m185,mase,1.661058995202295,1.5263572271358261,1.4706691949888877,1.4159814677948142,1.7248986816601792
m186,mase,1.507755955012204,1.4977647261887534,1.93318491860554,1.7429974960665637,2.802874144454647
m187,mase,0.7651565852842133,0.8863904991986035,1.054365563088234,1.0455913871415925,1.4180757649671134
m188,mase,1.106448067603051,1.020320072404806,0.7532776364305632,0.7408888963071599,1.133151364882471
m189,mase,1.1584994464498455,1.1246507104137897,1.2808163238707115,1.236073146499269,1.4549694812071288
m19,mase,0.935147645217069,0.834868736281229,0.9557161680603634,0.9445818638698369,1.1803668767023603
m190,mase,1.8020125630763302,1.736382619503709,1.7798332726712591,1.8693729675782842,2.305323257915345
m191,mase,0.6794843724168083,0.6945077002721912,0.694880425905388,0.6364981162815792,1.4386796576077197
m192,mase,0.6581565688903442,0.5675761102733617,0.6638708361038226,0.820672553623085,0.5448524789321931
m193,mase,2.505270846469429,2.363344884303873,2.4471353209530977,2.4241908870360187,1.7814465408805034
m194,mase,1.1270849977042952,1.167536274028865,1.029684050978675,1.0870113641723953,0.8418453935098845
m195,mase,1.3688535419265226,1.2099329181788174,1.1785784620316984,1.267866740629719,1.5575769339356293
m196,mase,0.9373361053474565,0.7599488729912429,0.9483939730092541,1.0314243524262094,0.6162176877975578
m197,mase,0.9818315436115194,1.0595711003447164,0.8548708956602754,0.8925570539553805,1.2130130898513252
m198,mase,1.1748788670033257,1.153327688152357,1.2273293860460752,1.2036850663042231,1.5254976799880258
m199,mase,1.2835234423218433,1.211844597591016,1.259407265816921,1.210633989971416,1.8101362708608477
m2,mase,0.6685871445706406,0.7720194995513624,1.0014066176031262,0.7984788103089905,1.2494464372943241
m20,mase,1.07369195003624,1.1147113391900594,1.2454170876274573,1.346877081429301,1.0667330025940251
m200,mase,0.6600780901782051,0.7063860462790807,0.6521529678634044,0.6640723961684678,1.3114120235552966
m201,mase,0.710660484528154,0.49729785349692884,0.6693261611014463,0.6623020488022583,0.770713418997542
m202,mase,1.0914288008324746,1.3266776657129487,1.30865195581621,1.1341163730740071,1.6569359806041541
m203,mase,1.3912069085503571,1.3831218010250217,1.3572924899581285,1.24795189636929,1.8154556251349598
m204,mase,1.2963751438158424,1.3832521748512248,1.5293522917165088,1.3949225671072263,1.6271644764931923
m205,mase,0.7779143128391681,1.0411734927411467,1.0048193637579539,0.9060921743685213,1.953619805441207
m206,mase,1.165806970262786,1.2245670223717648,1.1808415758855755,1.2578027648050643,1.1911040458824262
m207,mase,0.7849788256572277,0.7469319848784743,0.7949268197521435,0.7411008614351619,0.6721511937624097
m208,mase,0.6258920172414495,0.4894058108912408,0.6029366009108814,0.7689412910703489,0.5528711756483926
m209,mase,2.2181612216836957,2.0788135251763946,2.187296528658563,2.1346177333736973,1.2082621144655048
m21,mase,0.8857014694517881,0.8879626795005895,0.9365695978134958,0.832127932822432,0.9965662357159398
m210,mase,1.3271337600685325,1.3911212280846386,1.2132528722052263,1.298823856443665,1.1402102924718969
m211,mase,1.13052408359575,1.0564238483348742,0.8806740164356086,1.000755825920883,1.32695126240913
m212,mase,0.9065469718708501,0.6355893850931357,0.8819736271411772,0.9007035890735415,0.5507805951968531
m213,mase,0.6319588219175731,0.964500577117896,0.7116386940740619,0.800569906591611,1.0806776410656453
m214,mase,2.765107103390281,2.5069976216333556,2.9582620721341923,2.69408534512145,2.039784603393914
m215,mase,1.287209332305166,1.3606487350884258,1.4763129765189211,1.445457665209763,1.6935914084161021
m216,mase,1.2192514258562759,1.3594133032247124,1.5312114218845085,1.3307116191062613,1.4165382798216963
m217,mase,0.9438928753332326,1.2653358557810694,1.1919143111477184,1.2000011350898987,1.1887500103434865
m218,mase,0.5677171313668469,0.5931328170405411,0.6161560025405117,0.6061350396379153,0.8296560529721098
m219,mase,1.7090672518089132,1.662883413456266,1.6948386499609343,1.6452463990374788,2.173054527305245
m22,mase,0.7165361562231249,0.8111372737287855,0.9166624463095336,0.8272828167622034,0.7578788476009602
m220,mase,0.7720512253293745,0.8925464007156491,0.7616158791714384,0.7948008582029606,1.2402374780500043
m221,mase,1.0339727274805404,1.0787714497524716,1.113001201873736,1.0989530964710703,1.5488989525356933
m222,mase,0.729212825234638,0.781808893645015,0.7688920772230133,0.7656207281394461,0.9414381113561797
m223,mase,0.8341084412843627,0.9190121361231613,0.9789882090599747,0.9632560691813445,1.1824158604714539
m224,mase,0.8268742335661677,0.8437922404208881,0.9304729220146656,0.8641027031749902,1.2318066157760814
m225,mase,1.0666124278616234,1.0493945832235045,1.1661729748811012,1.1187193429525748,1.7700890039136474
m226,mase,0.7136880574124476,0.7947881796716677,0.8851386456078436,0.8165534625689422,1.1726971260132646
m227,mase,0.7636767047503213,0.8403294252642296,0.7717752722755475,0.7137418301598112,0.6559841236285873
m228,mase,1.8193227499420164,1.8346005297901253,1.8078452230881679,1.9587159240765866,1.3175769843376692
m229,mase,1.4779630928170233,1.4466180888307818,1.4857853057350432,1.40313123262011,1.735973757352466
m23,mase,1.035518234395616,1.0431680730666746,1.0072034726098293,1.1734040363816576,0.9008029452394446
m230,mase,1.9744500655952362,1.9503904786935335,1.5957468881902108,1.6939599919154558,1.569624137049348
m231,mase,0.6871740262904629,0.7753516297491293,0.696347122885296,0.7014382570765352,0.6509894805709958
m232,mase,3.8922117426285996,5.126153107943399,4.889095768087733,4.847766492043023,5.320191896250946
m233,mase,2.8046182690749526,2.9987449146254095,2.9337266147396974,2.6028998762239017,3.1713973799126642
m234,mase,3.719548784276272,3.349808605619613,3.0314144255610054,3.290428814488922,2.5445272781646517
m235,mase,1.3731563506740383,1.3663829083471197,1.2054219706453801,1.0748446366311,1.1690322267049045
m236,mase,1.5920094541740901,2.069980135959343,1.9326011477573393,1.8457642322499916,2.8433774552185187
m237,mase,0.5081672431474821,0.6318846605648766,0.5613545530332297,0.5680929753184862,0.6880232376183397
m238,mase,1.0327673521281493,1.1144532633519626,1.0805727912442276,1.1315084850064945,1.3690583732235655
m239,mase,2.675588890386077,2.4135629853894414,2.198852677954808,2.5075177678518927,1.8668402549851941
m24,mase,0.7663070907141001,0.8324438891660862,0.8201272618713636,0.7431711222728,0.6914321093489547
m240,mase,1.1520379925991937,1.1167171953460984,1.047653233771556,1.009637098710424,0.8611711868479711
m241,mase,0.4740994895333922,0.5582050758580223,0.4864466734368868,0.5187306368064524,0.6779833329526649
m242,mase,1.1965936939222204,1.040420738582632,1.1333142252789128,0.9788024934090837,0.8222576523400839
m243,mase,1.5482612566850487,1.5374518348097046,1.4383028432296312,1.556674015026348,2.480032887009631
m244,mase,2.147255021500527,2.094124256587535,1.9370542896789267,2.063908000494349,2.163737499260311
m245,mase,1.2029470215800995,1.1032039424638016,1.137979489015469,1.2741914150095608,1.5424466255185674
m246,mase,1.042977302894449,0.9037419960221136,1.0797761804810044,0.9029190058311405,0.7993518647577706
m247,mase,0.7232469268282502,0.9716364960995931,0.8810600612940915,0.7657456777105144,0.905922419584134
m248,mase,1.5670702194459176,1.4787206209234751,1.4388878631747057,1.5393712744753585,1.8484559422059423
m249,mase,1.2120724452270546,1.1527630816522878,1.159007420521609,1.2023424946888241,1.2863015823766677
m25,mase,0.6275456004548936,0.6383494195748933,0.6091489758485953,0.5680873804081279,1.0628719369894983
m250,mase,1.4599534305343709,1.4786177097420017,1.5238107462508015,1.4720820778505879,1.7582134923418682
m251,mase,0.6469545907762425,0.7877670540799224,0.7508784545005126,0.7744755398065506,0.9633521633072282
m252,mase,0.4508423800971726,0.49692843851761653,0.4927042283824177,0.4678458573779821,0.6808894230769231
m253,mase,1.5437931803962917,1.516413159767426,1.382460056156675,1.5334584349226132,1.5128310916742307
m254,mase,2.3718132890991734,2.4244310303170247,2.3845410830003826,2.4635090550284575,3.3467644473742033
m255,mase,1.3143962171338286,1.593536159735574,1.1698342901271046,1.2291085609456707,1.3975490598571312
m256,mase,0.5627640598444344,0.6368297133229177,0.613626613404727,0.6999641944230464,0.8081511293189795
m257,mase,1.0783321977863625,1.096262936186535,1.2094049191315923,1.185783731261011,1.0232719575756197
m258,mase,2.332159631336655,1.9509054867391873,1.8830809613557076,1.9889475472590217,1.5829617683331754
m259,mase,1.2688092408069533,1.194296990384734,1.2939343849211866,1.2982356126905195,1.1776446788679884
m26,mase,0.5789186628655569,0.6709240132933412,0.6264995124877349,0.706010930850495,0.563599221629466
m260,mase,3.3966195574704305,3.177847444479945,4.002311773415049,4.219334379044303,2.3931789246890607
m261,mase,1.4522372919821014,1.4665344032396908,1.380213986485803,1.4375383035084324,2.0434518013631937
m262,mase,1.3908222574334996,1.478105378317666,1.3764299488925076,1.4235532100384052,1.8232080419580419
m263,mase,3.169215564100005,3.2329996367352845,3.3027607610984004,3.4585774909305442,3.5990634005763695
m264,mase,1.7231609332683038,1.3308489315834007,1.7336717942747304,1.9605654129690833,1.4432566731584375
m265,mase,1.4159746544733027,1.449601430422391,1.338444437441415,1.436476495329529,1.617759730309531
m266,mase,2.696033516354183,2.5122574251926513,2.5574959077558113,2.607268015634804,2.863983506633202
m267,mase,0.9465876108335698,0.923868327639978,0.87427627885152,0.8590129604460546,1.6242351763266214
m268,mase,1.8574528536145314,1.835155069051233,1.796914963028055,1.8866708445720397,2.385234644380808
m269,mase,1.6371571038568098,1.779917071134255,1.8924386180010255,1.988981780886996,2.5821117484597407
m27,mase,1.1961024127168485,1.1691123739055131,1.2638561362569025,1.3357988423576614,1.2147810080940014
m270,mase,0.8855596943616181,0.9669958955616359,0.9808191019107697,0.921385763151845,0.6451413904899136
m271,mase,1.4703049207361079,1.2224286962696211,1.2870385261856554,1.1911561928055905,1.902167626843428
m272,mase,2.045321222921991,2.002400841306315,1.8574248365227493,1.8643882116283699,1.7068062400052217
m273,mase,1.8793788055593712,1.938034939486071,1.841865219965146,2.11489146962012,2.2504690275771613
m274,mase,0.7041876295734513,0.6880243549944443,0.7466575370700811,0.7952768128070723,0.9255610912166821
m275,mase,0.5548270238878846,0.6949075452950572,0.5958888117836023,0.565828929535927,0.6062181374434429
m276,mase,1.2857165337772756,1.2623533621805016,1.2300530075881433,1.291760137146905,1.680475042714181
m277,mase,2.6775503209461546,2.337140218800638,2.162211287147295,2.0454175992761057,1.681999424384511
m278,mase,1.1912680855476887,1.1104788970876112,1.131006267705451,1.018930121544644,0.8997730593465353
m279,mase,0.5175211164114242,0.6796107248519505,0.6365090811855468,0.5476499165912376,0.6538341584941916
m28,mase,2.68217014911158,2.525835620773518,2.7001171002561093,2.4522607575179305,3.026296139554774
m280,mase,3.212826681867724,3.1456135043068714,2.245767986702789,2.5660760931937046,1.073736796845141
m281,mase,1.2167780154395595,1.2529561353781489,1.1140020282702356,1.1429189413894727,1.0038060418831294
m282,mase,1.3758460472444063,1.4331025149095504,1.3020836162057152,1.3365243647087133,1.4828173374613003
m283,mase,1.643296025020515,1.6350524533292519,1.6597507296563265,1.602536559336063,1.5228212062455353
m284,mase,1.8918633820462376,1.9017511763079236,1.1237230937373346,1.5620137636998446,1.0999054309646041
m285,mase,0.8569268810110038,0.8423053667417515,0.8926319982560417,0.8625790661231867,1.3993530499075784
m286,mase,2.2412061732516424,1.618306920680559,1.650222634942056,1.9624989952086964,1.800585115581945
m287,mase,0.907592632338108,0.8596119532941474,0.8678329113950597,0.9195567031843161,1.0307735636500186
m288,mase,0.9954480684814258,0.9546618617179261,0.8808080957558798,1.0848067168564126,1.1128319761562617
m289,mase,1.1571026286973145,1.1179944152463315,1.057294456049275,1.048755318953482,0.9402604376426366
m29,mase,1.6215362254560404,1.6339708409422635,1.7036335462182655,1.8614999193013104,3.3100216627479986
m290,mase,3.804962626255828,4.2772752104213225,3.9796468738382003,3.9545855757325157,2.4941847560704935
m291,mase,2.286299851110064,2.463446094843484,2.230740109880479,2.0643313541524044,2.8278452007128916
m292,mase,2.9471637822260313,3.3628751459767163,3.0411839258350017,3.0252090261241085,1.5056995786898613
m293,mase,3.235332931529228,3.063783821440429,2.2194694419956176,2.597269734548982,1.3060712327731252
m294,mase,1.2930477297944225,1.3092102900297744,1.2357201267802953,1.1723727470170835,0.934483958940751
m295,mase,1.3509360435134836,1.3683018799356474,1.2260618957928224,1.2623697855802964,1.5078799297298673
m296,mase,1.559488429143679,1.6523683161086802,1.513740610401608,1.4963845958572375,1.3748621056220791
m297,mase,1.8538922570061043,1.876440093140484,1.0750717863701604,1.5257383247084626,1.1297561409587669
m298,mase,1.1689736607910455,1.2480162251275888,1.0792724966117284,1.224186892631278,0.5314196261509105
m299,mase,1.8581415152636651,1.9213533161042817,1.7062047136221012,1.7339262933371857,2.2194904313487243
m3,mase,0.39916198409166886,0.5288672059535738,0.30870202942579367,0.28574142479396597,0.25672111670210135
m30,mase,0.5722983622569886,0.4806789873159551,0.34631349349911483,0.5290905355443234,0.46460898954974555
m300,mase,1.2233660544648446,1.073799733622177,1.1205702245712665,1.138876973688382,1.4674190943954786
m301,mase,1.9063702057361742,1.8613946566754391,2.073582403243902,2.142676113207541,2.0548005048053586
m302,mase,1.4262847538548578,1.4931757774260637,1.2930301065647034,1.4802410851637793,0.44830037891254626
m303,mase,1.3420358367987133,1.6890696911045198,1.2103851590742998,1.3113467034202497,1.4282340326880723
m304,mase,1.840644184352649,1.883863452655652,1.7344847107836356,1.692979113935084,1.8890911573294498
m305,mase,1.6826477864092277,1.9729413745953213,1.5066550348764958,1.6460355761640184,0.7775368331070549
m306,mase,0.7372873521196297,0.741457787457933,0.5852597140833851,0.6476722325990775,0.7186539740868629
m307,mase,1.2724809434772968,1.265023872090784,1.227926113615032,1.1025750561147447,1.264049311417148
m308,mase,1.676701998877997,1.715828442162743,1.8004620786373524,1.7744243543925524,2.2282705807275045
m309,mase,0.6932738322889809,0.7032064102260189,0.5366758328852462,0.7817721145002227,0.8064296094190219
m31,mase,1.0370142217469338,1.130937652330001,1.0320470485592914,0.991204960137389,0.8900268246166251
m310,mase,1.4959749797472022,1.3969926663889611,1.1483933325652658,1.2662344351518688,2.344061545264512
m311,mase,1.5598032524452679,1.3625116387842013,1.6840674891018141,1.7970625822393826,2.003881267392472
m312,mase,1.9810634406990313,1.9285196415621408,2.06728274040575,2.1284450011750504,2.083347607628183
m313,mase,1.7644675529555343,1.7822325174263618,1.767718861193496,1.733006375884769,1.5783794145505392
m314,mase,1.2946141814946672,1.0567603743331146,1.2378858943541051,1.3330050142084244,1.690501095835824
m315,mase,2.102630582143663,2.0353491123754504,1.9238198024653572,2.0062918039816493,2.8874190377052975
m316,mase,2.250741697339864,2.24114780291381,2.125021353237495,2.1047878890880765,2.521847913501921
m317,mase,0.8447367632369621,0.762740849204009,0.7068435064536712,0.7230302578084425,0.8978894779771615
m318,mase,0.9945216093185387,1.0007140897417108,1.0043004880618358,0.9421976053619471,1.228123006491801
m319,mase,1.3046843664986747,1.5049561625653571,1.0908491503406357,1.2398377660211626,1.5270271720467032
m32,mase,1.3626619896389696,1.465886836530068,1.161227725771728,1.3760471753439887,1.445817701438071
m320,mase,1.1806540834164856,1.298582400636432,1.1297322611310017,1.188777982277241,1.1399927756449677
m321,mase,1.02934071606554,0.846306736698002,1.137218112053275,1.1056977400238364,1.2734785974418974
m322,mase,1.4611734076672176,1.3416609053359014,1.4001676360716164,1.41450100929409,1.467303038764019
m323,mase,2.006830724602607,1.9901560914589884,1.9286797694520212,2.0428926695054073,1.8401512234770705
m324,mase,1.2182217458844387,1.2169225982661342,1.140228383011572,1.507380214161554,1.0558367136078373
m325,mase,1.8788657019905157,1.8779433169636124,1.2808150003807104,1.5778958917006618,1.2406519680206565
m326,mase,1.1612926181898726,1.1661952237305613,1.1867552785317357,1.138969457049372,0.9703875689733947
m327,mase,1.3886741503704612,1.3018700645727435,1.224354509878957,1.3460949793764982,1.439047626277195
m328,mase,1.447721112986908,1.5620306662423546,1.4063480187893607,1.4095418712486798,1.3850022069487358
m329,mase,1.094233433495297,1.1540448888492376,0.684861004400402,0.8008811768578538,1.180786657292399
m33,mase,0.6577518909839527,0.8505674500248107,0.8834273136465545,0.6830368022078538,0.7721733744200271
m330,mase,0.9933818792148573,0.9609148681708729,0.9189860760183006,0.9631620093629801,1.1113040817795694
m331,mase,1.9264596974584551,1.814827513207753,2.0488337495572666,1.909751710618998,2.5574670903313668
m332,mase,1.8573866544024242,1.8418570386388986,1.823867288104938,1.8266532403607025,2.3222895252080273
m333,mase,2.500222745043938,2.5257950900713637,2.5336296106923255,2.4953846435434075,2.3468423275953114
m334,mase,0.957997868186595,1.167101299142153,1.1783883643938764,1.1470674559649812,1.6213855352945203
m335,mase,1.4223510554690268,1.3815321310895512,1.3248067917958442,1.41643582312092,1.2757866960734119
m336,mase,0.9598866432757143,1.086593810125507,0.9782184968657283,0.8858128741583989,1.4554087620929084
m337,mase,2.2091448253046386,2.1509002530791226,2.155384091334546,2.1800274975747547,2.1470793171524796
m338,mase,0.8337523872837672,0.9626384410238558,0.7324472139675016,0.7635041708607125,1.106865671641791
m339,mase,1.2358656994349373,1.200549698999183,0.922650622851756,0.895100500077241,0.8963505253903797
m34,mase,0.6923066785389942,0.7905438285773073,0.6873355951654557,0.6700844439990351,1.097463957316381
m340,mase,0.5411406906777371,0.5458949127286703,0.51142729578449,0.5965499955598927,0.46708895904243836
m341,mase,0.8788064004489425,0.9762874646234289,0.948442965168301,0.9022259370015516,1.4285416121005763
m342,mase,1.5761728085063884,1.4846931227067794,1.5323179038282357,1.5316026972693861,1.7273189258585642
m343,mase,0.549896129623684,0.5843353568805911,0.5473734678752177,0.5558069308079887,0.7040863962699636
m344,mase,0.5065366612625789,0.5169001929742641,0.5340127282177579,0.5462886129105854,0.8411487648395363
m345,mase,0.9684150979399556,1.0291222935170197,0.8632512152341016,0.878037867347469,0.7785386769338468
m346,mase,0.9639374321432737,1.1377128980648044,1.056627929679103,0.9535795187289603,1.735442569949612
m347,mase,1.7823660375699117,1.7194606736897653,1.6834738158119575,1.6929792455571278,1.9640588556399188
m348,mase,0.6379345617556574,0.8181259344999183,0.7074671312383216,0.7085772769505011,0.8854614078031108
m349,mase,0.5254502997297553,0.6095443363089436,0.5664782677860941,0.5655662956036174,0.9807562282955516
m35,mase,0.937588334430291,1.0820230542534173,1.2395414077858604,1.118740195417136,1.8303978938413255
m350,mase,0.5352115457619505,0.7116019574574868,0.9289746527831096,0.7267317971360853,0.9210423477471696
m351,mase,1.1761815659279364,1.201434200787969,0.8396871285089595,0.8252125705762294,1.1464886816303002
m352,mase,0.9404274395330499,1.1462449855435115,0.9194227232920473,0.9415916739819126,1.0484628446383812
m353,mase,0.7695607936058282,0.808972083735692,0.7884432932351441,0.7383947667615142,0.9299136550295644
m354,mase,0.5083229953437849,0.4369504658094766,0.6405691140785216,0.5191720509426717,1.0192671762153578
m355,mase,0.7104878621650772,0.6081602347231821,0.9379778215221197,0.695115746482442,1.4626294536140136
m356,mase,0.8640012633295842,0.8031250695176079,0.6021372660204162,0.7086423066587413,0.7843903272421819
m357,mase,1.4161894100355086,1.5375953708015602,1.8070367017870657,1.5940927804295943,0.5157226846731474
m358,mase,0.7136861062294252,0.769377701340367,0.7784819417798429,0.8030556197329994,0.9842717210671382
m359,mase,0.7685580468437674,0.9622892897975525,0.7896388698770479,0.7231206709264327,0.9625636665318353
m36,mase,0.5513436760664435,0.4805119808221367,0.5766269970110425,0.6012975119610992,0.9282440895601207
m360,mase,1.899312630741698,1.9330183446742768,2.0000072066693733,1.9769555703430908,2.1349181410559157
m361,mase,0.8074627856362833,0.8395494092077684,0.9015609903106429,0.7477490552526574,0.6980979220227175
m362,mase,0.9726707137595234,1.1253277291019121,0.9162202960320127,0.93994751043612,0.5900472371745579
m363,mase,1.719720146554982,1.877828395900154,2.011940968598695,2.1394323177485464,1.0982927568441256
m364,mase,1.4704679500507647,1.510489292156312,1.5215370580139835,1.548962349956076,1.339036262565166
m365,mase,0.5308278194441253,0.5369610206212515,0.5137770583909737,0.5250234229582692,0.41229128846198043
m366,mase,0.7051156646103489,0.6858583173471589,0.7342706369483247,0.6955582602578194,0.8307435440783615
m37,mase,1.0408408103858489,1.0247378563032445,1.0094870587757228,1.030028491572854,1.1953654603583248
m38,mase,0.9936312050509075,1.0511188043003796,1.1425160297362924,1.2407680668298462,1.0494205519215494
m39,mase,0.7819153593070429,0.8447320036744403,0.8781842716095033,0.8147499702613596,1.1475812532847882
m4,mase,0.6380155181059451,0.7459888056672461,0.7578494215022479,0.6964489052796327,0.9965877399854156
m40,mase,0.5951185993736583,0.4874053236151992,0.6349950304608151,0.5412674139237897,0.8739506251702029
m41,mase,0.8977600844463705,0.9419056510685372,0.9337380907892651,0.8636767518263536,0.8592655924644511
m42,mase,0.9513253493616005,0.9735087966506135,0.8951116514687261,0.8862582075929782,0.7670492646667494
m43,mase,0.6134575490794013,0.6574741490217022,0.6149467116754651,0.6051968585083283,1.084996251498724
m44,mase,0.6237073994451819,0.6658780560820081,0.62157945058951,0.6997871035094081,0.6420433932897216
m45,mase,1.2562394679020146,1.205187050238428,1.2254061228663502,1.2478300474375672,1.1139236117447398
m46,mase,3.0442778241243516,3.0450168341501125,3.05253489205342,3.0650217818755485,3.7881573175151155
m47,mase,0.9648978756759584,0.7409833266996894,0.7804012518587232,0.9051585633611794,1.0633564023458126
m48,mase,0.9365101919974738,0.9425693860449444,0.7483758038314121,0.8692173772801092,0.6271042187823274
m49,mase,1.0404533177417845,1.205832720648741,1.3085364986058121,1.2426500663621984,0.7750649391789153
m5,mase,0.6942137741472161,0.5663182691962688,0.5826713586590745,0.6572096809311064,0.8340772167272102
m50,mase,1.9688247917798456,2.0726438004599363,1.7110421446273583,1.9504638045802478,2.005355358963532
m51,mase,0.5710678112188957,0.7046756099905311,0.6813191225424183,0.5745222341975814,0.775281577370036
m52,mase,0.7794587148763267,0.7880103446029187,0.6470150615700815,0.6772316674267911,0.8893100833965124
m53,mase,1.084238447368194,0.9992339580366928,1.081684936725568,1.0365878222638283,1.377286798761709
m54,mase,0.7040616599462365,0.6298502009789004,0.6242334113156827,0.648980681933455,0.8679955366200041
m55,mase,0.6934751506663145,0.7116563984882718,0.6082402843310041,0.7384942134423969,0.6698888451549585
m56,mase,0.847190257946365,0.8685953982437098,0.9884231010492701,0.8659109945980376,0.9511629345540022
m57,mase,1.0710112539030665,1.0603591632384377,0.9840312974196173,1.0376804142830336,1.1998549180107647
m58,mase,1.2979473560711228,1.019337007929486,1.2118294666174865,1.1642135677679792,1.596081299561167
m59,mase,1.0093221414625047,0.9635479826901656,0.9354501543109807,0.9825762359826384,1.0555136358736659
m6,mase,0.6252249398799946,0.6376768209194152,0.7131043756752979,0.7218493718390446,1.0835374743782158
m60,mase,1.1836277504288142,1.142834375607609,1.2275308397374183,1.075770167467135,1.0611533586818758
m61,mase,0.8380627651343823,0.8639303077180501,0.9117672490493008,0.881254776947286,1.124769033969773
m62,mase,1.5378384617491787,1.1833850677286586,1.4035978166635141,1.495499425257225,1.7692062640421178
m63,mase,0.9809411256822255,0.7238065785914966,1.0254190689501104,0.8807030603042373,1.5662484610423875
m64,mase,2.228152600120254,3.041332521401716,2.764876522541824,2.7442534347134524,4.298530031708792
m65,mase,1.6379202155002242,1.931215969998782,2.1733660388493634,1.8676784681315353,3.4237006617666292
m66,mase,0.5190864225817032,0.5998728146253046,0.43434982941011224,0.5105699411224213,0.6592505460559819
m67,mase,1.1426047685626943,1.1003292959954272,0.9800305363627241,1.0116031507600456,1.059796437659033
m68,mase,0.6883462076065525,0.8178975040792893,0.603359818811567,0.6840188235121926,0.7061703027739167
m69,mase,0.7142074478668512,0.6305226315570567,0.6391847908871191,0.6237098163455582,0.8225934641337718
m7,mase,0.5441570111453818,0.5139217021192718,0.3348707108490252,0.35572215996386136,0.33569241986725074
m70,mase,0.8737855555959616,0.8338700744244839,0.7934055009737847,0.7594969061631272,1.0813119558658737
m71,mase,0.8564979777278393,0.8520291744425857,0.9941683631737923,0.9939631245478012,1.6525323991548344
m72,mase,0.3984098393018357,0.3020753580965021,0.32137914332105955,0.4235761222792427,0.9523976981903352
m73,mase,0.8381375913209755,0.7613389685775118,0.8142420526549302,0.6311143429430581,0.5769820687984986
m74,mase,0.5856967231748071,0.6280668513933785,0.6022291408114516,0.55802161149343,1.0365183004119574
m75,mase,0.8493649735786515,0.7761481053511802,1.0170068083071842,0.7971446969050211,1.3097121575194155
m76,mase,1.4377756945193612,1.648320464452095,1.6200258098397966,1.4606970390040779,2.1281225467501357
m77,mase,1.4657389115716621,1.345705410575878,1.4429666719429362,1.456201361223964,1.5606944906872444
m78,mase,1.186384253061551,1.1364884972650848,1.2808871057535753,1.2583361009947789,1.3436964826768543
m79,mase,0.7226000013651291,0.7668346378978222,0.7671933746893294,0.7601986277201362,1.1297188615800602
m8,mase,0.25132290294290927,0.25017086053878734,0.2804209060797092,0.2580748322711238,0.39854448278105087
m80,mase,0.8129980732945462,0.8294039161933564,0.956383851628789,0.9489812839130901,0.7897097884899162
m81,mase,1.0049089900789117,1.0036831871873122,0.9680792889697503,1.0099215592302793,1.2377648650002504
m82,mase,3.181553244705538,3.152485225096434,3.005292017198633,2.982695246211095,3.584223955324475
m83,mase,1.6470596284250256,1.880387120393849,2.1597929457515535,1.8874197668799244,2.2141737767717222
m84,mase,0.990681305105756,1.0469134418020356,1.1499165314602768,1.1175702694888363,1.407484089545567
m85,mase,1.4938389436831834,1.4302837969186928,1.4202381365962051,1.4273183201275434,1.8840065876755574
m86,mase,0.9560440092268188,0.989622062518243,0.9833481384208068,1.027986583810515,0.9020300311589541
m87,mase,0.9821279712768938,1.0014059292561663,1.0173231445861735,0.9886088338598407,1.0304747224363113
m88,mase,1.1833505799784463,1.0751221655525078,1.1059492656942949,1.1445288260398554,1.2537966453521663
m89,mase,1.1127736395023449,1.0222645408971627,1.2428417734405637,1.1552349621512623,1.4875199263471064
m9,mase,0.7662922553074977,0.8437114912809746,0.8779560121914732,0.8123248228746994,1.1842062512184026
m90,mase,1.0963899476185779,1.0849415642885336,1.2480360307298861,1.2740983323465562,1.5915650286165384
m91,mase,0.6635668625052658,0.6888236197756242,0.709463375792121,0.6897719560593587,0.7487860559501377
m92,mase,0.37232167514859194,0.42045718997232856,0.42240346507735277,0.4032596388617743,0.33326814185665327
m93,mase,1.0659971240890367,0.9306902369029929,0.9550357162579074,1.1886467004039643,0.8985971316255563
m94,mase,0.715094918642067,0.7760107859856147,0.7588531770700886,0.6805685735793878,0.993212502311818
m95,mase,1.1260774348694333,1.4374381205513949,1.5050864417328678,1.372380516387331,1.7205836998115254
m96,mase,0.861986204637291,0.8277877028362692,0.7307608723538365,0.9049142947300346,0.7747211344149246
m97,mase,0.47395503671936445,0.6338435458667703,0.43971008734038786,0.4802377043380423,0.5145801403565379
m98,mase,1.6404502818600084,1.4432058882116394,1.306275504997479,1.6518018280491003,1.338758535279154
m99,mase,0.6692433781474655,0.8271529589226393,1.013954347061403,0.8188522760147388,1.5443706224113583
m1,smape,0.02571970096385577,0.029236255996378715,0.044487659008227876,0.02780003942342703,0.04754648411526777
m10,smape,0.0361234553404104,0.03597292138680488,0.03761075868199729,0.032575100130878755,0.073536630754826
m100,smape,0.07081117320932384,0.07285585639368249,0.0661872632438488,0.06293750108488709,0.0831351660369045
m101,smape,0.05795013273772914,0.0647592658921894,0.06143250611578699,0.0621809985496986,0.11117227894689398
m102,smape,0.07996344137813892,0.09502426269127845,0.0852798548568978,0.09313330814694533,0.05532024984343819
m103,smape,0.08727480083452642,0.0748060267527907,0.10115496310996736,0.0990282752604872,0.09177557605461134
m104,smape,0.07817098610552743,0.07789149613153087,0.08966340834792731,0.074589144393201,0.05567029027531934
m105,smape,0.08417182878347813,0.1016973243216432,0.08388887493209952,0.07787479483485431,0.07051804605149387
m106,smape,0.06631260926962916,0.06456611357425755,0.06016823901995916,0.06306234738113412,0.07356015063202034
m107,smape,0.04043777052971089,0.03899125732564245,0.039829832573429334,0.04245997020449499,0.061454704208742335
m108,smape,0.03673589803448459,0.033294981352751225,0.029600693313645204,0.03900053031735718,0.04203569989362755
m109,smape,0.155992165260148,0.15054711461971898,0.14557349259016675,0.14747967007016022,0.18608727873433759
m11,smape,0.05035715791869771,0.0350499041029511,0.02729744497326095,0.030274657990607096,0.0335098749094059
m110,smape,0.06037732243527998,0.06335506585909223,0.06348843325995333,0.06228902551968909,0.052430941128795705
m111,smape,0.15671089973681576,0.15329758531951573,0.14638810326843993,0.1499091770638257,0.1274523950994539
m112,smape,0.08855411480983455,0.09201543445264294,0.09279561021867865,0.09715438253323261,0.10522374498823774
m113,smape,0.015040212343633197,0.013255757929452808,0.015858874257555108,0.016739291385031604,0.03581487902449384
m114,smape,0.04459296557489686,0.05639342093917787,0.043674720831442894,0.0439933581986193,0.09267088673437375
m115,smape,0.026206053943121848,0.033523723929663636,0.03847606154560901,0.03450123822845675,0.05021236950679267
m116,smape,0.08723089211267955,0.07692553485338484,0.06835914920673454,0.06870391025581747,0.10251894648508648
m117,smape,0.14678747399985972,0.13240805091073232,0.11584565999404384,0.12281443838940481,0.1698543230436823
m118,smape,0.06600183694485184,0.06400142571587143,0.05000078045613557,0.05880880412209256,0.0800727916857758
m119,smape,0.07875478021422162,0.07551486540576507,0.07928686277394521,0.07385283549679171,0.10016452069274341
m12,smape,0.044496148297810706,0.047282006371585694,0.03651766347345378,0.04255332597526401,0.04187438870778981
m120,smape,0.014397740862937193,0.016391522710843334,0.016150360797380803,0.01499802044521615,0.029889825689861454
m121,smape,0.10770979939435567,0.11534802824403845,0.09990503140331591,0.09786493257284523,0.082281641500288
m122,smape,0.07095044888114448,0.06441967839488004,0.06649832631828877,0.0711052083871739,0.05904644015319809
m123,smape,0.08138574265023445,0.09077518186828222,0.10478879318212904,0.10326354684491611,0.09208557469654967
m124,smape,0.08906297195246755,0.09608565826638847,0.09306906151496519,0.09914248898646875,0.08535346181057418
m125,smape,0.08659866405622585,0.08909968039858046,0.10025099417517218,0.11508572314446226,0.0840137483535194
m126,smape,0.10779783028609614,0.1013255847307999,0.13186297272636463,0.12629600481016176,0.13557576682576683
m127,smape,0.08221324737977372,0.0891653536855384,0.09765329516021692,0.09421344947846218,0.09477808376527541
m128,smape,0.03038511218690185,0.03264580202807552,0.03452485359182517,0.03304949582524545,0.02624553563658095
m129,smape,0.0982798442301054,0.09367473811083053,0.08180892619096829,0.08585101099079268,0.10351421002520733
m13,smape,0.01795780090014059,0.019405802160406976,0.018641325155152186,0.020391201831562757,0.021706733375743675
m130,smape,0.02854131901753906,0.030314586533320823,0.034459748388095034,0.037840556355638454,0.029555458228245884
m131,smape,0.07427118864928711,0.08389979508135255,0.14391411098662496,0.07424561407746023,0.07412100109770513
m132,smape,0.08943429054874634,0.09831883943872176,0.0844495154040167,0.08553174842532378,0.06731867838068274
m133,smape,0.16365730380984417,0.1680179090438971,0.14153498398089395,0.15392902729707866,0.21217198980356877
m134,smape,0.25670384169559274,0.2648571579741179,0.2008148912548052,0.22984085337921112,0.3334963132917097
m135,smape,0.10112309922776648,0.08910882836270302,0.09184931112017071,0.08714694059818585,0.11203010763851445
m136,smape,0.04473582824462927,0.0520024172230466,0.04848171341911184,0.047826278269536664,0.07388219233674474
m137,smape,0.0276456742216479,0.027364893794469963,0.02280263588130819,0.03644657983087882,0.0387247133725536
m138,smape,0.11707112304641465,0.122698863103832,0.12678127492897875,0.12254166039809163,0.15415690683132544
m139,smape,0.12219326264760812,0.13710363567854741,0.1250939000380009,0.12158097840008626,0.16392208724483376
m14,smape,0.03903009053073598,0.03885468030077375,0.04051222185096633,0.03888136864164212,0.0437882850847231
m140,smape,0.2553380162701739,0.2731629694231734,0.26406655020887576,0.27770043730315147,0.2401103437538796
m141,smape,0.12077319968168797,0.12365830694254032,0.12257604829158726,0.11712975255922496,0.10574249794822436
m142,smape,0.0943641470324369,0.09645204222220881,0.10430823186761745,0.09785562143128014,0.12903093252340173
m143,smape,0.09509478147822074,0.09024924608388772,0.08503424412470605,0.08489778836078186,0.10149047803171572
m144,smape,0.04859977037720844,0.04910358917486111,0.05679603991221854,0.05652225686279135,0.037255204661642526
m145,smape,0.08425182614473144,0.09399685648547336,0.10149992226235562,0.10944770469892871,0.14266309631207533
m147,smape,0.08282921040869622,0.07826079678547095,0.09191795648594474,0.10623052116704386,0.17839647306844697
m148,smape,0.032836831111430424,0.03268704587964507,0.031959996998447864,0.036756740274634644,0.043202717452878965
m149,smape,0.05354703274125972,0.04395637786661825,0.04243097797505261,0.04182448503002112,0.03448782889364018
m15,smape,0.01166576130181723,0.010379446137972275,0.015687369517781425,0.012592857542556284,0.029956391256139886
m150,smape,0.04566715832610566,0.04885279358615574,0.04714842269943903,0.04548067125564584,0.04678402222437845
m151,smape,0.07452449751068309,0.06901062209034652,0.08300637832087193,0.08647548051681457,0.14718228509481449
m152,smape,0.09437408628438394,0.09308327334911166,0.08442021371879725,0.09357079402147105,0.11239274284221852
m153,smape,0.14223855694267282,0.14091948797613432,0.13426839809743477,0.14312004889562582,0.16549330597717696
m154,smape,0.06690097332138724,0.059940018904682014,0.06282302777297336,0.062492973386934124,0.07732699959018506
m155,smape,0.05118682975020844,0.048740362269292535,0.04619824575458705,0.047728391612992166,0.05909642352246708
m156,smape,0.04601875326512787,0.04037187959646454,0.048151931422551225,0.048498834903364284,0.04171353259427821
m157,smape,0.08708523559337435,0.08356193775965187,0.08600445072993375,0.08394415047902092,0.08200254614150009
m158,smape,0.04216181332741239,0.044306306465505235,0.041539483526667594,0.04525571540383266,0.06962659109783696
m159,smape,0.0572753111933313,0.056449632277728735,0.057472198060016265,0.0580800319045473,0.07307272209042294
m16,smape,0.020075951158862754,0.019255617213276847,0.02244660004520264,0.020390914011099496,0.03486046760242657
m160,smape,0.12908443342558343,0.1335891980723803,0.12249756890885727,0.12451102279593475,0.22023809523809523
m161,smape,0.04171175611939851,0.04112192247130273,0.04040581397603666,0.04004535875923295,0.048001291728490054
m162,smape,0.034360081167822944,0.030220766273713225,0.05014091388064986,0.04821898669366045,0.07907912465975168
m163,smape,0.10110795820510506,0.08719350254394621,0.09153565745571447,0.09845901214862894,0.11356458585560752
m164,smape,0.12512693784979015,0.1189671551610479,0.1200766580263663,0.11293572484259785,0.09918942414477118
m165,smape,0.11092342955148192,0.10303430433061288,0.10956058885009085,0.10907609009454873,0.13261167411123684
m166,smape,0.02604708010010424,0.02182920231408185,0.03216597215224354,0.035937900193317635,0.053538465232952824
m167,smape,0.15371918216924532,0.14406866298820498,0.13846035953133004,0.13342522014875088,0.15298513215179882
m168,smape,0.13024291427092446,0.13291544140952374,0.13222847612563282,0.14867053925475168,0.17689712808840552
m169,smape,0.03435731461473476,0.042778624106863124,0.029030403960409516,0.03170061122652853,0.038700004644434516
m17,smape,0.07150841083992825,0.07429174083484087,0.07624329585744685,0.074933111133409,0.09592944616578943
m170,smape,0.16952883641845842,0.18471094210711525,0.1643168716788511,0.17218622176553908,0.15866679616679616
m171,smape,0.15077934960776634,0.13820875590801265,0.1371270841999799,0.15375522873559855,0.1729789654789655
m172,smape,0.021766747470434018,0.023548021663461784,0.019318856867113408,0.023305360137487557,0.020521774137246863
m173,smape,0.060323973096604554,0.061153821457690126,0.05535478327841641,0.057246388419808135,0.09644145594521085
m174,smape,0.014623378809636647,0.014460841065325226,0.015695480356747418,0.018834263437525128,0.02334872344633372
m175,smape,0.07303990130533589,0.0724700402963007,0.07078359197248896,0.07983273303927975,0.13388053094709443
m176,smape,0.034735331674763746,0.03475667374188975,0.03264015626050167,0.03385760305292514,0.06100494253135958
m177,smape,0.05623090434503847,0.05857010360725013,0.05329577872114084,0.05790606322941232,0.07577095248812889
m178,smape,0.028582566683402547,0.02658827248740671,0.026693340874332328,0.025856987004217624,0.05841608753687561
m179,smape,0.08147799564915734,0.08772493461956106,0.09310887642850617,0.075223513015772,0.10279054822002741
m18,smape,0.023833036944807085,0.01928138572275554,0.02539185285857209,0.02265468622464374,0.0270789388806883
m180,smape,0.016544074121058936,0.01701870404718933,0.02033038404556548,0.02205002352335204,0.03461050026854564
m181,smape,0.121421595148322,0.12839248580733384,0.1266207037546264,0.11984436889566064,0.14874445602665454
m182,smape,0.041851718261439325,0.04446736293870196,0.04825849344382499,0.04907749621424915,0.08895105719965658
m183,smape,0.11929382894631842,0.13487328200177143,0.14057141384008842,0.13869553878967253,0.1817485756519304
m184,smape,0.16394923108210857,0.1533891261293048,0.17244178450452544,0.16781883432681644,0.20453780332559976
m185,smape,0.1084219125972589,0.09806229898389823,0.09418130742005382,0.09185021447968868,0.11296136058293965
m186,smape,0.061694874599528306,0.06131066567780565,0.0795919996218926,0.07049967210427611,0.11783112497468817
m187,smape,0.02539859093553898,0.029373827596768307,0.03351721675702963,0.034018051450036745,0.049165719098909204
m188,smape,0.02931636523880017,0.0237183196092674,0.019889161350202827,0.020552711105612322,0.030357748098677615
m189,smape,0.025678789153059493,0.024609481694888902,0.02870585552110325,0.027717986098183576,0.03358232721212014
m19,smape,0.02784402938350815,0.02510209043033103,0.02855899814245777,0.028556151970681707,0.036369833048130996
m190,smape,0.07309943697622219,0.06994417151030134,0.07171755770137321,0.07542415490154492,0.09521517872128105
m191,smape,0.015113552267309977,0.014519107533603881,0.01569173655253858,0.01425022073127095,0.03335482022180681
m192,smape,0.038659008018358566,0.03445499752542633,0.034803752772225756,0.04416859820381794,0.029858897218649094
m193,smape,0.09457821137182064,0.09239432497987066,0.09156522076838802,0.09083980425386694,0.06610986930644859
m194,smape,0.05174440107480494,0.05445291133797552,0.04749033896570195,0.05089586758072285,0.03949046041825673
m195,smape,0.0978618379926051,0.08894960201894352,0.0857751608064715,0.09128138683573177,0.10887155806320059
m196,smape,0.04036143865714506,0.033852804686358685,0.03625480482734452,0.04223244900286895,0.02669893390054201
m197,smape,0.07488207540763435,0.07973021919154429,0.06469862362976805,0.06801672746240535,0.07295605097906922
m198,smape,0.053868412144433886,0.04986999304464304,0.05965826809361935,0.05629579857871092,0.07609120434914333
m199,smape,0.1468571448635845,0.13487679110051531,0.1382799447082566,0.1330905988508587,0.22429031513559208
m2,smape,0.027784053734844633,0.03136980877639184,0.04267826984887391,0.03418258044561111,0.0502152174587076
m20,smape,0.05500936610611887,0.057262660573367465,0.06252583784945569,0.06682110536072525,0.05314966006108889
m200,smape,0.10877566274365884,0.11677915941269496,0.10752428709614571,0.10901913035515848,0.2010883784106188
m201,smape,0.0323744361381689,0.02473480599464284,0.0237428103848753,0.02670976302262161,0.031862454003067704
m202,smape,0.06440454797591535,0.07717962081842607,0.07696531601962713,0.06642997467463654,0.09443798176404061
m203,smape,0.10763729151394981,0.1077003542013092,0.10579958873101275,0.10006400837111429,0.14385542355283557
m204,smape,0.08232511917574988,0.08796411310888608,0.09753125561007737,0.08898275360134052,0.10983642297558671
m205,smape,0.03176423646502882,0.04185582466646546,0.04143219481952482,0.03761435216203785,0.08324256286192991
m206,smape,0.11744620410359974,0.12280522163099016,0.12023677618553315,0.1311034112745412,0.14895520900672846
m207,smape,0.059809838255645176,0.059364505622833984,0.06328088906710293,0.056778184185112705,0.05521086072829379
m208,smape,0.034089154487139756,0.02803927145441189,0.02906777522876366,0.0382515018966064,0.028297588158560167
m209,smape,0.07585763605266849,0.07439948283704391,0.07236517184085595,0.0716281485500694,0.04186340760453047
m21,smape,0.057468645033080544,0.05770794339685114,0.06112401907297144,0.05372283977477826,0.06085486362830825
m210,smape,0.05779750761557447,0.06102860388423137,0.0521015365119438,0.05634391344936799,0.05199599482525071
m211,smape,0.06725427002390282,0.06440291173816144,0.05408491887826599,0.0596753861428585,0.07910967345614887
m212,smape,0.03351373312574169,0.024110311535269446,0.028269358137371917,0.031089047935765075,0.02197027803261095
m213,smape,0.04495658318930207,0.06853639936686502,0.0507182181981505,0.05749516647540313,0.06971380148849181
m214,smape,0.14441644669092082,0.13885221473402767,0.15237554940597112,0.1399376122223366,0.11260206684996926
m215,smape,0.11667617516103679,0.12384918746740835,0.13343640832683587,0.13027649744462452,0.1499687191571402
m216,smape,0.10583343495334113,0.11641083392545254,0.1275169897108949,0.11609749638199061,0.11652105662328656
m217,smape,0.054767719535432635,0.07277711437399322,0.06745724232499192,0.0680605351435203,0.06374032751932159
m218,smape,0.08813844570910072,0.09454453046778445,0.09312734859040349,0.09252894841097274,0.12517051386839967
m219,smape,0.14067945623823794,0.13494550829420063,0.13834350610315246,0.13269671969729208,0.17556399654570287
m22,smape,0.036545528284279226,0.04397970386736883,0.04969976999520775,0.043822968016414075,0.04081166485049662
m220,smape,0.1923373665876027,0.21481535306313346,0.18977129664811776,0.19691575469672576,0.2810937883865975
m221,smape,0.11206326976143548,0.11732475985464363,0.11966010871885392,0.11783893794227056,0.1744918746983245
m222,smape,0.07239146545351165,0.0785239985268958,0.07310400792880152,0.07415896473155342,0.08709425444135542
m223,smape,0.13045896475032193,0.1462785290431713,0.15736302316459472,0.1541964729118875,0.15288615225639288
m224,smape,0.08782110658127328,0.09018794244367345,0.09934515494140451,0.09201149260279547,0.12632965525604112
m225,smape,0.12605082517447344,0.12420100757783115,0.13874983520942596,0.13342672729324148,0.22819894397080867
m226,smape,0.07796077845312349,0.08879231728032734,0.0982629994525324,0.0900056653462206,0.11668002903161918
m227,smape,0.06723269772133661,0.07411346583660929,0.06908563140407219,0.06451215218959748,0.05752419086456454
m228,smape,0.09300772387643436,0.09362610337513244,0.09069814283871912,0.10078833051194959,0.07268286076633294
m229,smape,0.14727780380280917,0.14476048056455054,0.14907521670138638,0.14140319583333985,0.16957245066647073
m23,smape,0.06025446959231804,0.0610719416253706,0.05896725725359055,0.06850336584806,0.055298505469700006
m230,smape,0.12340710128839133,0.12423165681043631,0.10175632912283401,0.10783558369804036,0.09717317433664156
m231,smape,0.05163973007570987,0.05867220270377002,0.053001534142925334,0.05302387850444864,0.04699856994426584
m232,smape,0.08995357942889358,0.125943540362798,0.11930473698492466,0.11813432807144726,0.1389372459502589
m233,smape,0.08853571955929622,0.09452932263022928,0.09162198454664162,0.08166695386926726,0.1058907446734819
m234,smape,0.15189752170182733,0.14029719682616654,0.12456601780860328,0.13533470532045908,0.11423465896600711
m235,smape,0.08625533513519244,0.08725385341458185,0.07844280428126955,0.07176793761485882,0.07552389145109635
m236,smape,0.03874478501264155,0.05032507919229382,0.04711381666471338,0.04557944930101788,0.07845440838464901
m237,smape,0.03981050759136304,0.051185286384880374,0.04447175756178304,0.044766307011469025,0.05445341702695434
m238,smape,0.04620418990707759,0.05037311989962443,0.04853922818604969,0.050770902471585916,0.06579035970093097
m239,smape,0.11919588622482495,0.10933411160916355,0.09773659926037999,0.11126357197293933,0.0915809328268717
m24,smape,0.059710462053969036,0.0661212277506999,0.0651361698521591,0.05762496392686225,0.05515434219144713
m240,smape,0.08351719236823989,0.08359948121733739,0.07480438256377138,0.07429378213781127,0.06423799136229713
m241,smape,0.030995670687942026,0.036981382084378595,0.03161175632931942,0.0335200419509302,0.04444744610240564
m242,smape,0.15257633365130363,0.1414842052078981,0.1431652368410442,0.12010030821367217,0.12627447605886682
m243,smape,0.11297999863215136,0.11110939224607959,0.09730179722355475,0.10977284376535418,0.17626949490445007
m244,smape,0.13073329672231304,0.12826261690840127,0.12044934309324444,0.12777527585455564,0.13576914859022843
m245,smape,0.16450082115402853,0.14880577526376146,0.1440251490692704,0.1633562583867932,0.20995557593269906
m246,smape,0.06670811083603616,0.06084431790253871,0.06854732595903906,0.053803168267194966,0.05701968224467404
m247,smape,0.10398286807649554,0.13051799566809008,0.11758463382094174,0.11145823066193848,0.13156270322072292
m248,smape,0.1348875660065254,0.12334521942891791,0.1225608164608919,0.1288241406719365,0.15969697716151418
m249,smape,0.14396402044740472,0.14074832090938252,0.1410789028160551,0.1464247717256296,0.15977699541220616
m25,smape,0.05526868984496806,0.056852809673053444,0.05357709759837525,0.05031255071985708,0.08474147995924575
m250,smape,0.15393826071039804,0.15862148302977286,0.16535650333524482,0.15778462027488058,0.20153664091798887
m251,smape,0.056469952466815194,0.06614135554561071,0.060400427001620294,0.06467029417540465,0.07353979041248937
m252,smape,0.10772763992676258,0.11829652997979455,0.12139605409993738,0.11650098992483514,0.15168424535542893
m253,smape,0.12198789191890862,0.11789882216724913,0.10799697370857746,0.1216255596599972,0.12308439700544992
m254,smape,0.2099014232763392,0.21707628591414405,0.21488851359600378,0.2258774326773565,0.3480596885352154
m255,smape,0.17034407187566558,0.18615559787084549,0.14745326088676317,0.15557764109926592,0.18605753912094866
m256,smape,0.07118681363528208,0.08093004413931547,0.07711166657814668,0.08645339988691747,0.08782885459566725
m257,smape,0.25206812419730135,0.2622258125292344,0.2796387045253871,0.27606384750146556,0.26160926897243236
m258,smape,0.22635639127230178,0.19329839015087635,0.18102531075741204,0.19442322867531517,0.16787990693443958
m259,smape,0.1318806746039585,0.128154340746452,0.13771349441427622,0.1336988020254994,0.13782318918132433
m26,smape,0.037692747211101586,0.04323508089637943,0.03970622915404729,0.046569119292585094,0.03800330631232326
m260,smape,0.15187933055951147,0.1397498900853333,0.17073924508641078,0.1811407566020339,0.10735898631167269
m261,smape,0.061628141797277554,0.061170045277598444,0.05730939441412471,0.05980828047465948,0.09764775031484657
m262,smape,0.1490494976466829,0.15709408446549664,0.14732379830951886,0.15217352419857896,0.21397759153524662
m263,smape,0.20116601627881336,0.2038960313209527,0.2109746498662959,0.22141904345637806,0.23416220960397569
m264,smape,0.05846527851088126,0.04529460546688115,0.056252029064898006,0.06587348697048757,0.052706686762490594
m265,smape,0.15462643751289595,0.1526986316262318,0.14456543153929002,0.15332498670533862,0.18264661627018305
m266,smape,0.13192212672869008,0.11876494723365934,0.12188008894670073,0.12540057521762293,0.14559263234714895
m267,smape,0.16840211197688185,0.16096984355520128,0.1552862115676979,0.14810759461299194,0.2733936754791001
m268,smape,0.1304835089882738,0.1293003784612664,0.1279525968288905,0.13375215784754435,0.18066866959095265
m269,smape,0.0600060548437192,0.06534059046924089,0.0701717928498866,0.07446178291332718,0.09732227545966055
m27,smape,0.05966366840260234,0.05815776593164477,0.06270326333302728,0.06703919461373525,0.06048755539254671
m270,smape,0.07642334937254887,0.08500190946779351,0.08172070849210573,0.0808168637942676,0.06232410387762657
m271,smape,0.05064118871864423,0.03985647500667135,0.04468262878711199,0.039242932244039415,0.0718774629691986
m272,smape,0.10013439262124248,0.09815030636035671,0.09203055239607162,0.09243961582367867,0.08239601509569736
m273,smape,0.10110866550404181,0.1036938325911484,0.09693698182885968,0.11692466535638207,0.12887380218759475
m274,smape,0.030850423738793705,0.03120395547136759,0.031521085552414084,0.0352101906150527,0.0445198924352626
m275,smape,0.027226921669640084,0.03652165893323404,0.0305871851326755,0.029397329875261665,0.029331790738634206
m276,smape,0.04077632841553982,0.038686340559003295,0.039359449585481286,0.04107360572497282,0.05638707199293717
m277,smape,0.09121741165329195,0.08168624394363415,0.07521763882719058,0.07155518151792438,0.06028448193599825
m278,smape,0.05989960350197083,0.05499703137226949,0.0550753549550174,0.051119241465030524,0.04584242958577219
m279,smape,0.020993207862907527,0.028118217590431562,0.02556200086824013,0.021926265561683807,0.025576895632575116
m28,smape,0.06411330531544918,0.05956816446510948,0.06355533556501967,0.056642829259399,0.07748813356155433
m280,smape,0.09685054380633606,0.09693919088179787,0.07410398517864338,0.08702992136349597,0.03052941936243868
m281,smape,0.04589219633790385,0.044740485993251304,0.04485746591088194,0.0443981441666663,0.03257500601773118
m282,smape,0.07690166506536619,0.0803483172172582,0.07287645294048062,0.07608311473081397,0.0807870634835976
m283,smape,0.11498987510870369,0.11424019604224263,0.11710995308677359,0.11221061543127242,0.10792698748196332
m284,smape,0.05115388152831976,0.054993023387575675,0.03782197247126224,0.04922571622597144,0.024164743954821058
m285,smape,0.05304868985467328,0.05332510137622889,0.049202363742972904,0.04002881148259279,0.07589746202297917
m286,smape,0.20196424301553248,0.17187689704589926,0.14259166169080198,0.1672278194482577,0.1513312090050107
m287,smape,0.14095080997108095,0.13137955832853127,0.1311487174210029,0.1377456755995982,0.12768379343421932
m288,smape,0.13459608713962665,0.12733160605812907,0.11978218724954033,0.1441801108006264,0.1518480496783455
m289,smape,0.05136449681939933,0.05336423755317024,0.03434339936202293,0.034891469999274255,0.03179271902632257
m29,smape,0.03524891910110469,0.03538135418438346,0.037001063627726975,0.04068018463414603,0.08037553756425549
m290,smape,0.11634937742793776,0.13365236162474206,0.12309191110389854,0.12232564203753465,0.07634914418784533
m291,smape,0.1316208747875441,0.14224928106955168,0.13178188588629358,0.12256666944811571,0.1578386503656735
m292,smape,0.07916970418719473,0.09245071041403591,0.08346590059710045,0.08351548893161974,0.04330077992937181
m293,smape,0.090030998960438,0.08550744513266802,0.0656019810209769,0.08099136507568243,0.03572271198119547
m294,smape,0.04935719865683947,0.048266900925490304,0.046588705117837276,0.044738399649377585,0.03172889409016202
m295,smape,0.06849862879850928,0.07033921183545332,0.06364556240522988,0.06536762298860438,0.07773306344054659
m296,smape,0.10817197812570423,0.11291812315190312,0.10543781477828906,0.1049483885565707,0.09609331854411361
m297,smape,0.04782269306227683,0.05145946226218178,0.034036177711517485,0.04578346917015282,0.024196378566928592
m298,smape,0.04786560260072096,0.06651110453144154,0.05097211008088496,0.058033825621465224,0.027534843149900026
m299,smape,0.13424564789570376,0.13475668369791546,0.12147907178082373,0.12185188754018689,0.1555091921434839
m3,smape,0.01897194427515943,0.025106785640300444,0.015142964583178903,0.014127158481980621,0.013001941220432899
m30,smape,0.02176098553404629,0.019444197174184098,0.013720723281300326,0.02106900390685247,0.018799277141819018
m300,smape,0.11860264101851281,0.10297194407357751,0.10520335206792103,0.10435926658301468,0.15884256236374075
m301,smape,0.11754438751217489,0.11217399703037922,0.12257528941994822,0.1318815389135007,0.15582252401474705
m302,smape,0.04736257066597635,0.05903069002682388,0.03869715904505773,0.04940424977806509,0.024031384621817902
m303,smape,0.0744408731979587,0.11236007705653832,0.06326061220009076,0.08108474327965233,0.07114274263016275
m304,smape,0.15401744051858307,0.16155272770423215,0.13265762103170403,0.12754820575153758,0.16326896639117983
m305,smape,0.05905149185750886,0.08142449048356702,0.042990774453318954,0.04568691128195288,0.02231562192117478
m306,smape,0.08218416439317795,0.07893446582771103,0.0730561553285436,0.07570664420607782,0.0654466125527956
m307,smape,0.1648204694278299,0.1572470654186226,0.16155816814852234,0.15308475352962553,0.1619940841718838
m308,smape,0.17126360130946694,0.1770535110934898,0.18474159186470754,0.18243764816723332,0.24369731224125768
m309,smape,0.032584399290258546,0.04208129112693345,0.026742462787679114,0.037739363259989965,0.032817691875928215
m31,smape,0.03288495645913724,0.03735915531461202,0.03200216154550082,0.03199204495103026,0.03116230272909345
m310,smape,0.04484901264870401,0.040878454453388585,0.03395554832012615,0.03813899958061326,0.07739101354737575
m311,smape,0.08423714065062049,0.07242809588055005,0.09341266192727343,0.10239826171217703,0.11327853528763972
m312,smape,0.16787424467541445,0.16046080462067236,0.17015540054444397,0.17766048346054295,0.20106186860186617
m313,smape,0.13850343922329167,0.14111485759701467,0.13892107352910668,0.13786182374398426,0.12717038039045123
m314,smape,0.03918413634550932,0.028585089546847384,0.03599405906117708,0.04021484480699957,0.05310698500067083
m315,smape,0.14156722634760818,0.12876895143922742,0.12521540941960427,0.1339344714268686,0.14786626706944836
m316,smape,0.14108634317359806,0.1373951988435095,0.14187361136950002,0.13646736361292294,0.19505710298192627
m317,smape,0.34523674284655054,0.3346182904223675,0.29239751001714126,0.2981476637733936,0.33313411675975124
m318,smape,0.12706905912104896,0.12748955051342895,0.13082372648832585,0.1191798015443863,0.20147157405737245
m319,smape,0.06084718005452935,0.06867196052561164,0.05001427295696468,0.05978794452875182,0.07815659630293516
m32,smape,0.037474926814958905,0.04191255707625537,0.031453184065507823,0.037719149581575045,0.03453263225712865
m320,smape,0.03964511275822308,0.05643744921217675,0.03853086145639561,0.03488158050360625,0.03547575152189745
m321,smape,0.04122865855933665,0.03098324432081895,0.04702126380087676,0.04698234701771345,0.05845993793044071
m322,smape,0.1089325750900621,0.09908081460884981,0.10447154742560914,0.10628939450137814,0.11839995666033915
m323,smape,0.10095035176792709,0.10304729164890837,0.09829953096428616,0.10356471782749427,0.0966343589643856
m324,smape,0.028395196936368813,0.031178691987765943,0.02320901150981459,0.037149326549522584,0.030091402166660994
m325,smape,0.055330603822689776,0.05690809292211207,0.0421485863163245,0.05261169449541689,0.028377064272367126
m326,smape,0.04186558306979347,0.04127894555370191,0.04143005723101594,0.0392462272296927,0.0314094770602023
m327,smape,0.06713046731703391,0.06248195777635651,0.06014587291504584,0.0666904580825486,0.07537232611348617
m328,smape,0.07112624198256173,0.07766142630580698,0.06815691870520477,0.06900536811540393,0.0694248465436832
m329,smape,0.028711562210035384,0.03249319232023974,0.02061865410506444,0.027608828426181783,0.02325806138018474
m33,smape,0.023443889211359727,0.030463009131930518,0.029580364693032327,0.023384107064885053,0.02663925652680015
m330,smape,0.11075355023525359,0.10763871012726049,0.10187671171123493,0.1101611941485221,0.1345038047628562
m331,smape,0.07629178773576051,0.07020562219342676,0.08566595527534158,0.07797397563568319,0.1048496812948523
m332,smape,0.2209891202223956,0.217751078887942,0.21927414559797195,0.2192810063932682,0.2815057748855925
m333,smape,0.2277120262068345,0.2316472173057725,0.2334603903313424,0.22828393777300124,0.22909256728247754
m334,smape,0.03512168658251334,0.04359854675989667,0.04840040712469746,0.04487946704459623,0.06723144289882223
m335,smape,0.0656039791035355,0.06681132302466493,0.06050454206187301,0.06482839173387736,0.06205677195855064
m336,smape,0.03234572989186361,0.0346139527458837,0.03406588947239662,0.030196957651929965,0.05097880107034269
m337,smape,0.1799444397149426,0.17632940147838252,0.17631052929344562,0.17793158848262028,0.1818128991368261
m338,smape,0.04012723510779504,0.04794036693992443,0.03566872972923677,0.03746275680694175,0.05415437264519554
m339,smape,0.03572690390117087,0.03320967174746657,0.02672706669803245,0.026406833840773195,0.02436296703279763
m34,smape,0.020051060646219174,0.023656672314489074,0.018797571669229223,0.018922823240384832,0.029664596517148548
m340,smape,0.0570550415860962,0.058901568659988406,0.05388971166787673,0.06383770524973358,0.045683470270131706
m341,smape,0.04093453313452452,0.044774197252584504,0.04542884874287225,0.04307160009848668,0.0752417558884589
m342,smape,0.12619318720530553,0.11880378616757802,0.12274007597176718,0.1225907749057405,0.14523413648888506
m343,smape,0.0964434418416575,0.10266073607556007,0.09472273930250623,0.09768582548200927,0.12761260671825256
m344,smape,0.040819523803178444,0.04163158184841583,0.04251338551290341,0.044185806853706426,0.0662138770925655
m345,smape,0.044839108990031934,0.04950023018269375,0.037879435952724604,0.039452135225982315,0.04069819407025817
m346,smape,0.02620864832980585,0.03005042531717417,0.031225091095880713,0.02726291863088426,0.05324836677932262
m347,smape,0.09948537420889986,0.09586005913776972,0.09404990294087111,0.09457861387950628,0.11289210396833692
m348,smape,0.058542739219284955,0.07554954648391682,0.06455244146377599,0.06506979777798737,0.08313667516518586
m349,smape,0.017906092478142847,0.019765959468829284,0.01931905703171063,0.019988109379069512,0.033260415801182414
m35,smape,0.026785841339394087,0.030480244703665536,0.0362146220430292,0.032288427078733105,0.05352204857777553
m350,smape,0.014434091738611139,0.02118824107996394,0.024808277187650662,0.018805353963479713,0.022974768276573146
m351,smape,0.02792805920224409,0.025075582662329485,0.018811098890454552,0.018670026150860358,0.02543395185005091
m352,smape,0.020032802979762235,0.024724040282032306,0.01980004090111534,0.020277253481778685,0.02227645468444261
m353,smape,0.029028062055649447,0.03044275592158009,0.02970148056882987,0.027870205180227828,0.035517964616321486
m354,smape,0.009652799109366256,0.008946791954539422,0.012175178750770116,0.009496002828357605,0.020125325622981322
m355,smape,0.0794737401026407,0.08184436568568333,0.18926274379868446,0.12837233904881967,0.11111172623904493
m356,smape,0.10861290341761166,0.07891348473613351,0.062056593030138774,0.08445228178503524,0.09082130099403692
m357,smape,0.06909428069122024,0.07222659660398706,0.12454203423243303,0.14081189271476244,0.04730127823145707
m358,smape,0.06703393675129321,0.07449440092883468,0.085883616532481,0.0827069040377816,0.11199636808054499
m359,smape,0.10480073472304734,0.11148773172013197,0.0812511102315348,0.105030894417783,0.11252522629305567
m36,smape,0.012865294176436164,0.011113672821693716,0.01358113644422877,0.014202319337560528,0.02190452878034139
m360,smape,0.3192529504185812,0.3473681915605822,0.2892318425308246,0.2943220938675834,0.21868565808259363
m361,smape,0.0897095113871985,0.09269519635857772,0.12167889670789274,0.11244808005934503,0.10106831329454162
m362,smape,0.26545690782846054,0.31249865248544256,0.23191957693595544,0.2684531611459393,0.12532354984405572
m363,smape,0.2752335930498383,0.3220556869634586,0.34086100857726137,0.3319456378493653,0.17785060166612435
m364,smape,0.14211460141744817,0.14707673824090658,0.14478817127949184,0.14898306153344787,0.13257600532214084
m365,smape,0.07192474946243547,0.06971143781503508,0.06772317106662762,0.0644570755741492,0.06149526874241105
m366,smape,0.11561820003782246,0.1167057640172197,0.12781303364844618,0.11618449614247935,0.16000297301102265
m37,smape,0.04661047360557988,0.04580626055415803,0.044105975199446534,0.04597276398670513,0.052456794402125785
m38,smape,0.06718690258727647,0.07078320953785626,0.07563910450409261,0.08105130053406397,0.06850643941503214
m39,smape,0.10007014166356738,0.10447326443017653,0.10948651450200518,0.10150325953689719,0.12492186900475039
m4,smape,0.026800391700883452,0.030815257649270903,0.031187722823500342,0.02934127966642371,0.04133610370006178
m40,smape,0.06972907828873924,0.060194873133417086,0.07116757955889501,0.06353358853377923,0.11072614267443714
m41,smape,0.10331577571307725,0.10815208341925003,0.10599060024580198,0.1002348283657286,0.10708277548983479
m42,smape,0.1306993234277288,0.13521499127795997,0.12139906891744134,0.11675530244704062,0.10155272371522377
m43,smape,0.06889220608625025,0.07326016364693749,0.0690739138570462,0.06782895003562317,0.106508167128101
m44,smape,0.07887334841833717,0.08368619398092059,0.0767868339934073,0.08856054272779969,0.08666219915226643
m45,smape,0.07365534402106484,0.07075556451379095,0.07121948093604097,0.07318290544728394,0.06613988441038025
m46,smape,0.08168079481280667,0.08269207697135723,0.08229425813631687,0.08152753593488356,0.1087566077016248
m47,smape,0.042772518535799615,0.033664795892462074,0.034284226822662696,0.04070833813997655,0.048746067420109784
m48,smape,0.059952376840217314,0.06265649418740706,0.04926327355124027,0.057368341747657085,0.04185996818176555
m49,smape,0.05160353680564175,0.06062331611995677,0.061407378262359286,0.0593264799118245,0.04099441375271265
m5,smape,0.028727139263102303,0.02343864010067913,0.024196298332605125,0.02739296997784954,0.03625671523338092
m50,smape,0.05293279875979825,0.05747204813319761,0.04225002104549221,0.04896570260930813,0.04624849691149909
m51,smape,0.0299055252907981,0.033076504164181314,0.03391687305657074,0.02873217384518205,0.03779886793322768
m52,smape,0.02350997226207206,0.025123946556250557,0.019512755409789823,0.019661708232586016,0.025607972162818928
m53,smape,0.036680061153106076,0.03310596220763779,0.03690547904359239,0.035706397503264715,0.04856794665866863
m54,smape,0.023287114364418812,0.02073958352296186,0.020103270210857695,0.020649983867751805,0.028384131001594856
m55,smape,0.027116107862868916,0.028402583962075997,0.02472156801666804,0.02996531706230095,0.028424494142281088
m56,smape,0.04388380616782497,0.04604601289764674,0.05058318923712738,0.044507050629224255,0.049514686470826325
m57,smape,0.06505984889761086,0.06425368487805953,0.06093111860062656,0.0631705376978541,0.06870544202227903
m58,smape,0.056398787768129545,0.044211556649420634,0.05268828629591734,0.05101746704770654,0.07048206249916959
m59,smape,0.054698248970585034,0.053395507371868565,0.05134837847393422,0.05365365915946921,0.06005427534854082
m6,smape,0.02860080416911816,0.030074552008547903,0.03262281467540547,0.0333220175818299,0.052008197581300986
m60,smape,0.08644906436753169,0.0837937854131962,0.09063083702717557,0.07875251928393168,0.07978784400079629
m61,smape,0.0735791694772216,0.07480744365623444,0.07923697469105541,0.07652700752541995,0.09701934438497345
m62,smape,0.07160020448649973,0.05533969588851092,0.0660949975076995,0.06967698399512146,0.0869300214002957
m63,smape,0.04235235954342421,0.029434724373819495,0.04625991003232125,0.038999581392922256,0.07128453323645396
m64,smape,0.062448404715493844,0.0861655853830035,0.07812898729554578,0.0774486105589323,0.12441733224506596
m65,smape,0.04645838390976561,0.05566157454107542,0.06286008175003065,0.0533763301228449,0.11067949914307547
m66,smape,0.026363781115607606,0.029690305480420242,0.022423466829884175,0.025313059929414752,0.032418416361703443
m67,smape,0.05640404859121273,0.055062691988821494,0.047176333425147314,0.048585084263769646,0.05471478889514709
m68,smape,0.036053730549745595,0.041388473816629835,0.03253059922195515,0.03856421759075542,0.035028366782685234
m69,smape,0.05031901561710863,0.046364589479757856,0.044867850890334404,0.0432729734246327,0.04967535404826373
m7,smape,0.04365914509954141,0.04081842689615315,0.028797004571182203,0.030068746659644378,0.030019107257668157
m70,smape,0.03600150692447436,0.03524351895340894,0.033256883423071655,0.03178297699681318,0.041416599933599044
m71,smape,0.026542548690385318,0.026455159726125253,0.03376847195991121,0.032656962566941256,0.061478964628989365
m72,smape,0.01169894911180734,0.00877466618632962,0.009642145208931719,0.01250094955787836,0.02837979369857994
m73,smape,0.02348591065866708,0.021862945551402845,0.02270256888197569,0.01801975679971481,0.017155566007564228
m74,smape,0.03631170648512011,0.039411819465721414,0.038197538413210975,0.03515737254011736,0.0708553594988849
m75,smape,0.05104254789377232,0.04593128426694456,0.06038700452263773,0.04757528144369174,0.08120057375628538
m76,smape,0.05025855157261098,0.05674007637753505,0.05564251249475693,0.050198866489871125,0.07417147986676885
m77,smape,0.08285031192127941,0.07549504398397942,0.08186132923397028,0.08166990758036254,0.08932335438827275
m78,smape,0.09710920001153332,0.09226090516432413,0.10562025889686778,0.1034015798884338,0.11663820117856327
m79,smape,0.07032610408832578,0.07429737023884277,0.07562636302851618,0.07476045540464389,0.11529899659226457
m8,smape,0.03151851225106137,0.03133376362548617,0.03537151042101456,0.03234740965259202,0.05149099383036008
m80,smape,0.05604416064748996,0.05686161797226139,0.06740326444234876,0.06578330880208058,0.059788951595486674
m81,smape,0.07144761118146269,0.07077103396089082,0.06830965285228006,0.07120828049175922,0.09150053479506144
m82,smape,0.09761892235388336,0.09805358102107488,0.09267112674743534,0.08916353529190245,0.11209742422744627
m83,smape,0.05707999714943732,0.06552653106404728,0.07568237151912392,0.06563570721261967,0.08092717191310524
m84,smape,0.046347887556311314,0.049940622493324004,0.054871349337796645,0.05310387883567039,0.07098258593607415
m85,smape,0.0884161208695803,0.08535125337492107,0.08630314786547343,0.08508160543814304,0.11518414484250572
m86,smape,0.0456216185818075,0.04802613288680224,0.04875056808441535,0.050352964555445884,0.0455500500007209
m87,smape,0.058733836639968444,0.059403834297832185,0.061649045201534185,0.05961819618753767,0.0624971155394449
m88,smape,0.06551094028975184,0.059128232634633925,0.062017495685756104,0.06213147491292357,0.06500228963135898
m89,smape,0.04565890744989131,0.041822846048517576,0.05355489587812784,0.04954282334965262,0.06518523228663088
m9,smape,0.03881191486523006,0.04303334287656127,0.04491638981096618,0.04133468704366919,0.0631591486061205
m90,smape,0.029092809182941937,0.028718552109272762,0.03393366275138326,0.03471734058004435,0.044644804834371825
m91,smape,0.03255978469896335,0.03460277550770935,0.0352371071972437,0.034398865732659135,0.03816379844608899
m92,smape,0.07231273477151094,0.08502328004352527,0.08423370253534773,0.07878886657180939,0.06094614944301598
m93,smape,0.07265351210117711,0.06933744298984774,0.06977346168279513,0.09045123045683136,0.08173692249735931
m94,smape,0.048963335875871546,0.05198395655233983,0.050578248895103615,0.046629296764709456,0.0832423856459739
m95,smape,0.08738090717952086,0.09860276131066947,0.10114256228027317,0.08973050493051328,0.11514278996830925
m96,smape,0.06393087171126119,0.058678881142617066,0.056254865557304835,0.06646348478043827,0.06160551588848734
m97,smape,0.06855343099650743,0.08822600874802326,0.06297801185267984,0.07083609218916219,0.06987340550921509
m98,smape,0.0944811574818809,0.08644602227459021,0.07599507077650595,0.09535224412323706,0.07589149413246045
m99,smape,0.03212872171505889,0.04021991649210724,0.04615648335789931,0.03957611595468651,0.07257048447554067
